,start,end,path,graph,sign,time
0,ACE2,CDC20,"['ACE2', 'SWI5', 'CDC20']",grn,act,16.456993476699967
1,ACE2,CLB1,"['ACE2', 'NRM1', 'HCM1', 'FKH2', 'CLB1']",grn,rep,24.13380251147674
2,ACE2,CLB1,"['ACE2', 'SWI5', 'CLB1']",grn,act,15.426362129447147
3,ACE2,CLB3,"['ACE2', 'NRM1', 'HCM1', 'CLB3']",grn,act,21.751734448708234
4,ACE2,CLB4,"['ACE2', 'NRM1', 'HCM1', 'CLB4']",grn,act,22.403503216378752
5,ACE2,CLB5,"['ACE2', 'NRM1', 'HCM1', 'CLB5']",grn,rep,9.928962220266603
6,ACE2,CLB5,"['ACE2', 'SWI5', 'CLB5']",grn,rep,16.929570373828604
7,ACE2,CLB5,"['ACE2', 'CLN3', 'STB1', 'SWI4', 'CLB5']",ref,act,
8,ACE2,CLB5,"['ACE2', 'CLN3', 'STB1', 'SWI6', 'CLB5']",ref,act,
9,ACE2,CLB5,"['ACE2', 'CLN3', 'STB1', 'MBP1', 'CLB5']",ref,act,
10,ACE2,CLB6,"['ACE2', 'CLB6']",grn,rep,17.359612368263523
11,ACE2,CLB6,"['ACE2', 'NRM1', 'CLB6']",grn,act,12.178105659187471
12,ACE2,CLB6,"['ACE2', 'NRM1', 'HCM1', 'FKH2', 'CLB6']",grn,rep,39.09187387101251
13,ACE2,CLB6,"['ACE2', 'CLN3', 'STB1', 'SWI4', 'CLB6']",ref,act,
14,ACE2,CLB6,"['ACE2', 'CLN3', 'STB1', 'SWI6', 'CLB6']",ref,act,
15,ACE2,CLB6,"['ACE2', 'CLN3', 'STB1', 'MBP1', 'CLB6']",ref,act,
16,ACE2,CLN1,"['ACE2', 'CLN3', 'STB1', 'SWI4', 'CLN1']",ref,act,
17,ACE2,CLN1,"['ACE2', 'CLN3', 'STB1', 'SWI6', 'CLN1']",ref,act,
18,ACE2,CLN1,"['ACE2', 'CLN3', 'STB1', 'MBP1', 'CLN1']",ref,rep,
19,ACE2,CLN1,"['ACE2', 'CLN3', 'STB1', 'MBP1', 'CLN1']",ref,act,
20,ACE2,CLN2,"['ACE2', 'NRM1', 'HCM1', 'CLN2']",grn,rep,9.833656292655462
21,ACE2,CLN2,"['ACE2', 'CLN3', 'STB1', 'SWI4', 'CLN2']",ref,act,
22,ACE2,CLN2,"['ACE2', 'CLN3', 'STB1', 'SWI6', 'CLN2']",ref,act,
23,ACE2,CLN2,"['ACE2', 'CLN3', 'STB1', 'MBP1', 'CLN2']",ref,act,
24,ACE2,CLN3,"['ACE2', 'NRM1', 'HCM1', 'FKH2', 'CLN3']",grn,rep,29.115504578941245
25,ACE2,CLN3,"['ACE2', 'CLN3']",ref,act,
26,ACE2,FKH1,"['ACE2', 'NRM1', 'HCM1', 'FKH1']",grn,act,24.196829827230566
27,ACE2,FKH1,"['ACE2', 'SWI5', 'FKH1']",grn,rep,5.825762721414608
28,ACE2,FKH2,"['ACE2', 'NRM1', 'HCM1', 'FKH2']",grn,act,24.133802504604873
29,ACE2,HCM1,"['ACE2', 'NRM1', 'HCM1']",grn,act,9.743996222421755
30,ACE2,HCM1,"['ACE2', 'CLN3', 'STB1', 'SWI4', 'HCM1']",ref,act,
31,ACE2,HCM1,"['ACE2', 'CLN3', 'STB1', 'SWI6', 'HCM1']",ref,act,
32,ACE2,HCM1,"['ACE2', 'CLN3', 'STB1', 'MBP1', 'HCM1']",ref,act,
33,ACE2,MBP1,"['ACE2', 'CLN3', 'STB1', 'MBP1']",ref,act,
34,ACE2,NDD1,"['ACE2', 'NDD1']",grn,rep,18.08703346887457
35,ACE2,NDD1,"['ACE2', 'NRM1', 'NDD1']",grn,act,3.823776016298346
36,ACE2,NRM1,"['ACE2', 'NRM1']",grn,rep,0.04130119308286168
37,ACE2,NRM1,"['ACE2', 'CLN3', 'STB1', 'SWI4', 'NRM1']",ref,act,
38,ACE2,NRM1,"['ACE2', 'CLN3', 'STB1', 'MBP1', 'NRM1']",ref,act,
39,ACE2,PLM2,"['ACE2', 'PLM2']",grn,rep,0.0018587687283225323
40,ACE2,PLM2,"['ACE2', 'CLN3', 'STB1', 'SWI4', 'PLM2']",ref,act,
41,ACE2,PLM2,"['ACE2', 'CLN3', 'STB1', 'SWI6', 'PLM2']",ref,act,
42,ACE2,PLM2,"['ACE2', 'CLN3', 'STB1', 'MBP1', 'PLM2']",ref,rep,
43,ACE2,PLM2,"['ACE2', 'CLN3', 'STB1', 'MBP1', 'PLM2']",ref,act,
44,ACE2,STB1,"['ACE2', 'CLN3', 'STB1']",ref,rep,
45,ACE2,SWI4,"['ACE2', 'SWI4']",grn,rep,15.084576810693514
46,ACE2,SWI4,"['ACE2', 'CLN3', 'STB1', 'SWI4']",ref,act,
47,ACE2,SWI5,"['ACE2', 'SWI5']",grn,rep,0.20880314274449774
48,ACE2,SWI6,"['ACE2', 'CLN3', 'STB1', 'SWI6']",ref,act,
49,ACE2,TOS4,"['ACE2', 'CLN3', 'STB1', 'SWI4', 'TOS4']",ref,act,
50,ACE2,TOS4,"['ACE2', 'CLN3', 'STB1', 'MBP1', 'TOS4']",ref,act,
51,ACE2,WHI5,"['ACE2', 'CLN3', 'WHI5']",ref,rep,
52,ACE2,YHP1,"['ACE2', 'CLN3', 'STB1', 'SWI4', 'YHP1']",ref,act,
53,ACE2,YHP1,"['ACE2', 'CLN3', 'STB1', 'MBP1', 'YHP1']",ref,act,
54,ACE2,YOX1,"['ACE2', 'CLN3', 'STB1', 'SWI4', 'YOX1']",ref,act,
55,ACE2,YOX1,"['ACE2', 'CLN3', 'STB1', 'MBP1', 'YOX1']",ref,act,
56,CDC20,ACE2,"['CDC20', 'ACE2']",ref,act,
57,CDC20,SWI5,"['CDC20', 'SWI5']",ref,act,
58,CDH1,ACE2,"['CDH1', 'ACE2']",ref,act,
59,CDH1,ACE2,"['CDH1', 'NDD1', 'ACE2']",ref,rep,
60,CDH1,ACE2,"['CDH1', 'NDD1', 'CDC20', 'ACE2']",ref,rep,
61,CDH1,ACE2,"['CDH1', 'MCM1', 'ACE2']",ref,rep,
62,CDH1,ACE2,"['CDH1', 'MCM1', 'CDC20', 'ACE2']",ref,rep,
63,CDH1,CDC20,"['CDH1', 'NDD1', 'CDC20']",ref,rep,
64,CDH1,CDC20,"['CDH1', 'MCM1', 'CDC20']",ref,rep,
65,CDH1,CLB2,"['CDH1', 'NDD1', 'CLB2']",ref,rep,
66,CDH1,CLB2,"['CDH1', 'MCM1', 'CLB2']",ref,rep,
67,CDH1,CLB5,"['CDH1', 'YHP1', 'SWI4', 'CLB5']",ref,act,
68,CDH1,CLB5,"['CDH1', 'YHP1', 'SWI6', 'CLB5']",ref,act,
69,CDH1,CLB5,"['CDH1', 'YHP1', 'MBP1', 'CLB5']",ref,act,
70,CDH1,CLB6,"['CDH1', 'YHP1', 'SWI4', 'CLB6']",ref,act,
71,CDH1,CLB6,"['CDH1', 'YHP1', 'SWI6', 'CLB6']",ref,act,
72,CDH1,CLB6,"['CDH1', 'YHP1', 'MBP1', 'CLB6']",ref,act,
73,CDH1,CLN1,"['CDH1', 'YHP1', 'SWI4', 'CLN1']",ref,act,
74,CDH1,CLN1,"['CDH1', 'YHP1', 'SWI6', 'CLN1']",ref,act,
75,CDH1,CLN1,"['CDH1', 'YHP1', 'MBP1', 'CLN1']",ref,rep,
76,CDH1,CLN1,"['CDH1', 'YHP1', 'MBP1', 'CLN1']",ref,act,
77,CDH1,CLN2,"['CDH1', 'YHP1', 'SWI4', 'CLN2']",ref,act,
78,CDH1,CLN2,"['CDH1', 'YHP1', 'SWI6', 'CLN2']",ref,act,
79,CDH1,CLN2,"['CDH1', 'YHP1', 'MBP1', 'CLN2']",ref,act,
80,CDH1,FKH1,"['CDH1', 'FKH1']",ref,rep,
81,CDH1,FKH1,"['CDH1', 'YHP1', 'SWI4', 'HCM1', 'FKH1']",ref,act,
82,CDH1,FKH1,"['CDH1', 'YHP1', 'SWI4', 'PLM2', 'FKH1']",ref,act,
83,CDH1,FKH1,"['CDH1', 'YHP1', 'SWI4', 'TOS4', 'FKH1']",ref,act,
84,CDH1,FKH1,"['CDH1', 'YHP1', 'SWI6', 'HCM1', 'FKH1']",ref,act,
85,CDH1,FKH1,"['CDH1', 'YHP1', 'SWI6', 'PLM2', 'FKH1']",ref,act,
86,CDH1,FKH1,"['CDH1', 'YHP1', 'MBP1', 'PLM2', 'FKH1']",ref,rep,
87,CDH1,FKH1,"['CDH1', 'YHP1', 'MBP1', 'HCM1', 'FKH1']",ref,act,
88,CDH1,FKH1,"['CDH1', 'YHP1', 'MBP1', 'PLM2', 'FKH1']",ref,act,
89,CDH1,FKH1,"['CDH1', 'YHP1', 'MBP1', 'TOS4', 'FKH1']",ref,act,
90,CDH1,FKH2,"['CDH1', 'FKH2']",ref,rep,
91,CDH1,FKH2,"['CDH1', 'YHP1', 'SWI4', 'HCM1', 'FKH2']",ref,act,
92,CDH1,FKH2,"['CDH1', 'YHP1', 'SWI4', 'PLM2', 'FKH2']",ref,act,
93,CDH1,FKH2,"['CDH1', 'YHP1', 'SWI4', 'TOS4', 'FKH2']",ref,act,
94,CDH1,FKH2,"['CDH1', 'YHP1', 'SWI6', 'HCM1', 'FKH2']",ref,act,
95,CDH1,FKH2,"['CDH1', 'YHP1', 'SWI6', 'PLM2', 'FKH2']",ref,act,
96,CDH1,FKH2,"['CDH1', 'YHP1', 'MBP1', 'PLM2', 'FKH2']",ref,rep,
97,CDH1,FKH2,"['CDH1', 'YHP1', 'MBP1', 'HCM1', 'FKH2']",ref,act,
98,CDH1,FKH2,"['CDH1', 'YHP1', 'MBP1', 'PLM2', 'FKH2']",ref,act,
99,CDH1,FKH2,"['CDH1', 'YHP1', 'MBP1', 'TOS4', 'FKH2']",ref,act,
100,CDH1,HCM1,"['CDH1', 'YHP1', 'SWI4', 'HCM1']",ref,act,
101,CDH1,HCM1,"['CDH1', 'YHP1', 'SWI6', 'HCM1']",ref,act,
102,CDH1,HCM1,"['CDH1', 'YHP1', 'MBP1', 'HCM1']",ref,act,
103,CDH1,MBP1,"['CDH1', 'YHP1', 'MBP1']",ref,act,
104,CDH1,MCM1,"['CDH1', 'MCM1']",ref,rep,
105,CDH1,MCM1,"['CDH1', 'YHP1', 'SWI4', 'PLM2', 'MCM1']",ref,act,
106,CDH1,MCM1,"['CDH1', 'YHP1', 'SWI4', 'TOS4', 'MCM1']",ref,act,
107,CDH1,MCM1,"['CDH1', 'YHP1', 'SWI6', 'PLM2', 'MCM1']",ref,act,
108,CDH1,MCM1,"['CDH1', 'YHP1', 'MBP1', 'PLM2', 'MCM1']",ref,rep,
109,CDH1,MCM1,"['CDH1', 'YHP1', 'MBP1', 'PLM2', 'MCM1']",ref,act,
110,CDH1,MCM1,"['CDH1', 'YHP1', 'MBP1', 'TOS4', 'MCM1']",ref,act,
111,CDH1,NDD1,"['CDH1', 'NDD1']",ref,rep,
112,CDH1,NDD1,"['CDH1', 'YHP1', 'SWI4', 'PLM2', 'NDD1']",ref,act,
113,CDH1,NDD1,"['CDH1', 'YHP1', 'SWI4', 'TOS4', 'NDD1']",ref,act,
114,CDH1,NDD1,"['CDH1', 'YHP1', 'SWI6', 'PLM2', 'NDD1']",ref,act,
115,CDH1,NDD1,"['CDH1', 'YHP1', 'MBP1', 'PLM2', 'NDD1']",ref,rep,
116,CDH1,NDD1,"['CDH1', 'YHP1', 'MBP1', 'PLM2', 'NDD1']",ref,act,
117,CDH1,NDD1,"['CDH1', 'YHP1', 'MBP1', 'TOS4', 'NDD1']",ref,act,
118,CDH1,NRM1,"['CDH1', 'NRM1']",ref,rep,
119,CDH1,PLM2,"['CDH1', 'YHP1', 'SWI4', 'PLM2']",ref,act,
120,CDH1,PLM2,"['CDH1', 'YHP1', 'SWI6', 'PLM2']",ref,act,
121,CDH1,PLM2,"['CDH1', 'YHP1', 'MBP1', 'PLM2']",ref,rep,
122,CDH1,PLM2,"['CDH1', 'YHP1', 'MBP1', 'PLM2']",ref,act,
123,CDH1,STB1,"['CDH1', 'YHP1', 'SWI4', 'CLN1', 'STB1']",ref,rep,
124,CDH1,STB1,"['CDH1', 'YHP1', 'SWI4', 'CLN2', 'STB1']",ref,rep,
125,CDH1,STB1,"['CDH1', 'YHP1', 'SWI6', 'CLN1', 'STB1']",ref,rep,
126,CDH1,STB1,"['CDH1', 'YHP1', 'SWI6', 'CLN2', 'STB1']",ref,rep,
127,CDH1,STB1,"['CDH1', 'YHP1', 'MBP1', 'CLN1', 'STB1']",ref,act,
128,CDH1,STB1,"['CDH1', 'YHP1', 'MBP1', 'CLN1', 'STB1']",ref,rep,
129,CDH1,STB1,"['CDH1', 'YHP1', 'MBP1', 'CLN2', 'STB1']",ref,rep,
130,CDH1,SWI4,"['CDH1', 'YHP1', 'SWI4']",ref,act,
131,CDH1,SWI5,"['CDH1', 'SWI5']",ref,act,
132,CDH1,SWI5,"['CDH1', 'NDD1', 'SWI5']",ref,rep,
133,CDH1,SWI5,"['CDH1', 'NDD1', 'CDC20', 'SWI5']",ref,rep,
134,CDH1,SWI5,"['CDH1', 'MCM1', 'SWI5']",ref,rep,
135,CDH1,SWI5,"['CDH1', 'MCM1', 'CDC20', 'SWI5']",ref,rep,
136,CDH1,SWI6,"['CDH1', 'YHP1', 'SWI6']",ref,act,
137,CDH1,TOS4,"['CDH1', 'YHP1', 'SWI4', 'TOS4']",ref,act,
138,CDH1,TOS4,"['CDH1', 'YHP1', 'MBP1', 'TOS4']",ref,act,
139,CDH1,WHI5,"['CDH1', 'YHP1', 'SWI4', 'CLN1', 'WHI5']",ref,rep,
140,CDH1,WHI5,"['CDH1', 'YHP1', 'SWI4', 'CLN2', 'WHI5']",ref,rep,
141,CDH1,WHI5,"['CDH1', 'YHP1', 'SWI6', 'CLN1', 'WHI5']",ref,rep,
142,CDH1,WHI5,"['CDH1', 'YHP1', 'SWI6', 'CLN2', 'WHI5']",ref,rep,
143,CDH1,WHI5,"['CDH1', 'YHP1', 'MBP1', 'CLN1', 'WHI5']",ref,act,
144,CDH1,WHI5,"['CDH1', 'YHP1', 'MBP1', 'CLN1', 'WHI5']",ref,rep,
145,CDH1,WHI5,"['CDH1', 'YHP1', 'MBP1', 'CLN2', 'WHI5']",ref,rep,
146,CDH1,YHP1,"['CDH1', 'YHP1']",ref,rep,
147,CDH1,YOX1,"['CDH1', 'YOX1']",ref,rep,
148,CDH1,YOX1,"['CDH1', 'YHP1', 'SWI4', 'YOX1']",ref,act,
149,CDH1,YOX1,"['CDH1', 'YHP1', 'MBP1', 'YOX1']",ref,act,
150,CLN1,ACE2,"['CLN1', 'CDH1', 'ACE2']",ref,rep,
151,CLN1,ACE2,"['CLN1', 'CDH1', 'NDD1', 'ACE2']",ref,act,
152,CLN1,ACE2,"['CLN1', 'CDH1', 'NDD1', 'CDC20', 'ACE2']",ref,act,
153,CLN1,ACE2,"['CLN1', 'CDH1', 'MCM1', 'ACE2']",ref,act,
154,CLN1,ACE2,"['CLN1', 'CDH1', 'MCM1', 'CDC20', 'ACE2']",ref,act,
155,CLN1,CDC20,"['CLN1', 'CDH1', 'NDD1', 'CDC20']",ref,act,
156,CLN1,CDC20,"['CLN1', 'CDH1', 'MCM1', 'CDC20']",ref,act,
157,CLN1,CDH1,"['CLN1', 'CDH1']",ref,rep,
158,CLN1,CLB2,"['CLN1', 'CDH1', 'NDD1', 'CLB2']",ref,act,
159,CLN1,CLB2,"['CLN1', 'CDH1', 'MCM1', 'CLB2']",ref,act,
160,CLN1,CLB5,"['CLN1', 'CDH1', 'YHP1', 'SWI6', 'CLB5']",ref,rep,
161,CLN1,CLB6,"['CLN1', 'CDH1', 'YHP1', 'SWI6', 'CLB6']",ref,rep,
162,CLN1,CLB6,"['CLN1', 'CDH1', 'YHP1', 'MBP1', 'CLB6']",ref,rep,
163,CLN1,FKH1,"['CLN1', 'CDH1', 'FKH1']",ref,act,
164,CLN1,FKH2,"['CLN1', 'CDH1', 'FKH2']",ref,act,
165,CLN1,HCM1,"['CLN1', 'CDH1', 'YHP1', 'SWI4', 'HCM1']",ref,rep,
166,CLN1,MBP1,"['CLN1', 'CDH1', 'YHP1', 'MBP1']",ref,rep,
167,CLN1,MCM1,"['CLN1', 'CDH1', 'MCM1']",ref,act,
168,CLN1,NDD1,"['CLN1', 'CDH1', 'NDD1']",ref,act,
169,CLN1,NRM1,"['CLN1', 'CDH1', 'NRM1']",ref,act,
170,CLN1,PLM2,"['CLN1', 'CDH1', 'YHP1', 'SWI4', 'PLM2']",ref,rep,
171,CLN1,STB1,"['CLN1', 'STB1']",ref,rep,
172,CLN1,SWI4,"['CLN1', 'CDH1', 'YHP1', 'SWI4']",ref,rep,
173,CLN1,SWI5,"['CLN1', 'CDH1', 'SWI5']",ref,rep,
174,CLN1,SWI5,"['CLN1', 'CDH1', 'NDD1', 'SWI5']",ref,act,
175,CLN1,SWI5,"['CLN1', 'CDH1', 'NDD1', 'CDC20', 'SWI5']",ref,act,
176,CLN1,SWI5,"['CLN1', 'CDH1', 'MCM1', 'SWI5']",ref,act,
177,CLN1,SWI5,"['CLN1', 'CDH1', 'MCM1', 'CDC20', 'SWI5']",ref,act,
178,CLN1,SWI6,"['CLN1', 'CDH1', 'YHP1', 'SWI6']",ref,rep,
179,CLN1,TOS4,"['CLN1', 'CDH1', 'YHP1', 'SWI4', 'TOS4']",ref,rep,
180,CLN1,WHI5,"['CLN1', 'WHI5']",ref,rep,
181,CLN1,YHP1,"['CLN1', 'CDH1', 'YHP1']",ref,act,
182,CLN1,YOX1,"['CLN1', 'CDH1', 'YOX1']",ref,act,
183,CLN2,ACE2,"['CLN2', 'CDH1', 'ACE2']",ref,rep,
184,CLN2,ACE2,"['CLN2', 'CDH1', 'NDD1', 'ACE2']",ref,act,
185,CLN2,ACE2,"['CLN2', 'CDH1', 'NDD1', 'CDC20', 'ACE2']",ref,act,
186,CLN2,ACE2,"['CLN2', 'CDH1', 'MCM1', 'ACE2']",ref,act,
187,CLN2,ACE2,"['CLN2', 'CDH1', 'MCM1', 'CDC20', 'ACE2']",ref,act,
188,CLN2,CDC20,"['CLN2', 'CDH1', 'NDD1', 'CDC20']",ref,act,
189,CLN2,CDC20,"['CLN2', 'CDH1', 'MCM1', 'CDC20']",ref,act,
190,CLN2,CDH1,"['CLN2', 'CDH1']",ref,rep,
191,CLN2,CLB2,"['CLN2', 'CDH1', 'NDD1', 'CLB2']",ref,act,
192,CLN2,CLB2,"['CLN2', 'CDH1', 'MCM1', 'CLB2']",ref,act,
193,CLN2,CLB5,"['CLN2', 'STB1', 'SWI6', 'CLB5']",ref,act,
194,CLN2,CLB5,"['CLN2', 'CDH1', 'YHP1', 'SWI6', 'CLB5']",ref,rep,
195,CLN2,CLB6,"['CLN2', 'STB1', 'SWI6', 'CLB6']",ref,act,
196,CLN2,CLB6,"['CLN2', 'STB1', 'MBP1', 'CLB6']",ref,act,
197,CLN2,CLB6,"['CLN2', 'CDH1', 'YHP1', 'SWI6', 'CLB6']",ref,rep,
198,CLN2,CLB6,"['CLN2', 'CDH1', 'YHP1', 'MBP1', 'CLB6']",ref,rep,
199,CLN2,CLN1,"['CLN2', 'STB1', 'SWI4', 'CLN1']",ref,act,
200,CLN2,CLN1,"['CLN2', 'STB1', 'SWI6', 'CLN1']",ref,act,
201,CLN2,CLN1,"['CLN2', 'STB1', 'MBP1', 'CLN1']",ref,rep,
202,CLN2,CLN1,"['CLN2', 'STB1', 'MBP1', 'CLN1']",ref,act,
203,CLN2,CLN1,"['CLN2', 'CDH1', 'YHP1', 'SWI4', 'CLN1']",ref,rep,
204,CLN2,CLN1,"['CLN2', 'CDH1', 'YHP1', 'SWI6', 'CLN1']",ref,rep,
205,CLN2,CLN1,"['CLN2', 'CDH1', 'YHP1', 'MBP1', 'CLN1']",ref,act,
206,CLN2,CLN1,"['CLN2', 'CDH1', 'YHP1', 'MBP1', 'CLN1']",ref,rep,
207,CLN2,FKH1,"['CLN2', 'STB1', 'SWI4', 'PLM2', 'FKH1']",ref,act,
208,CLN2,FKH1,"['CLN2', 'STB1', 'SWI4', 'TOS4', 'FKH1']",ref,act,
209,CLN2,FKH1,"['CLN2', 'STB1', 'MBP1', 'PLM2', 'FKH1']",ref,rep,
210,CLN2,FKH1,"['CLN2', 'STB1', 'MBP1', 'PLM2', 'FKH1']",ref,act,
211,CLN2,FKH1,"['CLN2', 'STB1', 'MBP1', 'TOS4', 'FKH1']",ref,act,
212,CLN2,FKH1,"['CLN2', 'CDH1', 'FKH1']",ref,act,
213,CLN2,FKH2,"['CLN2', 'STB1', 'SWI4', 'PLM2', 'FKH2']",ref,act,
214,CLN2,FKH2,"['CLN2', 'STB1', 'SWI4', 'TOS4', 'FKH2']",ref,act,
215,CLN2,FKH2,"['CLN2', 'STB1', 'MBP1', 'PLM2', 'FKH2']",ref,rep,
216,CLN2,FKH2,"['CLN2', 'STB1', 'MBP1', 'PLM2', 'FKH2']",ref,act,
217,CLN2,FKH2,"['CLN2', 'STB1', 'MBP1', 'TOS4', 'FKH2']",ref,act,
218,CLN2,FKH2,"['CLN2', 'CDH1', 'FKH2']",ref,act,
219,CLN2,HCM1,"['CLN2', 'STB1', 'SWI4', 'HCM1']",ref,act,
220,CLN2,HCM1,"['CLN2', 'STB1', 'MBP1', 'HCM1']",ref,act,
221,CLN2,HCM1,"['CLN2', 'CDH1', 'YHP1', 'SWI4', 'HCM1']",ref,rep,
222,CLN2,HCM1,"['CLN2', 'CDH1', 'YHP1', 'MBP1', 'HCM1']",ref,rep,
223,CLN2,MBP1,"['CLN2', 'STB1', 'MBP1']",ref,act,
224,CLN2,MBP1,"['CLN2', 'CDH1', 'YHP1', 'MBP1']",ref,rep,
225,CLN2,MCM1,"['CLN2', 'STB1', 'SWI4', 'PLM2', 'MCM1']",ref,act,
226,CLN2,MCM1,"['CLN2', 'STB1', 'SWI4', 'TOS4', 'MCM1']",ref,act,
227,CLN2,MCM1,"['CLN2', 'STB1', 'MBP1', 'PLM2', 'MCM1']",ref,rep,
228,CLN2,MCM1,"['CLN2', 'STB1', 'MBP1', 'PLM2', 'MCM1']",ref,act,
229,CLN2,MCM1,"['CLN2', 'STB1', 'MBP1', 'TOS4', 'MCM1']",ref,act,
230,CLN2,MCM1,"['CLN2', 'CDH1', 'MCM1']",ref,act,
231,CLN2,NDD1,"['CLN2', 'STB1', 'SWI4', 'PLM2', 'NDD1']",ref,act,
232,CLN2,NDD1,"['CLN2', 'STB1', 'SWI4', 'TOS4', 'NDD1']",ref,act,
233,CLN2,NDD1,"['CLN2', 'STB1', 'MBP1', 'PLM2', 'NDD1']",ref,rep,
234,CLN2,NDD1,"['CLN2', 'STB1', 'MBP1', 'PLM2', 'NDD1']",ref,act,
235,CLN2,NDD1,"['CLN2', 'STB1', 'MBP1', 'TOS4', 'NDD1']",ref,act,
236,CLN2,NDD1,"['CLN2', 'CDH1', 'NDD1']",ref,act,
237,CLN2,NRM1,"['CLN2', 'CDH1', 'NRM1']",ref,act,
238,CLN2,PLM2,"['CLN2', 'STB1', 'SWI4', 'PLM2']",ref,act,
239,CLN2,PLM2,"['CLN2', 'STB1', 'MBP1', 'PLM2']",ref,rep,
240,CLN2,PLM2,"['CLN2', 'STB1', 'MBP1', 'PLM2']",ref,act,
241,CLN2,PLM2,"['CLN2', 'CDH1', 'YHP1', 'SWI4', 'PLM2']",ref,rep,
242,CLN2,PLM2,"['CLN2', 'CDH1', 'YHP1', 'MBP1', 'PLM2']",ref,act,
243,CLN2,PLM2,"['CLN2', 'CDH1', 'YHP1', 'MBP1', 'PLM2']",ref,rep,
244,CLN2,STB1,"['CLN2', 'STB1']",ref,rep,
245,CLN2,SWI4,"['CLN2', 'STB1', 'SWI4']",ref,act,
246,CLN2,SWI4,"['CLN2', 'CDH1', 'YHP1', 'SWI4']",ref,rep,
247,CLN2,SWI5,"['CLN2', 'CDH1', 'SWI5']",ref,rep,
248,CLN2,SWI5,"['CLN2', 'CDH1', 'NDD1', 'SWI5']",ref,act,
249,CLN2,SWI5,"['CLN2', 'CDH1', 'NDD1', 'CDC20', 'SWI5']",ref,act,
250,CLN2,SWI5,"['CLN2', 'CDH1', 'MCM1', 'SWI5']",ref,act,
251,CLN2,SWI5,"['CLN2', 'CDH1', 'MCM1', 'CDC20', 'SWI5']",ref,act,
252,CLN2,SWI6,"['CLN2', 'STB1', 'SWI6']",ref,act,
253,CLN2,SWI6,"['CLN2', 'CDH1', 'YHP1', 'SWI6']",ref,rep,
254,CLN2,TOS4,"['CLN2', 'STB1', 'SWI4', 'TOS4']",ref,act,
255,CLN2,TOS4,"['CLN2', 'STB1', 'MBP1', 'TOS4']",ref,act,
256,CLN2,TOS4,"['CLN2', 'CDH1', 'YHP1', 'SWI4', 'TOS4']",ref,rep,
257,CLN2,TOS4,"['CLN2', 'CDH1', 'YHP1', 'MBP1', 'TOS4']",ref,rep,
258,CLN2,WHI5,"['CLN2', 'WHI5']",ref,rep,
259,CLN2,WHI5,"['CLN2', 'STB1', 'SWI4', 'CLN1', 'WHI5']",ref,rep,
260,CLN2,WHI5,"['CLN2', 'STB1', 'SWI6', 'CLN1', 'WHI5']",ref,rep,
261,CLN2,WHI5,"['CLN2', 'STB1', 'MBP1', 'CLN1', 'WHI5']",ref,act,
262,CLN2,WHI5,"['CLN2', 'STB1', 'MBP1', 'CLN1', 'WHI5']",ref,rep,
263,CLN2,YHP1,"['CLN2', 'CDH1', 'YHP1']",ref,act,
264,CLN2,YOX1,"['CLN2', 'CDH1', 'YOX1']",ref,act,
265,CLN3,CLB5,"['CLN3', 'STB1', 'SWI4', 'CLB5']",ref,act,
266,CLN3,CLB5,"['CLN3', 'STB1', 'SWI6', 'CLB5']",ref,act,
267,CLN3,CLB5,"['CLN3', 'STB1', 'MBP1', 'CLB5']",ref,act,
268,CLN3,CLB6,"['CLN3', 'STB1', 'SWI4', 'CLB6']",ref,act,
269,CLN3,CLB6,"['CLN3', 'STB1', 'SWI6', 'CLB6']",ref,act,
270,CLN3,CLB6,"['CLN3', 'STB1', 'MBP1', 'CLB6']",ref,act,
271,CLN3,CLN1,"['CLN3', 'STB1', 'SWI4', 'CLN1']",ref,act,
272,CLN3,CLN1,"['CLN3', 'STB1', 'SWI6', 'CLN1']",ref,act,
273,CLN3,CLN1,"['CLN3', 'STB1', 'MBP1', 'CLN1']",ref,rep,
274,CLN3,CLN1,"['CLN3', 'STB1', 'MBP1', 'CLN1']",ref,act,
275,CLN3,CLN2,"['CLN3', 'STB1', 'SWI4', 'CLN2']",ref,act,
276,CLN3,CLN2,"['CLN3', 'STB1', 'SWI6', 'CLN2']",ref,act,
277,CLN3,CLN2,"['CLN3', 'STB1', 'MBP1', 'CLN2']",ref,act,
278,CLN3,FKH1,"['CLN3', 'STB1', 'SWI4', 'HCM1', 'FKH1']",ref,act,
279,CLN3,FKH1,"['CLN3', 'STB1', 'SWI4', 'PLM2', 'FKH1']",ref,act,
280,CLN3,FKH1,"['CLN3', 'STB1', 'SWI4', 'TOS4', 'FKH1']",ref,act,
281,CLN3,FKH1,"['CLN3', 'STB1', 'SWI6', 'HCM1', 'FKH1']",ref,act,
282,CLN3,FKH1,"['CLN3', 'STB1', 'SWI6', 'PLM2', 'FKH1']",ref,act,
283,CLN3,FKH1,"['CLN3', 'STB1', 'MBP1', 'PLM2', 'FKH1']",ref,rep,
284,CLN3,FKH1,"['CLN3', 'STB1', 'MBP1', 'HCM1', 'FKH1']",ref,act,
285,CLN3,FKH1,"['CLN3', 'STB1', 'MBP1', 'PLM2', 'FKH1']",ref,act,
286,CLN3,FKH1,"['CLN3', 'STB1', 'MBP1', 'TOS4', 'FKH1']",ref,act,
287,CLN3,FKH2,"['CLN3', 'STB1', 'SWI4', 'HCM1', 'FKH2']",ref,act,
288,CLN3,FKH2,"['CLN3', 'STB1', 'SWI4', 'PLM2', 'FKH2']",ref,act,
289,CLN3,FKH2,"['CLN3', 'STB1', 'SWI4', 'TOS4', 'FKH2']",ref,act,
290,CLN3,FKH2,"['CLN3', 'STB1', 'SWI6', 'HCM1', 'FKH2']",ref,act,
291,CLN3,FKH2,"['CLN3', 'STB1', 'SWI6', 'PLM2', 'FKH2']",ref,act,
292,CLN3,FKH2,"['CLN3', 'STB1', 'MBP1', 'PLM2', 'FKH2']",ref,rep,
293,CLN3,FKH2,"['CLN3', 'STB1', 'MBP1', 'HCM1', 'FKH2']",ref,act,
294,CLN3,FKH2,"['CLN3', 'STB1', 'MBP1', 'PLM2', 'FKH2']",ref,act,
295,CLN3,FKH2,"['CLN3', 'STB1', 'MBP1', 'TOS4', 'FKH2']",ref,act,
296,CLN3,HCM1,"['CLN3', 'STB1', 'SWI4', 'HCM1']",ref,act,
297,CLN3,HCM1,"['CLN3', 'STB1', 'SWI6', 'HCM1']",ref,act,
298,CLN3,HCM1,"['CLN3', 'STB1', 'MBP1', 'HCM1']",ref,act,
299,CLN3,MBP1,"['CLN3', 'STB1', 'MBP1']",ref,act,
300,CLN3,MCM1,"['CLN3', 'STB1', 'SWI4', 'PLM2', 'MCM1']",ref,act,
301,CLN3,MCM1,"['CLN3', 'STB1', 'SWI4', 'TOS4', 'MCM1']",ref,act,
302,CLN3,MCM1,"['CLN3', 'STB1', 'SWI6', 'PLM2', 'MCM1']",ref,act,
303,CLN3,MCM1,"['CLN3', 'STB1', 'MBP1', 'PLM2', 'MCM1']",ref,rep,
304,CLN3,MCM1,"['CLN3', 'STB1', 'MBP1', 'PLM2', 'MCM1']",ref,act,
305,CLN3,MCM1,"['CLN3', 'STB1', 'MBP1', 'TOS4', 'MCM1']",ref,act,
306,CLN3,NDD1,"['CLN3', 'STB1', 'SWI4', 'PLM2', 'NDD1']",ref,act,
307,CLN3,NDD1,"['CLN3', 'STB1', 'SWI4', 'TOS4', 'NDD1']",ref,act,
308,CLN3,NDD1,"['CLN3', 'STB1', 'SWI6', 'PLM2', 'NDD1']",ref,act,
309,CLN3,NDD1,"['CLN3', 'STB1', 'MBP1', 'PLM2', 'NDD1']",ref,rep,
310,CLN3,NDD1,"['CLN3', 'STB1', 'MBP1', 'PLM2', 'NDD1']",ref,act,
311,CLN3,NDD1,"['CLN3', 'STB1', 'MBP1', 'TOS4', 'NDD1']",ref,act,
312,CLN3,NRM1,"['CLN3', 'STB1', 'SWI4', 'NRM1']",ref,act,
313,CLN3,NRM1,"['CLN3', 'STB1', 'MBP1', 'NRM1']",ref,act,
314,CLN3,PLM2,"['CLN3', 'STB1', 'SWI4', 'PLM2']",ref,act,
315,CLN3,PLM2,"['CLN3', 'STB1', 'SWI6', 'PLM2']",ref,act,
316,CLN3,PLM2,"['CLN3', 'STB1', 'MBP1', 'PLM2']",ref,rep,
317,CLN3,PLM2,"['CLN3', 'STB1', 'MBP1', 'PLM2']",ref,act,
318,CLN3,STB1,"['CLN3', 'STB1']",ref,rep,
319,CLN3,SWI4,"['CLN3', 'STB1', 'SWI4']",ref,act,
320,CLN3,SWI4,"['CLN3', 'STB1', 'MBP1', 'YHP1', 'SWI4']",ref,rep,
321,CLN3,SWI6,"['CLN3', 'STB1', 'SWI6']",ref,act,
322,CLN3,SWI6,"['CLN3', 'STB1', 'MBP1', 'YHP1', 'SWI6']",ref,rep,
323,CLN3,TOS4,"['CLN3', 'STB1', 'SWI4', 'TOS4']",ref,act,
324,CLN3,TOS4,"['CLN3', 'STB1', 'MBP1', 'TOS4']",ref,act,
325,CLN3,WHI5,"['CLN3', 'WHI5']",ref,rep,
326,CLN3,WHI5,"['CLN3', 'STB1', 'SWI4', 'CLN1', 'WHI5']",ref,rep,
327,CLN3,WHI5,"['CLN3', 'STB1', 'SWI4', 'CLN2', 'WHI5']",ref,rep,
328,CLN3,WHI5,"['CLN3', 'STB1', 'SWI6', 'CLN1', 'WHI5']",ref,rep,
329,CLN3,WHI5,"['CLN3', 'STB1', 'SWI6', 'CLN2', 'WHI5']",ref,rep,
330,CLN3,WHI5,"['CLN3', 'STB1', 'MBP1', 'CLN1', 'WHI5']",ref,act,
331,CLN3,WHI5,"['CLN3', 'STB1', 'MBP1', 'CLN1', 'WHI5']",ref,rep,
332,CLN3,WHI5,"['CLN3', 'STB1', 'MBP1', 'CLN2', 'WHI5']",ref,rep,
333,CLN3,YHP1,"['CLN3', 'STB1', 'SWI4', 'YHP1']",ref,act,
334,CLN3,YHP1,"['CLN3', 'STB1', 'MBP1', 'YHP1']",ref,act,
335,CLN3,YOX1,"['CLN3', 'STB1', 'SWI4', 'YOX1']",ref,act,
336,CLN3,YOX1,"['CLN3', 'STB1', 'MBP1', 'YOX1']",ref,act,
337,FKH1,ACE2,"['FKH1', 'ACE2']",ref,act,
338,FKH1,ACE2,"['FKH1', 'CDC20', 'ACE2']",ref,act,
339,FKH1,CDC20,"['FKH1', 'CDC20']",ref,act,
340,FKH1,CLB2,"['FKH1', 'CLB2']",ref,act,
341,FKH1,CLB4,"['FKH1', 'MBP1', 'CLB4']",grn,act,8.519098839012319
342,FKH1,CLB6,"['FKH1', 'MBP1', 'CLB6']",grn,rep,7.795672633505959
343,FKH1,CLN1,"['FKH1', 'MBP1', 'CLN1']",grn,act,6.900783726708223
344,FKH1,CLN1,"['FKH1', 'MBP1', 'CLN1']",grn,rep,
345,FKH1,MBP1,"['FKH1', 'MBP1']",grn,rep,0.633517073803923
346,FKH1,PLM2,"['FKH1', 'MBP1', 'PLM2']",grn,act,13.161979583435361
347,FKH1,PLM2,"['FKH1', 'MBP1', 'PLM2']",grn,rep,
348,FKH1,SWI5,"['FKH1', 'SWI5']",ref,act,
349,FKH1,SWI5,"['FKH1', 'CDC20', 'SWI5']",ref,act,
350,FKH2,ACE2,"['FKH2', 'ACE2']",ref,act,
351,FKH2,ACE2,"['FKH2', 'CDC20', 'ACE2']",ref,act,
352,FKH2,CDC20,"['FKH2', 'CDC20']",ref,act,
353,FKH2,CLB1,"['FKH2', 'CLB1']",grn,rep,6.871868077128278e-09
354,FKH2,CLB2,"['FKH2', 'CLB2']",ref,act,
355,FKH2,CLB4,"['FKH2', 'MBP1', 'CLB4']",grn,act,20.611530469411914
356,FKH2,CLB6,"['FKH2', 'CLB6']",grn,rep,14.958071366407635
357,FKH2,CLB6,"['FKH2', 'MBP1', 'CLB6']",grn,rep,19.888104263905554
358,FKH2,CLN1,"['FKH2', 'MBP1', 'CLN1']",grn,act,18.993215357107818
359,FKH2,CLN1,"['FKH2', 'MBP1', 'CLN1']",grn,rep,
360,FKH2,CLN3,"['FKH2', 'CLN3']",grn,rep,4.981702074336372
361,FKH2,MBP1,"['FKH2', 'MBP1']",grn,rep,12.725948704203518
362,FKH2,NDD1,"['FKH2', 'NDD1']",grn,rep,10.673076677706767
363,FKH2,PLM2,"['FKH2', 'MBP1', 'PLM2']",grn,act,25.254411213834956
364,FKH2,PLM2,"['FKH2', 'MBP1', 'PLM2']",grn,rep,
365,FKH2,SWI5,"['FKH2', 'SWI5']",ref,act,
366,FKH2,SWI5,"['FKH2', 'CDC20', 'SWI5']",ref,act,
367,FKH2,TOS4,"['FKH2', 'TOS4']",grn,rep,15.161030067436517
368,HCM1,ACE2,"['HCM1', 'NDD1', 'ACE2']",ref,act,
369,HCM1,ACE2,"['HCM1', 'NDD1', 'CDC20', 'ACE2']",ref,act,
370,HCM1,ACE2,"['HCM1', 'MCM1', 'ACE2']",ref,act,
371,HCM1,ACE2,"['HCM1', 'MCM1', 'CDC20', 'ACE2']",ref,act,
372,HCM1,CDC20,"['HCM1', 'YHP1', 'CDC20']",grn,rep,18.323434525918522
373,HCM1,CDC20,"['HCM1', 'NDD1', 'CDC20']",ref,act,
374,HCM1,CDC20,"['HCM1', 'MCM1', 'CDC20']",ref,act,
375,HCM1,CLB1,"['HCM1', 'FKH2', 'CLB1']",grn,rep,14.389806289054988
376,HCM1,CLB1,"['HCM1', 'WHI5', 'CLB1']",grn,rep,20.28038881705772
377,HCM1,CLB1,"['HCM1', 'YHP1', 'CLB1']",grn,rep,27.926654914173355
378,HCM1,CLB2,"['HCM1', 'YHP1', 'YOX1', 'CLB2']",grn,act,23.670433583326822
379,HCM1,CLB2,"['HCM1', 'NDD1', 'CLB2']",ref,act,
380,HCM1,CLB2,"['HCM1', 'MCM1', 'CLB2']",ref,act,
381,HCM1,CLB3,"['HCM1', 'CLB3']",grn,act,12.007738226286481
382,HCM1,CLB4,"['HCM1', 'CLB4']",grn,act,12.659506993956995
383,HCM1,CLB4,"['HCM1', 'MBP1', 'CLB4']",grn,rep,22.82204172826415
384,HCM1,CLB5,"['HCM1', 'CLB5']",grn,rep,0.1849659978448492
385,HCM1,CLB5,"['HCM1', 'SWI6', 'CLB5']",grn,act,27.834662239986606
386,HCM1,CLB6,"['HCM1', 'FKH2', 'CLB6']",grn,rep,29.347877648590753
387,HCM1,CLB6,"['HCM1', 'MBP1', 'CLB6']",grn,act,22.09861552275779
388,HCM1,CLB6,"['HCM1', 'NRM1', 'CLB6']",grn,rep,24.199470832594894
389,HCM1,CLB6,"['HCM1', 'SWI6', 'CLB6']",grn,act,26.69781816246098
390,HCM1,CLN1,"['HCM1', 'MBP1', 'CLN1']",grn,rep,21.203726615960054
391,HCM1,CLN1,"['HCM1', 'SWI6', 'CLN1']",grn,act,27.69357420780695
392,HCM1,CLN2,"['HCM1', 'CLN2']",grn,rep,0.08966007023370715
393,HCM1,CLN2,"['HCM1', 'SWI6', 'CLN2']",grn,act,25.913899028954035
394,HCM1,CLN3,"['HCM1', 'FKH2', 'CLN3']",grn,rep,19.37150835651949
395,HCM1,FKH1,"['HCM1', 'FKH1']",grn,act,14.452833604808811
396,HCM1,FKH1,"['HCM1', 'FKH1']",ref,act,
397,HCM1,FKH2,"['HCM1', 'FKH2']",grn,act,14.38980628218312
398,HCM1,FKH2,"['HCM1', 'FKH2']",ref,act,
399,HCM1,MBP1,"['HCM1', 'MBP1']",grn,act,14.936459963055755
400,HCM1,MCM1,"['HCM1', 'MCM1']",ref,act,
401,HCM1,NDD1,"['HCM1', 'NDD1']",grn,act,13.097450628994125
402,HCM1,NDD1,"['HCM1', 'NDD1']",ref,act,
403,HCM1,NRM1,"['HCM1', 'NRM1']",grn,act,12.062666366490285
404,HCM1,PLM2,"['HCM1', 'MBP1', 'PLM2']",grn,rep,27.464922472687192
405,HCM1,SWI4,"['HCM1', 'SWI4']",grn,rep,0.09341602665213301
406,HCM1,SWI5,"['HCM1', 'NDD1', 'SWI5']",ref,act,
407,HCM1,SWI5,"['HCM1', 'NDD1', 'CDC20', 'SWI5']",ref,act,
408,HCM1,SWI5,"['HCM1', 'MCM1', 'SWI5']",ref,act,
409,HCM1,SWI5,"['HCM1', 'MCM1', 'CDC20', 'SWI5']",ref,act,
410,HCM1,SWI6,"['HCM1', 'SWI6']",grn,act,14.586330903403509
411,HCM1,TOS4,"['HCM1', 'TOS4']",grn,rep,0.0903176599599403
412,HCM1,TOS4,"['HCM1', 'YHP1', 'YOX1', 'TOS4']",grn,act,38.797860391426745
413,HCM1,WHI5,"['HCM1', 'WHI5']",grn,act,13.018882731760266
414,HCM1,YHP1,"['HCM1', 'YHP1']",grn,act,13.687647248283271
415,HCM1,YOX1,"['HCM1', 'YHP1', 'YOX1']",grn,rep,23.642255608124604
416,MBP1,ACE2,"['MBP1', 'CLN1', 'CDH1', 'ACE2']",ref,act,
417,MBP1,ACE2,"['MBP1', 'CLN1', 'CDH1', 'NDD1', 'ACE2']",ref,rep,
418,MBP1,ACE2,"['MBP1', 'CLN1', 'CDH1', 'MCM1', 'ACE2']",ref,rep,
419,MBP1,ACE2,"['MBP1', 'PLM2', 'NDD1', 'ACE2']",ref,rep,
420,MBP1,ACE2,"['MBP1', 'PLM2', 'NDD1', 'CDC20', 'ACE2']",ref,rep,
421,MBP1,ACE2,"['MBP1', 'PLM2', 'MCM1', 'ACE2']",ref,rep,
422,MBP1,ACE2,"['MBP1', 'PLM2', 'MCM1', 'CDC20', 'ACE2']",ref,rep,
423,MBP1,ACE2,"['MBP1', 'PLM2', 'NDD1', 'ACE2']",ref,act,
424,MBP1,ACE2,"['MBP1', 'PLM2', 'NDD1', 'CDC20', 'ACE2']",ref,act,
425,MBP1,ACE2,"['MBP1', 'PLM2', 'MCM1', 'ACE2']",ref,act,
426,MBP1,ACE2,"['MBP1', 'PLM2', 'MCM1', 'CDC20', 'ACE2']",ref,act,
427,MBP1,ACE2,"['MBP1', 'TOS4', 'NDD1', 'ACE2']",ref,act,
428,MBP1,ACE2,"['MBP1', 'TOS4', 'NDD1', 'CDC20', 'ACE2']",ref,act,
429,MBP1,ACE2,"['MBP1', 'TOS4', 'MCM1', 'ACE2']",ref,act,
430,MBP1,ACE2,"['MBP1', 'TOS4', 'MCM1', 'CDC20', 'ACE2']",ref,act,
431,MBP1,ACE2,"['MBP1', 'CLN1', 'CDH1', 'ACE2']",ref,rep,
432,MBP1,ACE2,"['MBP1', 'CLN1', 'CDH1', 'NDD1', 'ACE2']",ref,act,
433,MBP1,ACE2,"['MBP1', 'CLN1', 'CDH1', 'MCM1', 'ACE2']",ref,act,
434,MBP1,ACE2,"['MBP1', 'CLN2', 'CDH1', 'ACE2']",ref,rep,
435,MBP1,ACE2,"['MBP1', 'CLN2', 'CDH1', 'NDD1', 'ACE2']",ref,act,
436,MBP1,ACE2,"['MBP1', 'CLN2', 'CDH1', 'MCM1', 'ACE2']",ref,act,
437,MBP1,CDC20,"['MBP1', 'CLN1', 'CDH1', 'NDD1', 'CDC20']",ref,rep,
438,MBP1,CDC20,"['MBP1', 'CLN1', 'CDH1', 'MCM1', 'CDC20']",ref,rep,
439,MBP1,CDC20,"['MBP1', 'PLM2', 'NDD1', 'CDC20']",ref,rep,
440,MBP1,CDC20,"['MBP1', 'PLM2', 'MCM1', 'CDC20']",ref,rep,
441,MBP1,CDC20,"['MBP1', 'PLM2', 'NDD1', 'CDC20']",ref,act,
442,MBP1,CDC20,"['MBP1', 'PLM2', 'MCM1', 'CDC20']",ref,act,
443,MBP1,CDC20,"['MBP1', 'TOS4', 'NDD1', 'CDC20']",ref,act,
444,MBP1,CDC20,"['MBP1', 'TOS4', 'MCM1', 'CDC20']",ref,act,
445,MBP1,CDC20,"['MBP1', 'CLN1', 'CDH1', 'NDD1', 'CDC20']",ref,act,
446,MBP1,CDC20,"['MBP1', 'CLN1', 'CDH1', 'MCM1', 'CDC20']",ref,act,
447,MBP1,CDC20,"['MBP1', 'CLN2', 'CDH1', 'NDD1', 'CDC20']",ref,act,
448,MBP1,CDC20,"['MBP1', 'CLN2', 'CDH1', 'MCM1', 'CDC20']",ref,act,
449,MBP1,CDH1,"['MBP1', 'CLN1', 'CDH1']",ref,act,
450,MBP1,CDH1,"['MBP1', 'CLN1', 'CDH1']",ref,rep,
451,MBP1,CDH1,"['MBP1', 'CLN2', 'CDH1']",ref,rep,
452,MBP1,CDH1,"['MBP1', 'YHP1', 'SWI4', 'CLN1', 'CDH1']",ref,act,
453,MBP1,CDH1,"['MBP1', 'YHP1', 'SWI4', 'CLN2', 'CDH1']",ref,act,
454,MBP1,CDH1,"['MBP1', 'YHP1', 'SWI6', 'CLN1', 'CDH1']",ref,act,
455,MBP1,CDH1,"['MBP1', 'YHP1', 'SWI6', 'CLN2', 'CDH1']",ref,act,
456,MBP1,CLB2,"['MBP1', 'CLN1', 'CDH1', 'NDD1', 'CLB2']",ref,rep,
457,MBP1,CLB2,"['MBP1', 'CLN1', 'CDH1', 'MCM1', 'CLB2']",ref,rep,
458,MBP1,CLB2,"['MBP1', 'PLM2', 'NDD1', 'CLB2']",ref,rep,
459,MBP1,CLB2,"['MBP1', 'PLM2', 'MCM1', 'CLB2']",ref,rep,
460,MBP1,CLB2,"['MBP1', 'PLM2', 'NDD1', 'CLB2']",ref,act,
461,MBP1,CLB2,"['MBP1', 'PLM2', 'MCM1', 'CLB2']",ref,act,
462,MBP1,CLB2,"['MBP1', 'TOS4', 'NDD1', 'CLB2']",ref,act,
463,MBP1,CLB2,"['MBP1', 'TOS4', 'MCM1', 'CLB2']",ref,act,
464,MBP1,CLB2,"['MBP1', 'CLN1', 'CDH1', 'NDD1', 'CLB2']",ref,act,
465,MBP1,CLB2,"['MBP1', 'CLN1', 'CDH1', 'MCM1', 'CLB2']",ref,act,
466,MBP1,CLB2,"['MBP1', 'CLN2', 'CDH1', 'NDD1', 'CLB2']",ref,act,
467,MBP1,CLB2,"['MBP1', 'CLN2', 'CDH1', 'MCM1', 'CLB2']",ref,act,
468,MBP1,CLB4,"['MBP1', 'CLB4']",grn,rep,7.8855817652083955
469,MBP1,CLB5,"['MBP1', 'CLN2', 'STB1', 'SWI6', 'CLB5']",ref,act,
470,MBP1,CLB5,"['MBP1', 'CLB5']",ref,act,
471,MBP1,CLB5,"['MBP1', 'YHP1', 'SWI4', 'CLB5']",ref,rep,
472,MBP1,CLB5,"['MBP1', 'YHP1', 'SWI6', 'CLB5']",ref,rep,
473,MBP1,CLB6,"['MBP1', 'CLB6']",grn,act,7.162155559702036
474,MBP1,CLB6,"['MBP1', 'CLB6']",ref,act,
475,MBP1,CLB6,"['MBP1', 'CLN2', 'STB1', 'SWI6', 'CLB6']",ref,act,
476,MBP1,CLB6,"['MBP1', 'YHP1', 'SWI4', 'CLB6']",ref,rep,
477,MBP1,CLB6,"['MBP1', 'YHP1', 'SWI6', 'CLB6']",ref,rep,
478,MBP1,CLN1,"['MBP1', 'CLN1']",grn,rep,6.2672666529043
479,MBP1,CLN1,"['MBP1', 'CLN1']",grn,act,
480,MBP1,CLN1,"['MBP1', 'CLN1']",ref,rep,
481,MBP1,CLN1,"['MBP1', 'CLN1']",ref,act,
482,MBP1,CLN1,"['MBP1', 'CLN2', 'STB1', 'SWI4', 'CLN1']",ref,act,
483,MBP1,CLN1,"['MBP1', 'CLN2', 'STB1', 'SWI6', 'CLN1']",ref,act,
484,MBP1,CLN1,"['MBP1', 'YHP1', 'SWI4', 'CLN1']",ref,rep,
485,MBP1,CLN1,"['MBP1', 'YHP1', 'SWI6', 'CLN1']",ref,rep,
486,MBP1,CLN2,"['MBP1', 'CLN2']",ref,act,
487,MBP1,CLN2,"['MBP1', 'YHP1', 'SWI4', 'CLN2']",ref,rep,
488,MBP1,CLN2,"['MBP1', 'YHP1', 'SWI6', 'CLN2']",ref,rep,
489,MBP1,FKH1,"['MBP1', 'CLN1', 'CDH1', 'FKH1']",ref,rep,
490,MBP1,FKH1,"['MBP1', 'PLM2', 'FKH1']",ref,rep,
491,MBP1,FKH1,"['MBP1', 'HCM1', 'FKH1']",ref,act,
492,MBP1,FKH1,"['MBP1', 'PLM2', 'FKH1']",ref,act,
493,MBP1,FKH1,"['MBP1', 'TOS4', 'FKH1']",ref,act,
494,MBP1,FKH1,"['MBP1', 'CLN1', 'CDH1', 'FKH1']",ref,act,
495,MBP1,FKH1,"['MBP1', 'CLN2', 'CDH1', 'FKH1']",ref,act,
496,MBP1,FKH1,"['MBP1', 'YHP1', 'SWI4', 'HCM1', 'FKH1']",ref,rep,
497,MBP1,FKH1,"['MBP1', 'YHP1', 'SWI4', 'PLM2', 'FKH1']",ref,rep,
498,MBP1,FKH1,"['MBP1', 'YHP1', 'SWI4', 'TOS4', 'FKH1']",ref,rep,
499,MBP1,FKH1,"['MBP1', 'YHP1', 'SWI6', 'HCM1', 'FKH1']",ref,rep,
500,MBP1,FKH1,"['MBP1', 'YHP1', 'SWI6', 'PLM2', 'FKH1']",ref,rep,
501,MBP1,FKH2,"['MBP1', 'CLN1', 'CDH1', 'FKH2']",ref,rep,
502,MBP1,FKH2,"['MBP1', 'PLM2', 'FKH2']",ref,rep,
503,MBP1,FKH2,"['MBP1', 'HCM1', 'FKH2']",ref,act,
504,MBP1,FKH2,"['MBP1', 'PLM2', 'FKH2']",ref,act,
505,MBP1,FKH2,"['MBP1', 'TOS4', 'FKH2']",ref,act,
506,MBP1,FKH2,"['MBP1', 'CLN1', 'CDH1', 'FKH2']",ref,act,
507,MBP1,FKH2,"['MBP1', 'CLN2', 'CDH1', 'FKH2']",ref,act,
508,MBP1,FKH2,"['MBP1', 'YHP1', 'SWI4', 'HCM1', 'FKH2']",ref,rep,
509,MBP1,FKH2,"['MBP1', 'YHP1', 'SWI4', 'PLM2', 'FKH2']",ref,rep,
510,MBP1,FKH2,"['MBP1', 'YHP1', 'SWI4', 'TOS4', 'FKH2']",ref,rep,
511,MBP1,FKH2,"['MBP1', 'YHP1', 'SWI6', 'HCM1', 'FKH2']",ref,rep,
512,MBP1,FKH2,"['MBP1', 'YHP1', 'SWI6', 'PLM2', 'FKH2']",ref,rep,
513,MBP1,HCM1,"['MBP1', 'HCM1']",ref,act,
514,MBP1,HCM1,"['MBP1', 'CLN2', 'STB1', 'SWI4', 'HCM1']",ref,act,
515,MBP1,HCM1,"['MBP1', 'YHP1', 'SWI4', 'HCM1']",ref,rep,
516,MBP1,HCM1,"['MBP1', 'YHP1', 'SWI6', 'HCM1']",ref,rep,
517,MBP1,MCM1,"['MBP1', 'CLN1', 'CDH1', 'MCM1']",ref,rep,
518,MBP1,MCM1,"['MBP1', 'PLM2', 'MCM1']",ref,rep,
519,MBP1,MCM1,"['MBP1', 'PLM2', 'MCM1']",ref,act,
520,MBP1,MCM1,"['MBP1', 'TOS4', 'MCM1']",ref,act,
521,MBP1,MCM1,"['MBP1', 'CLN1', 'CDH1', 'MCM1']",ref,act,
522,MBP1,MCM1,"['MBP1', 'CLN2', 'CDH1', 'MCM1']",ref,act,
523,MBP1,MCM1,"['MBP1', 'YHP1', 'SWI4', 'PLM2', 'MCM1']",ref,rep,
524,MBP1,MCM1,"['MBP1', 'YHP1', 'SWI4', 'TOS4', 'MCM1']",ref,rep,
525,MBP1,MCM1,"['MBP1', 'YHP1', 'SWI6', 'PLM2', 'MCM1']",ref,rep,
526,MBP1,NDD1,"['MBP1', 'CLN1', 'CDH1', 'NDD1']",ref,rep,
527,MBP1,NDD1,"['MBP1', 'PLM2', 'NDD1']",ref,rep,
528,MBP1,NDD1,"['MBP1', 'PLM2', 'NDD1']",ref,act,
529,MBP1,NDD1,"['MBP1', 'TOS4', 'NDD1']",ref,act,
530,MBP1,NDD1,"['MBP1', 'CLN1', 'CDH1', 'NDD1']",ref,act,
531,MBP1,NDD1,"['MBP1', 'CLN2', 'CDH1', 'NDD1']",ref,act,
532,MBP1,NDD1,"['MBP1', 'YHP1', 'SWI4', 'PLM2', 'NDD1']",ref,rep,
533,MBP1,NDD1,"['MBP1', 'YHP1', 'SWI4', 'TOS4', 'NDD1']",ref,rep,
534,MBP1,NDD1,"['MBP1', 'YHP1', 'SWI6', 'PLM2', 'NDD1']",ref,rep,
535,MBP1,NRM1,"['MBP1', 'CLN1', 'CDH1', 'NRM1']",ref,rep,
536,MBP1,NRM1,"['MBP1', 'CLN1', 'CDH1', 'NRM1']",ref,act,
537,MBP1,NRM1,"['MBP1', 'CLN2', 'CDH1', 'NRM1']",ref,act,
538,MBP1,NRM1,"['MBP1', 'NRM1']",ref,act,
539,MBP1,PLM2,"['MBP1', 'PLM2']",grn,rep,12.528462509631439
540,MBP1,PLM2,"['MBP1', 'PLM2']",grn,act,
541,MBP1,PLM2,"['MBP1', 'PLM2']",ref,rep,
542,MBP1,PLM2,"['MBP1', 'PLM2']",ref,act,
543,MBP1,PLM2,"['MBP1', 'CLN2', 'STB1', 'SWI4', 'PLM2']",ref,act,
544,MBP1,PLM2,"['MBP1', 'YHP1', 'SWI4', 'PLM2']",ref,rep,
545,MBP1,PLM2,"['MBP1', 'YHP1', 'SWI6', 'PLM2']",ref,rep,
546,MBP1,STB1,"['MBP1', 'CLN1', 'STB1']",ref,act,
547,MBP1,STB1,"['MBP1', 'CLN1', 'STB1']",ref,rep,
548,MBP1,STB1,"['MBP1', 'CLN2', 'STB1']",ref,rep,
549,MBP1,STB1,"['MBP1', 'YHP1', 'SWI4', 'CLN1', 'STB1']",ref,act,
550,MBP1,STB1,"['MBP1', 'YHP1', 'SWI4', 'CLN2', 'STB1']",ref,act,
551,MBP1,STB1,"['MBP1', 'YHP1', 'SWI6', 'CLN1', 'STB1']",ref,act,
552,MBP1,STB1,"['MBP1', 'YHP1', 'SWI6', 'CLN2', 'STB1']",ref,act,
553,MBP1,SWI4,"['MBP1', 'CLN1', 'CDH1', 'YHP1', 'SWI4']",ref,act,
554,MBP1,SWI4,"['MBP1', 'CLN1', 'CDH1', 'YHP1', 'SWI4']",ref,rep,
555,MBP1,SWI4,"['MBP1', 'CLN2', 'STB1', 'SWI4']",ref,act,
556,MBP1,SWI4,"['MBP1', 'CLN2', 'CDH1', 'YHP1', 'SWI4']",ref,rep,
557,MBP1,SWI4,"['MBP1', 'YHP1', 'SWI4']",ref,rep,
558,MBP1,SWI5,"['MBP1', 'CLN1', 'CDH1', 'SWI5']",ref,act,
559,MBP1,SWI5,"['MBP1', 'CLN1', 'CDH1', 'NDD1', 'SWI5']",ref,rep,
560,MBP1,SWI5,"['MBP1', 'CLN1', 'CDH1', 'MCM1', 'SWI5']",ref,rep,
561,MBP1,SWI5,"['MBP1', 'PLM2', 'NDD1', 'SWI5']",ref,rep,
562,MBP1,SWI5,"['MBP1', 'PLM2', 'NDD1', 'CDC20', 'SWI5']",ref,rep,
563,MBP1,SWI5,"['MBP1', 'PLM2', 'MCM1', 'SWI5']",ref,rep,
564,MBP1,SWI5,"['MBP1', 'PLM2', 'MCM1', 'CDC20', 'SWI5']",ref,rep,
565,MBP1,SWI5,"['MBP1', 'PLM2', 'NDD1', 'SWI5']",ref,act,
566,MBP1,SWI5,"['MBP1', 'PLM2', 'NDD1', 'CDC20', 'SWI5']",ref,act,
567,MBP1,SWI5,"['MBP1', 'PLM2', 'MCM1', 'SWI5']",ref,act,
568,MBP1,SWI5,"['MBP1', 'PLM2', 'MCM1', 'CDC20', 'SWI5']",ref,act,
569,MBP1,SWI5,"['MBP1', 'TOS4', 'NDD1', 'SWI5']",ref,act,
570,MBP1,SWI5,"['MBP1', 'TOS4', 'NDD1', 'CDC20', 'SWI5']",ref,act,
571,MBP1,SWI5,"['MBP1', 'TOS4', 'MCM1', 'SWI5']",ref,act,
572,MBP1,SWI5,"['MBP1', 'TOS4', 'MCM1', 'CDC20', 'SWI5']",ref,act,
573,MBP1,SWI5,"['MBP1', 'CLN1', 'CDH1', 'SWI5']",ref,rep,
574,MBP1,SWI5,"['MBP1', 'CLN1', 'CDH1', 'NDD1', 'SWI5']",ref,act,
575,MBP1,SWI5,"['MBP1', 'CLN1', 'CDH1', 'MCM1', 'SWI5']",ref,act,
576,MBP1,SWI5,"['MBP1', 'CLN2', 'CDH1', 'SWI5']",ref,rep,
577,MBP1,SWI5,"['MBP1', 'CLN2', 'CDH1', 'NDD1', 'SWI5']",ref,act,
578,MBP1,SWI5,"['MBP1', 'CLN2', 'CDH1', 'MCM1', 'SWI5']",ref,act,
579,MBP1,SWI6,"['MBP1', 'CLN1', 'CDH1', 'YHP1', 'SWI6']",ref,act,
580,MBP1,SWI6,"['MBP1', 'CLN1', 'CDH1', 'YHP1', 'SWI6']",ref,rep,
581,MBP1,SWI6,"['MBP1', 'CLN2', 'STB1', 'SWI6']",ref,act,
582,MBP1,SWI6,"['MBP1', 'CLN2', 'CDH1', 'YHP1', 'SWI6']",ref,rep,
583,MBP1,SWI6,"['MBP1', 'YHP1', 'SWI6']",ref,rep,
584,MBP1,TOS4,"['MBP1', 'TOS4']",ref,act,
585,MBP1,TOS4,"['MBP1', 'CLN2', 'STB1', 'SWI4', 'TOS4']",ref,act,
586,MBP1,TOS4,"['MBP1', 'YHP1', 'SWI4', 'TOS4']",ref,rep,
587,MBP1,WHI5,"['MBP1', 'CLN1', 'WHI5']",ref,act,
588,MBP1,WHI5,"['MBP1', 'CLN1', 'WHI5']",ref,rep,
589,MBP1,WHI5,"['MBP1', 'CLN2', 'WHI5']",ref,rep,
590,MBP1,WHI5,"['MBP1', 'YHP1', 'SWI4', 'CLN1', 'WHI5']",ref,act,
591,MBP1,WHI5,"['MBP1', 'YHP1', 'SWI4', 'CLN2', 'WHI5']",ref,act,
592,MBP1,WHI5,"['MBP1', 'YHP1', 'SWI6', 'CLN1', 'WHI5']",ref,act,
593,MBP1,WHI5,"['MBP1', 'YHP1', 'SWI6', 'CLN2', 'WHI5']",ref,act,
594,MBP1,YHP1,"['MBP1', 'CLN1', 'CDH1', 'YHP1']",ref,rep,
595,MBP1,YHP1,"['MBP1', 'CLN1', 'CDH1', 'YHP1']",ref,act,
596,MBP1,YHP1,"['MBP1', 'CLN2', 'CDH1', 'YHP1']",ref,act,
597,MBP1,YHP1,"['MBP1', 'YHP1']",ref,act,
598,MBP1,YOX1,"['MBP1', 'CLN1', 'CDH1', 'YOX1']",ref,rep,
599,MBP1,YOX1,"['MBP1', 'CLN1', 'CDH1', 'YOX1']",ref,act,
600,MBP1,YOX1,"['MBP1', 'CLN2', 'CDH1', 'YOX1']",ref,act,
601,MBP1,YOX1,"['MBP1', 'YOX1']",ref,act,
602,MBP1,YOX1,"['MBP1', 'YHP1', 'SWI4', 'YOX1']",ref,rep,
603,MCM1,ACE2,"['MCM1', 'ACE2']",ref,act,
604,MCM1,ACE2,"['MCM1', 'CDC20', 'ACE2']",ref,act,
605,MCM1,CDC20,"['MCM1', 'CDC20']",ref,act,
606,MCM1,CLB2,"['MCM1', 'CLB2']",ref,act,
607,MCM1,SWI5,"['MCM1', 'SWI5']",ref,act,
608,MCM1,SWI5,"['MCM1', 'CDC20', 'SWI5']",ref,act,
609,NDD1,ACE2,"['NDD1', 'ACE2']",ref,act,
610,NDD1,ACE2,"['NDD1', 'CDC20', 'ACE2']",ref,act,
611,NDD1,CDC20,"['NDD1', 'CDC20']",ref,act,
612,NDD1,CLB2,"['NDD1', 'CLB2']",ref,act,
613,NDD1,SWI5,"['NDD1', 'SWI5']",ref,act,
614,NDD1,SWI5,"['NDD1', 'CDC20', 'SWI5']",ref,act,
615,NRM1,ACE2,"['NRM1', 'SWI4', 'PLM2', 'NDD1', 'ACE2']",ref,rep,
616,NRM1,ACE2,"['NRM1', 'SWI4', 'PLM2', 'MCM1', 'ACE2']",ref,rep,
617,NRM1,ACE2,"['NRM1', 'SWI4', 'TOS4', 'NDD1', 'ACE2']",ref,rep,
618,NRM1,ACE2,"['NRM1', 'SWI4', 'TOS4', 'MCM1', 'ACE2']",ref,rep,
619,NRM1,ACE2,"['NRM1', 'SWI4', 'CLN1', 'CDH1', 'ACE2']",ref,act,
620,NRM1,ACE2,"['NRM1', 'SWI4', 'CLN2', 'CDH1', 'ACE2']",ref,act,
621,NRM1,ACE2,"['NRM1', 'SWI6', 'CLN1', 'CDH1', 'ACE2']",ref,act,
622,NRM1,ACE2,"['NRM1', 'SWI6', 'CLN2', 'CDH1', 'ACE2']",ref,act,
623,NRM1,ACE2,"['NRM1', 'SWI6', 'PLM2', 'NDD1', 'ACE2']",ref,rep,
624,NRM1,ACE2,"['NRM1', 'SWI6', 'PLM2', 'MCM1', 'ACE2']",ref,rep,
625,NRM1,ACE2,"['NRM1', 'MBP1', 'CLN1', 'CDH1', 'ACE2']",ref,rep,
626,NRM1,ACE2,"['NRM1', 'MBP1', 'PLM2', 'NDD1', 'ACE2']",ref,act,
627,NRM1,ACE2,"['NRM1', 'MBP1', 'PLM2', 'MCM1', 'ACE2']",ref,act,
628,NRM1,ACE2,"['NRM1', 'MBP1', 'PLM2', 'NDD1', 'ACE2']",ref,rep,
629,NRM1,ACE2,"['NRM1', 'MBP1', 'PLM2', 'MCM1', 'ACE2']",ref,rep,
630,NRM1,ACE2,"['NRM1', 'MBP1', 'TOS4', 'NDD1', 'ACE2']",ref,rep,
631,NRM1,ACE2,"['NRM1', 'MBP1', 'TOS4', 'MCM1', 'ACE2']",ref,rep,
632,NRM1,ACE2,"['NRM1', 'MBP1', 'CLN1', 'CDH1', 'ACE2']",ref,act,
633,NRM1,ACE2,"['NRM1', 'MBP1', 'CLN2', 'CDH1', 'ACE2']",ref,act,
634,NRM1,CDC20,"['NRM1', 'YHP1', 'CDC20']",grn,act,15.882972781299765
635,NRM1,CDC20,"['NRM1', 'SWI4', 'PLM2', 'NDD1', 'CDC20']",ref,rep,
636,NRM1,CDC20,"['NRM1', 'SWI4', 'PLM2', 'MCM1', 'CDC20']",ref,rep,
637,NRM1,CDC20,"['NRM1', 'SWI4', 'TOS4', 'NDD1', 'CDC20']",ref,rep,
638,NRM1,CDC20,"['NRM1', 'SWI4', 'TOS4', 'MCM1', 'CDC20']",ref,rep,
639,NRM1,CDC20,"['NRM1', 'SWI6', 'PLM2', 'NDD1', 'CDC20']",ref,rep,
640,NRM1,CDC20,"['NRM1', 'SWI6', 'PLM2', 'MCM1', 'CDC20']",ref,rep,
641,NRM1,CDC20,"['NRM1', 'MBP1', 'PLM2', 'NDD1', 'CDC20']",ref,act,
642,NRM1,CDC20,"['NRM1', 'MBP1', 'PLM2', 'MCM1', 'CDC20']",ref,act,
643,NRM1,CDC20,"['NRM1', 'MBP1', 'PLM2', 'NDD1', 'CDC20']",ref,rep,
644,NRM1,CDC20,"['NRM1', 'MBP1', 'PLM2', 'MCM1', 'CDC20']",ref,rep,
645,NRM1,CDC20,"['NRM1', 'MBP1', 'TOS4', 'NDD1', 'CDC20']",ref,rep,
646,NRM1,CDC20,"['NRM1', 'MBP1', 'TOS4', 'MCM1', 'CDC20']",ref,rep,
647,NRM1,CDH1,"['NRM1', 'SWI4', 'CLN1', 'CDH1']",ref,act,
648,NRM1,CDH1,"['NRM1', 'SWI4', 'CLN2', 'CDH1']",ref,act,
649,NRM1,CDH1,"['NRM1', 'SWI6', 'CLN1', 'CDH1']",ref,act,
650,NRM1,CDH1,"['NRM1', 'SWI6', 'CLN2', 'CDH1']",ref,act,
651,NRM1,CDH1,"['NRM1', 'MBP1', 'CLN1', 'CDH1']",ref,rep,
652,NRM1,CDH1,"['NRM1', 'MBP1', 'CLN1', 'CDH1']",ref,act,
653,NRM1,CDH1,"['NRM1', 'MBP1', 'CLN2', 'CDH1']",ref,act,
654,NRM1,CLB1,"['NRM1', 'HCM1', 'FKH2', 'CLB1']",grn,act,24.092501318393882
655,NRM1,CLB1,"['NRM1', 'WHI5', 'CLB1']",grn,act,17.236555833784312
656,NRM1,CLB1,"['NRM1', 'WHI5', 'HCM1', 'FKH2', 'CLB1']",grn,rep,32.2981570561732
657,NRM1,CLB1,"['NRM1', 'YHP1', 'CLB1']",grn,act,25.486193169554596
658,NRM1,CLB2,"['NRM1', 'YHP1', 'YOX1', 'CLB2']",grn,rep,21.229971838708064
659,NRM1,CLB2,"['NRM1', 'YOX1', 'CLB2']",grn,act,4.0737820233470625
660,NRM1,CLB2,"['NRM1', 'SWI4', 'PLM2', 'NDD1', 'CLB2']",ref,rep,
661,NRM1,CLB2,"['NRM1', 'SWI4', 'PLM2', 'MCM1', 'CLB2']",ref,rep,
662,NRM1,CLB2,"['NRM1', 'SWI4', 'TOS4', 'NDD1', 'CLB2']",ref,rep,
663,NRM1,CLB2,"['NRM1', 'SWI4', 'TOS4', 'MCM1', 'CLB2']",ref,rep,
664,NRM1,CLB2,"['NRM1', 'SWI6', 'PLM2', 'NDD1', 'CLB2']",ref,rep,
665,NRM1,CLB2,"['NRM1', 'SWI6', 'PLM2', 'MCM1', 'CLB2']",ref,rep,
666,NRM1,CLB2,"['NRM1', 'MBP1', 'PLM2', 'NDD1', 'CLB2']",ref,act,
667,NRM1,CLB2,"['NRM1', 'MBP1', 'PLM2', 'MCM1', 'CLB2']",ref,act,
668,NRM1,CLB2,"['NRM1', 'MBP1', 'PLM2', 'NDD1', 'CLB2']",ref,rep,
669,NRM1,CLB2,"['NRM1', 'MBP1', 'PLM2', 'MCM1', 'CLB2']",ref,rep,
670,NRM1,CLB2,"['NRM1', 'MBP1', 'TOS4', 'NDD1', 'CLB2']",ref,rep,
671,NRM1,CLB2,"['NRM1', 'MBP1', 'TOS4', 'MCM1', 'CLB2']",ref,rep,
672,NRM1,CLB3,"['NRM1', 'HCM1', 'CLB3']",grn,rep,21.710433255625375
673,NRM1,CLB3,"['NRM1', 'WHI5', 'HCM1', 'CLB3']",grn,act,29.916088993404703
674,NRM1,CLB4,"['NRM1', 'HCM1', 'CLB4']",grn,rep,22.362202023295886
675,NRM1,CLB4,"['NRM1', 'WHI5', 'HCM1', 'CLB4']",grn,act,30.567857761075217
676,NRM1,CLB5,"['NRM1', 'HCM1', 'CLB5']",grn,act,9.887661027183741
677,NRM1,CLB5,"['NRM1', 'WHI5', 'HCM1', 'CLB5']",grn,rep,18.09331676496307
678,NRM1,CLB5,"['NRM1', 'SWI4', 'CLB5']",ref,rep,
679,NRM1,CLB5,"['NRM1', 'SWI6', 'CLB5']",ref,rep,
680,NRM1,CLB5,"['NRM1', 'MBP1', 'CLB5']",ref,rep,
681,NRM1,CLB5,"['NRM1', 'MBP1', 'YHP1', 'SWI4', 'CLB5']",ref,act,
682,NRM1,CLB5,"['NRM1', 'MBP1', 'YHP1', 'SWI6', 'CLB5']",ref,act,
683,NRM1,CLB6,"['NRM1', 'CLB6']",grn,rep,12.136804466104609
684,NRM1,CLB6,"['NRM1', 'HCM1', 'FKH2', 'CLB6']",grn,act,39.05057267792965
685,NRM1,CLB6,"['NRM1', 'STB1', 'CLB6']",grn,rep,8.726692139910003
686,NRM1,CLB6,"['NRM1', 'WHI5', 'HCM1', 'FKH2', 'CLB6']",grn,rep,47.256228415708975
687,NRM1,CLB6,"['NRM1', 'SWI4', 'CLB6']",ref,rep,
688,NRM1,CLB6,"['NRM1', 'SWI6', 'CLB6']",ref,rep,
689,NRM1,CLB6,"['NRM1', 'MBP1', 'CLB6']",ref,rep,
690,NRM1,CLB6,"['NRM1', 'MBP1', 'YHP1', 'SWI4', 'CLB6']",ref,act,
691,NRM1,CLB6,"['NRM1', 'MBP1', 'YHP1', 'SWI6', 'CLB6']",ref,act,
692,NRM1,CLN1,"['NRM1', 'STB1', 'CLN1']",grn,rep,16.55062634230371
693,NRM1,CLN1,"['NRM1', 'SWI4', 'CLN1']",ref,rep,
694,NRM1,CLN1,"['NRM1', 'SWI6', 'CLN1']",ref,rep,
695,NRM1,CLN1,"['NRM1', 'MBP1', 'CLN1']",ref,act,
696,NRM1,CLN1,"['NRM1', 'MBP1', 'CLN1']",ref,rep,
697,NRM1,CLN1,"['NRM1', 'MBP1', 'YHP1', 'SWI4', 'CLN1']",ref,act,
698,NRM1,CLN1,"['NRM1', 'MBP1', 'YHP1', 'SWI6', 'CLN1']",ref,act,
699,NRM1,CLN2,"['NRM1', 'HCM1', 'CLN2']",grn,act,9.7923550995726
700,NRM1,CLN2,"['NRM1', 'WHI5', 'HCM1', 'CLN2']",grn,rep,17.998010837351927
701,NRM1,CLN2,"['NRM1', 'SWI4', 'CLN2']",ref,rep,
702,NRM1,CLN2,"['NRM1', 'SWI6', 'CLN2']",ref,rep,
703,NRM1,CLN2,"['NRM1', 'MBP1', 'CLN2']",ref,rep,
704,NRM1,CLN2,"['NRM1', 'MBP1', 'YHP1', 'SWI4', 'CLN2']",ref,act,
705,NRM1,CLN2,"['NRM1', 'MBP1', 'YHP1', 'SWI6', 'CLN2']",ref,act,
706,NRM1,CLN3,"['NRM1', 'HCM1', 'FKH2', 'CLN3']",grn,act,29.074203385858386
707,NRM1,CLN3,"['NRM1', 'WHI5', 'HCM1', 'FKH2', 'CLN3']",grn,rep,37.279859123637706
708,NRM1,FKH1,"['NRM1', 'HCM1', 'FKH1']",grn,rep,24.155528634147704
709,NRM1,FKH1,"['NRM1', 'WHI5', 'HCM1', 'FKH1']",grn,act,32.36118437192703
710,NRM1,FKH1,"['NRM1', 'SWI4', 'HCM1', 'FKH1']",ref,rep,
711,NRM1,FKH1,"['NRM1', 'SWI4', 'PLM2', 'FKH1']",ref,rep,
712,NRM1,FKH1,"['NRM1', 'SWI4', 'TOS4', 'FKH1']",ref,rep,
713,NRM1,FKH1,"['NRM1', 'SWI4', 'CLN1', 'CDH1', 'FKH1']",ref,rep,
714,NRM1,FKH1,"['NRM1', 'SWI4', 'CLN2', 'CDH1', 'FKH1']",ref,rep,
715,NRM1,FKH1,"['NRM1', 'SWI6', 'CLN1', 'CDH1', 'FKH1']",ref,rep,
716,NRM1,FKH1,"['NRM1', 'SWI6', 'CLN2', 'CDH1', 'FKH1']",ref,rep,
717,NRM1,FKH1,"['NRM1', 'SWI6', 'HCM1', 'FKH1']",ref,rep,
718,NRM1,FKH1,"['NRM1', 'SWI6', 'PLM2', 'FKH1']",ref,rep,
719,NRM1,FKH1,"['NRM1', 'MBP1', 'CLN1', 'CDH1', 'FKH1']",ref,act,
720,NRM1,FKH1,"['NRM1', 'MBP1', 'PLM2', 'FKH1']",ref,act,
721,NRM1,FKH1,"['NRM1', 'MBP1', 'HCM1', 'FKH1']",ref,rep,
722,NRM1,FKH1,"['NRM1', 'MBP1', 'PLM2', 'FKH1']",ref,rep,
723,NRM1,FKH1,"['NRM1', 'MBP1', 'TOS4', 'FKH1']",ref,rep,
724,NRM1,FKH1,"['NRM1', 'MBP1', 'CLN1', 'CDH1', 'FKH1']",ref,rep,
725,NRM1,FKH1,"['NRM1', 'MBP1', 'CLN2', 'CDH1', 'FKH1']",ref,rep,
726,NRM1,FKH2,"['NRM1', 'HCM1', 'FKH2']",grn,rep,24.092501311522014
727,NRM1,FKH2,"['NRM1', 'WHI5', 'HCM1', 'FKH2']",grn,act,32.29815704930134
728,NRM1,FKH2,"['NRM1', 'SWI4', 'HCM1', 'FKH2']",ref,rep,
729,NRM1,FKH2,"['NRM1', 'SWI4', 'PLM2', 'FKH2']",ref,rep,
730,NRM1,FKH2,"['NRM1', 'SWI4', 'TOS4', 'FKH2']",ref,rep,
731,NRM1,FKH2,"['NRM1', 'SWI4', 'CLN1', 'CDH1', 'FKH2']",ref,rep,
732,NRM1,FKH2,"['NRM1', 'SWI4', 'CLN2', 'CDH1', 'FKH2']",ref,rep,
733,NRM1,FKH2,"['NRM1', 'SWI6', 'CLN1', 'CDH1', 'FKH2']",ref,rep,
734,NRM1,FKH2,"['NRM1', 'SWI6', 'CLN2', 'CDH1', 'FKH2']",ref,rep,
735,NRM1,FKH2,"['NRM1', 'SWI6', 'HCM1', 'FKH2']",ref,rep,
736,NRM1,FKH2,"['NRM1', 'SWI6', 'PLM2', 'FKH2']",ref,rep,
737,NRM1,FKH2,"['NRM1', 'MBP1', 'CLN1', 'CDH1', 'FKH2']",ref,act,
738,NRM1,FKH2,"['NRM1', 'MBP1', 'PLM2', 'FKH2']",ref,act,
739,NRM1,FKH2,"['NRM1', 'MBP1', 'HCM1', 'FKH2']",ref,rep,
740,NRM1,FKH2,"['NRM1', 'MBP1', 'PLM2', 'FKH2']",ref,rep,
741,NRM1,FKH2,"['NRM1', 'MBP1', 'TOS4', 'FKH2']",ref,rep,
742,NRM1,FKH2,"['NRM1', 'MBP1', 'CLN1', 'CDH1', 'FKH2']",ref,rep,
743,NRM1,FKH2,"['NRM1', 'MBP1', 'CLN2', 'CDH1', 'FKH2']",ref,rep,
744,NRM1,HCM1,"['NRM1', 'HCM1']",grn,rep,9.702695029338892
745,NRM1,HCM1,"['NRM1', 'WHI5', 'HCM1']",grn,act,17.908350767118222
746,NRM1,HCM1,"['NRM1', 'SWI4', 'HCM1']",ref,rep,
747,NRM1,HCM1,"['NRM1', 'SWI6', 'HCM1']",ref,rep,
748,NRM1,HCM1,"['NRM1', 'MBP1', 'HCM1']",ref,rep,
749,NRM1,HCM1,"['NRM1', 'MBP1', 'YHP1', 'SWI4', 'HCM1']",ref,act,
750,NRM1,HCM1,"['NRM1', 'MBP1', 'YHP1', 'SWI6', 'HCM1']",ref,act,
751,NRM1,MBP1,"['NRM1', 'MBP1']",ref,rep,
752,NRM1,MCM1,"['NRM1', 'SWI4', 'PLM2', 'MCM1']",ref,rep,
753,NRM1,MCM1,"['NRM1', 'SWI4', 'TOS4', 'MCM1']",ref,rep,
754,NRM1,MCM1,"['NRM1', 'SWI4', 'CLN1', 'CDH1', 'MCM1']",ref,rep,
755,NRM1,MCM1,"['NRM1', 'SWI4', 'CLN2', 'CDH1', 'MCM1']",ref,rep,
756,NRM1,MCM1,"['NRM1', 'SWI6', 'CLN1', 'CDH1', 'MCM1']",ref,rep,
757,NRM1,MCM1,"['NRM1', 'SWI6', 'CLN2', 'CDH1', 'MCM1']",ref,rep,
758,NRM1,MCM1,"['NRM1', 'SWI6', 'PLM2', 'MCM1']",ref,rep,
759,NRM1,MCM1,"['NRM1', 'MBP1', 'CLN1', 'CDH1', 'MCM1']",ref,act,
760,NRM1,MCM1,"['NRM1', 'MBP1', 'PLM2', 'MCM1']",ref,act,
761,NRM1,MCM1,"['NRM1', 'MBP1', 'PLM2', 'MCM1']",ref,rep,
762,NRM1,MCM1,"['NRM1', 'MBP1', 'TOS4', 'MCM1']",ref,rep,
763,NRM1,MCM1,"['NRM1', 'MBP1', 'CLN1', 'CDH1', 'MCM1']",ref,rep,
764,NRM1,MCM1,"['NRM1', 'MBP1', 'CLN2', 'CDH1', 'MCM1']",ref,rep,
765,NRM1,NDD1,"['NRM1', 'NDD1']",grn,rep,3.7824748232154843
766,NRM1,NDD1,"['NRM1', 'SWI4', 'PLM2', 'NDD1']",ref,rep,
767,NRM1,NDD1,"['NRM1', 'SWI4', 'TOS4', 'NDD1']",ref,rep,
768,NRM1,NDD1,"['NRM1', 'SWI4', 'CLN1', 'CDH1', 'NDD1']",ref,rep,
769,NRM1,NDD1,"['NRM1', 'SWI4', 'CLN2', 'CDH1', 'NDD1']",ref,rep,
770,NRM1,NDD1,"['NRM1', 'SWI6', 'CLN1', 'CDH1', 'NDD1']",ref,rep,
771,NRM1,NDD1,"['NRM1', 'SWI6', 'CLN2', 'CDH1', 'NDD1']",ref,rep,
772,NRM1,NDD1,"['NRM1', 'SWI6', 'PLM2', 'NDD1']",ref,rep,
773,NRM1,NDD1,"['NRM1', 'MBP1', 'CLN1', 'CDH1', 'NDD1']",ref,act,
774,NRM1,NDD1,"['NRM1', 'MBP1', 'PLM2', 'NDD1']",ref,act,
775,NRM1,NDD1,"['NRM1', 'MBP1', 'PLM2', 'NDD1']",ref,rep,
776,NRM1,NDD1,"['NRM1', 'MBP1', 'TOS4', 'NDD1']",ref,rep,
777,NRM1,NDD1,"['NRM1', 'MBP1', 'CLN1', 'CDH1', 'NDD1']",ref,rep,
778,NRM1,NDD1,"['NRM1', 'MBP1', 'CLN2', 'CDH1', 'NDD1']",ref,rep,
779,NRM1,PLM2,"['NRM1', 'SWI4', 'PLM2']",ref,rep,
780,NRM1,PLM2,"['NRM1', 'SWI6', 'PLM2']",ref,rep,
781,NRM1,PLM2,"['NRM1', 'MBP1', 'PLM2']",ref,act,
782,NRM1,PLM2,"['NRM1', 'MBP1', 'PLM2']",ref,rep,
783,NRM1,PLM2,"['NRM1', 'MBP1', 'YHP1', 'SWI4', 'PLM2']",ref,act,
784,NRM1,PLM2,"['NRM1', 'MBP1', 'YHP1', 'SWI6', 'PLM2']",ref,act,
785,NRM1,STB1,"['NRM1', 'STB1']",grn,rep,8.470773460810465
786,NRM1,STB1,"['NRM1', 'SWI4', 'CLN1', 'STB1']",ref,act,
787,NRM1,STB1,"['NRM1', 'SWI4', 'CLN2', 'STB1']",ref,act,
788,NRM1,STB1,"['NRM1', 'SWI6', 'CLN1', 'STB1']",ref,act,
789,NRM1,STB1,"['NRM1', 'SWI6', 'CLN2', 'STB1']",ref,act,
790,NRM1,STB1,"['NRM1', 'MBP1', 'CLN1', 'STB1']",ref,rep,
791,NRM1,STB1,"['NRM1', 'MBP1', 'CLN1', 'STB1']",ref,act,
792,NRM1,STB1,"['NRM1', 'MBP1', 'CLN2', 'STB1']",ref,act,
793,NRM1,SWI4,"['NRM1', 'SWI4']",grn,rep,12.215241383799537
794,NRM1,SWI4,"['NRM1', 'SWI4']",ref,rep,
795,NRM1,SWI4,"['NRM1', 'MBP1', 'YHP1', 'SWI4']",ref,act,
796,NRM1,SWI5,"['NRM1', 'SWI4', 'PLM2', 'NDD1', 'SWI5']",ref,rep,
797,NRM1,SWI5,"['NRM1', 'SWI4', 'PLM2', 'MCM1', 'SWI5']",ref,rep,
798,NRM1,SWI5,"['NRM1', 'SWI4', 'TOS4', 'NDD1', 'SWI5']",ref,rep,
799,NRM1,SWI5,"['NRM1', 'SWI4', 'TOS4', 'MCM1', 'SWI5']",ref,rep,
800,NRM1,SWI5,"['NRM1', 'SWI4', 'CLN1', 'CDH1', 'SWI5']",ref,act,
801,NRM1,SWI5,"['NRM1', 'SWI4', 'CLN2', 'CDH1', 'SWI5']",ref,act,
802,NRM1,SWI5,"['NRM1', 'SWI6', 'CLN1', 'CDH1', 'SWI5']",ref,act,
803,NRM1,SWI5,"['NRM1', 'SWI6', 'CLN2', 'CDH1', 'SWI5']",ref,act,
804,NRM1,SWI5,"['NRM1', 'SWI6', 'PLM2', 'NDD1', 'SWI5']",ref,rep,
805,NRM1,SWI5,"['NRM1', 'SWI6', 'PLM2', 'MCM1', 'SWI5']",ref,rep,
806,NRM1,SWI5,"['NRM1', 'MBP1', 'CLN1', 'CDH1', 'SWI5']",ref,rep,
807,NRM1,SWI5,"['NRM1', 'MBP1', 'PLM2', 'NDD1', 'SWI5']",ref,act,
808,NRM1,SWI5,"['NRM1', 'MBP1', 'PLM2', 'MCM1', 'SWI5']",ref,act,
809,NRM1,SWI5,"['NRM1', 'MBP1', 'PLM2', 'NDD1', 'SWI5']",ref,rep,
810,NRM1,SWI5,"['NRM1', 'MBP1', 'PLM2', 'MCM1', 'SWI5']",ref,rep,
811,NRM1,SWI5,"['NRM1', 'MBP1', 'TOS4', 'NDD1', 'SWI5']",ref,rep,
812,NRM1,SWI5,"['NRM1', 'MBP1', 'TOS4', 'MCM1', 'SWI5']",ref,rep,
813,NRM1,SWI5,"['NRM1', 'MBP1', 'CLN1', 'CDH1', 'SWI5']",ref,act,
814,NRM1,SWI5,"['NRM1', 'MBP1', 'CLN2', 'CDH1', 'SWI5']",ref,act,
815,NRM1,SWI6,"['NRM1', 'SWI6']",ref,rep,
816,NRM1,SWI6,"['NRM1', 'MBP1', 'YHP1', 'SWI6']",ref,act,
817,NRM1,TOS4,"['NRM1', 'YHP1', 'YOX1', 'TOS4']",grn,rep,36.35739864680799
818,NRM1,TOS4,"['NRM1', 'YOX1', 'TOS4']",grn,act,19.201208831446987
819,NRM1,TOS4,"['NRM1', 'SWI4', 'TOS4']",ref,rep,
820,NRM1,TOS4,"['NRM1', 'MBP1', 'TOS4']",ref,rep,
821,NRM1,TOS4,"['NRM1', 'MBP1', 'YHP1', 'SWI4', 'TOS4']",ref,act,
822,NRM1,WHI5,"['NRM1', 'WHI5']",grn,rep,9.975049748486859
823,NRM1,WHI5,"['NRM1', 'SWI4', 'CLN1', 'WHI5']",ref,act,
824,NRM1,WHI5,"['NRM1', 'SWI4', 'CLN2', 'WHI5']",ref,act,
825,NRM1,WHI5,"['NRM1', 'SWI6', 'CLN1', 'WHI5']",ref,act,
826,NRM1,WHI5,"['NRM1', 'SWI6', 'CLN2', 'WHI5']",ref,act,
827,NRM1,WHI5,"['NRM1', 'MBP1', 'CLN1', 'WHI5']",ref,rep,
828,NRM1,WHI5,"['NRM1', 'MBP1', 'CLN1', 'WHI5']",ref,act,
829,NRM1,WHI5,"['NRM1', 'MBP1', 'CLN2', 'WHI5']",ref,act,
830,NRM1,YHP1,"['NRM1', 'YHP1']",grn,rep,11.247185503664513
831,NRM1,YHP1,"['NRM1', 'SWI4', 'YHP1']",ref,rep,
832,NRM1,YHP1,"['NRM1', 'MBP1', 'YHP1']",ref,rep,
833,NRM1,YOX1,"['NRM1', 'YHP1', 'YOX1']",grn,act,21.201793863505845
834,NRM1,YOX1,"['NRM1', 'YOX1']",grn,rep,4.0456040481448445
835,NRM1,YOX1,"['NRM1', 'SWI4', 'CLN1', 'CDH1', 'YOX1']",ref,rep,
836,NRM1,YOX1,"['NRM1', 'SWI4', 'CLN2', 'CDH1', 'YOX1']",ref,rep,
837,NRM1,YOX1,"['NRM1', 'SWI4', 'YOX1']",ref,rep,
838,NRM1,YOX1,"['NRM1', 'SWI6', 'CLN1', 'CDH1', 'YOX1']",ref,rep,
839,NRM1,YOX1,"['NRM1', 'SWI6', 'CLN2', 'CDH1', 'YOX1']",ref,rep,
840,NRM1,YOX1,"['NRM1', 'MBP1', 'CLN1', 'CDH1', 'YOX1']",ref,act,
841,NRM1,YOX1,"['NRM1', 'MBP1', 'CLN1', 'CDH1', 'YOX1']",ref,rep,
842,NRM1,YOX1,"['NRM1', 'MBP1', 'CLN2', 'CDH1', 'YOX1']",ref,rep,
843,NRM1,YOX1,"['NRM1', 'MBP1', 'YOX1']",ref,rep,
844,NRM1,YOX1,"['NRM1', 'MBP1', 'YHP1', 'SWI4', 'YOX1']",ref,act,
845,PLM2,ACE2,"['PLM2', 'NDD1', 'ACE2']",ref,act,
846,PLM2,ACE2,"['PLM2', 'NDD1', 'CDC20', 'ACE2']",ref,act,
847,PLM2,ACE2,"['PLM2', 'MCM1', 'ACE2']",ref,act,
848,PLM2,ACE2,"['PLM2', 'MCM1', 'CDC20', 'ACE2']",ref,act,
849,PLM2,CDC20,"['PLM2', 'NDD1', 'CDC20']",ref,act,
850,PLM2,CDC20,"['PLM2', 'MCM1', 'CDC20']",ref,act,
851,PLM2,CLB2,"['PLM2', 'NDD1', 'CLB2']",ref,act,
852,PLM2,CLB2,"['PLM2', 'MCM1', 'CLB2']",ref,act,
853,PLM2,FKH1,"['PLM2', 'FKH1']",ref,act,
854,PLM2,FKH2,"['PLM2', 'FKH2']",ref,act,
855,PLM2,MCM1,"['PLM2', 'MCM1']",ref,act,
856,PLM2,NDD1,"['PLM2', 'NDD1']",ref,act,
857,PLM2,SWI5,"['PLM2', 'NDD1', 'SWI5']",ref,act,
858,PLM2,SWI5,"['PLM2', 'NDD1', 'CDC20', 'SWI5']",ref,act,
859,PLM2,SWI5,"['PLM2', 'MCM1', 'SWI5']",ref,act,
860,PLM2,SWI5,"['PLM2', 'MCM1', 'CDC20', 'SWI5']",ref,act,
861,STB1,ACE2,"['STB1', 'SWI4', 'PLM2', 'NDD1', 'ACE2']",ref,rep,
862,STB1,ACE2,"['STB1', 'SWI4', 'PLM2', 'MCM1', 'ACE2']",ref,rep,
863,STB1,ACE2,"['STB1', 'SWI4', 'TOS4', 'NDD1', 'ACE2']",ref,rep,
864,STB1,ACE2,"['STB1', 'SWI4', 'TOS4', 'MCM1', 'ACE2']",ref,rep,
865,STB1,ACE2,"['STB1', 'SWI6', 'PLM2', 'NDD1', 'ACE2']",ref,rep,
866,STB1,ACE2,"['STB1', 'SWI6', 'PLM2', 'MCM1', 'ACE2']",ref,rep,
867,STB1,ACE2,"['STB1', 'MBP1', 'PLM2', 'NDD1', 'ACE2']",ref,act,
868,STB1,ACE2,"['STB1', 'MBP1', 'PLM2', 'MCM1', 'ACE2']",ref,act,
869,STB1,ACE2,"['STB1', 'MBP1', 'PLM2', 'NDD1', 'ACE2']",ref,rep,
870,STB1,ACE2,"['STB1', 'MBP1', 'PLM2', 'MCM1', 'ACE2']",ref,rep,
871,STB1,ACE2,"['STB1', 'MBP1', 'TOS4', 'NDD1', 'ACE2']",ref,rep,
872,STB1,ACE2,"['STB1', 'MBP1', 'TOS4', 'MCM1', 'ACE2']",ref,rep,
873,STB1,CDC20,"['STB1', 'SWI4', 'PLM2', 'NDD1', 'CDC20']",ref,rep,
874,STB1,CDC20,"['STB1', 'SWI4', 'PLM2', 'MCM1', 'CDC20']",ref,rep,
875,STB1,CDC20,"['STB1', 'SWI4', 'TOS4', 'NDD1', 'CDC20']",ref,rep,
876,STB1,CDC20,"['STB1', 'SWI4', 'TOS4', 'MCM1', 'CDC20']",ref,rep,
877,STB1,CDC20,"['STB1', 'SWI6', 'PLM2', 'NDD1', 'CDC20']",ref,rep,
878,STB1,CDC20,"['STB1', 'SWI6', 'PLM2', 'MCM1', 'CDC20']",ref,rep,
879,STB1,CDC20,"['STB1', 'MBP1', 'PLM2', 'NDD1', 'CDC20']",ref,act,
880,STB1,CDC20,"['STB1', 'MBP1', 'PLM2', 'MCM1', 'CDC20']",ref,act,
881,STB1,CDC20,"['STB1', 'MBP1', 'PLM2', 'NDD1', 'CDC20']",ref,rep,
882,STB1,CDC20,"['STB1', 'MBP1', 'PLM2', 'MCM1', 'CDC20']",ref,rep,
883,STB1,CDC20,"['STB1', 'MBP1', 'TOS4', 'NDD1', 'CDC20']",ref,rep,
884,STB1,CDC20,"['STB1', 'MBP1', 'TOS4', 'MCM1', 'CDC20']",ref,rep,
885,STB1,CLB1,"['STB1', 'NRM1', 'HCM1', 'FKH2', 'CLB1']",grn,act,37.155270896309595
886,STB1,CLB2,"['STB1', 'SWI4', 'PLM2', 'NDD1', 'CLB2']",ref,rep,
887,STB1,CLB2,"['STB1', 'SWI4', 'PLM2', 'MCM1', 'CLB2']",ref,rep,
888,STB1,CLB2,"['STB1', 'SWI4', 'TOS4', 'NDD1', 'CLB2']",ref,rep,
889,STB1,CLB2,"['STB1', 'SWI4', 'TOS4', 'MCM1', 'CLB2']",ref,rep,
890,STB1,CLB2,"['STB1', 'SWI6', 'PLM2', 'NDD1', 'CLB2']",ref,rep,
891,STB1,CLB2,"['STB1', 'SWI6', 'PLM2', 'MCM1', 'CLB2']",ref,rep,
892,STB1,CLB2,"['STB1', 'MBP1', 'PLM2', 'NDD1', 'CLB2']",ref,act,
893,STB1,CLB2,"['STB1', 'MBP1', 'PLM2', 'MCM1', 'CLB2']",ref,act,
894,STB1,CLB2,"['STB1', 'MBP1', 'PLM2', 'NDD1', 'CLB2']",ref,rep,
895,STB1,CLB2,"['STB1', 'MBP1', 'PLM2', 'MCM1', 'CLB2']",ref,rep,
896,STB1,CLB2,"['STB1', 'MBP1', 'TOS4', 'NDD1', 'CLB2']",ref,rep,
897,STB1,CLB2,"['STB1', 'MBP1', 'TOS4', 'MCM1', 'CLB2']",ref,rep,
898,STB1,CLB3,"['STB1', 'NRM1', 'HCM1', 'CLB3']",grn,rep,34.77320283354109
899,STB1,CLB4,"['STB1', 'NRM1', 'HCM1', 'CLB4']",grn,rep,35.4249716012116
900,STB1,CLB5,"['STB1', 'NRM1', 'HCM1', 'CLB5']",grn,act,22.950430605099456
901,STB1,CLB5,"['STB1', 'SWI4', 'CLB5']",ref,rep,
902,STB1,CLB5,"['STB1', 'SWI6', 'CLB5']",ref,rep,
903,STB1,CLB5,"['STB1', 'MBP1', 'CLB5']",ref,rep,
904,STB1,CLB5,"['STB1', 'MBP1', 'YHP1', 'SWI4', 'CLB5']",ref,act,
905,STB1,CLB5,"['STB1', 'MBP1', 'YHP1', 'SWI6', 'CLB5']",ref,act,
906,STB1,CLB6,"['STB1', 'CLB6']",grn,act,0.25591867909953897
907,STB1,CLB6,"['STB1', 'NRM1', 'CLB6']",grn,rep,25.199574044020324
908,STB1,CLB6,"['STB1', 'NRM1', 'HCM1', 'FKH2', 'CLB6']",grn,act,52.11334225584537
909,STB1,CLB6,"['STB1', 'SWI4', 'CLB6']",ref,rep,
910,STB1,CLB6,"['STB1', 'SWI6', 'CLB6']",ref,rep,
911,STB1,CLB6,"['STB1', 'MBP1', 'CLB6']",ref,rep,
912,STB1,CLB6,"['STB1', 'MBP1', 'YHP1', 'SWI4', 'CLB6']",ref,act,
913,STB1,CLB6,"['STB1', 'MBP1', 'YHP1', 'SWI6', 'CLB6']",ref,act,
914,STB1,CLN1,"['STB1', 'CLN1']",grn,act,8.079852881493245
915,STB1,CLN1,"['STB1', 'SWI4', 'CLN1']",ref,rep,
916,STB1,CLN1,"['STB1', 'SWI6', 'CLN1']",ref,rep,
917,STB1,CLN1,"['STB1', 'MBP1', 'CLN1']",ref,act,
918,STB1,CLN1,"['STB1', 'MBP1', 'CLN1']",ref,rep,
919,STB1,CLN1,"['STB1', 'MBP1', 'YHP1', 'SWI4', 'CLN1']",ref,act,
920,STB1,CLN1,"['STB1', 'MBP1', 'YHP1', 'SWI6', 'CLN1']",ref,act,
921,STB1,CLN2,"['STB1', 'NRM1', 'HCM1', 'CLN2']",grn,act,22.855124677488313
922,STB1,CLN2,"['STB1', 'SWI4', 'CLN2']",ref,rep,
923,STB1,CLN2,"['STB1', 'SWI6', 'CLN2']",ref,rep,
924,STB1,CLN2,"['STB1', 'MBP1', 'CLN2']",ref,rep,
925,STB1,CLN2,"['STB1', 'MBP1', 'YHP1', 'SWI4', 'CLN2']",ref,act,
926,STB1,CLN2,"['STB1', 'MBP1', 'YHP1', 'SWI6', 'CLN2']",ref,act,
927,STB1,CLN3,"['STB1', 'NRM1', 'HCM1', 'FKH2', 'CLN3']",grn,act,42.1369729637741
928,STB1,FKH1,"['STB1', 'NRM1', 'HCM1', 'FKH1']",grn,rep,37.21829821206342
929,STB1,FKH1,"['STB1', 'SWI4', 'HCM1', 'FKH1']",ref,rep,
930,STB1,FKH1,"['STB1', 'SWI4', 'PLM2', 'FKH1']",ref,rep,
931,STB1,FKH1,"['STB1', 'SWI4', 'TOS4', 'FKH1']",ref,rep,
932,STB1,FKH1,"['STB1', 'SWI6', 'HCM1', 'FKH1']",ref,rep,
933,STB1,FKH1,"['STB1', 'SWI6', 'PLM2', 'FKH1']",ref,rep,
934,STB1,FKH1,"['STB1', 'MBP1', 'PLM2', 'FKH1']",ref,act,
935,STB1,FKH1,"['STB1', 'MBP1', 'HCM1', 'FKH1']",ref,rep,
936,STB1,FKH1,"['STB1', 'MBP1', 'PLM2', 'FKH1']",ref,rep,
937,STB1,FKH1,"['STB1', 'MBP1', 'TOS4', 'FKH1']",ref,rep,
938,STB1,FKH2,"['STB1', 'NRM1', 'HCM1', 'FKH2']",grn,rep,37.15527088943773
939,STB1,FKH2,"['STB1', 'SWI4', 'HCM1', 'FKH2']",ref,rep,
940,STB1,FKH2,"['STB1', 'SWI4', 'PLM2', 'FKH2']",ref,rep,
941,STB1,FKH2,"['STB1', 'SWI4', 'TOS4', 'FKH2']",ref,rep,
942,STB1,FKH2,"['STB1', 'SWI6', 'HCM1', 'FKH2']",ref,rep,
943,STB1,FKH2,"['STB1', 'SWI6', 'PLM2', 'FKH2']",ref,rep,
944,STB1,FKH2,"['STB1', 'MBP1', 'PLM2', 'FKH2']",ref,act,
945,STB1,FKH2,"['STB1', 'MBP1', 'HCM1', 'FKH2']",ref,rep,
946,STB1,FKH2,"['STB1', 'MBP1', 'PLM2', 'FKH2']",ref,rep,
947,STB1,FKH2,"['STB1', 'MBP1', 'TOS4', 'FKH2']",ref,rep,
948,STB1,HCM1,"['STB1', 'NRM1', 'HCM1']",grn,rep,22.765464607254607
949,STB1,HCM1,"['STB1', 'SWI4', 'HCM1']",ref,rep,
950,STB1,HCM1,"['STB1', 'SWI6', 'HCM1']",ref,rep,
951,STB1,HCM1,"['STB1', 'MBP1', 'HCM1']",ref,rep,
952,STB1,HCM1,"['STB1', 'MBP1', 'YHP1', 'SWI4', 'HCM1']",ref,act,
953,STB1,HCM1,"['STB1', 'MBP1', 'YHP1', 'SWI6', 'HCM1']",ref,act,
954,STB1,MBP1,"['STB1', 'MBP1']",ref,rep,
955,STB1,MCM1,"['STB1', 'SWI4', 'PLM2', 'MCM1']",ref,rep,
956,STB1,MCM1,"['STB1', 'SWI4', 'TOS4', 'MCM1']",ref,rep,
957,STB1,MCM1,"['STB1', 'SWI6', 'PLM2', 'MCM1']",ref,rep,
958,STB1,MCM1,"['STB1', 'MBP1', 'PLM2', 'MCM1']",ref,act,
959,STB1,MCM1,"['STB1', 'MBP1', 'PLM2', 'MCM1']",ref,rep,
960,STB1,MCM1,"['STB1', 'MBP1', 'TOS4', 'MCM1']",ref,rep,
961,STB1,NDD1,"['STB1', 'NRM1', 'NDD1']",grn,rep,16.8452444011312
962,STB1,NDD1,"['STB1', 'SWI4', 'PLM2', 'NDD1']",ref,rep,
963,STB1,NDD1,"['STB1', 'SWI4', 'TOS4', 'NDD1']",ref,rep,
964,STB1,NDD1,"['STB1', 'SWI6', 'PLM2', 'NDD1']",ref,rep,
965,STB1,NDD1,"['STB1', 'MBP1', 'PLM2', 'NDD1']",ref,act,
966,STB1,NDD1,"['STB1', 'MBP1', 'PLM2', 'NDD1']",ref,rep,
967,STB1,NDD1,"['STB1', 'MBP1', 'TOS4', 'NDD1']",ref,rep,
968,STB1,NRM1,"['STB1', 'NRM1']",grn,act,13.062769577915716
969,STB1,NRM1,"['STB1', 'SWI4', 'NRM1']",ref,rep,
970,STB1,NRM1,"['STB1', 'MBP1', 'NRM1']",ref,rep,
971,STB1,PLM2,"['STB1', 'PLM2']",grn,act,14.925650629579732
972,STB1,PLM2,"['STB1', 'SWI4', 'PLM2']",ref,rep,
973,STB1,PLM2,"['STB1', 'SWI6', 'PLM2']",ref,rep,
974,STB1,PLM2,"['STB1', 'MBP1', 'PLM2']",ref,act,
975,STB1,PLM2,"['STB1', 'MBP1', 'PLM2']",ref,rep,
976,STB1,PLM2,"['STB1', 'MBP1', 'YHP1', 'SWI4', 'PLM2']",ref,act,
977,STB1,PLM2,"['STB1', 'MBP1', 'YHP1', 'SWI6', 'PLM2']",ref,act,
978,STB1,SWI4,"['STB1', 'SWI4']",grn,rep,1.5335641547394214
979,STB1,SWI4,"['STB1', 'SWI4']",ref,rep,
980,STB1,SWI4,"['STB1', 'MBP1', 'YHP1', 'SWI4']",ref,act,
981,STB1,SWI5,"['STB1', 'SWI4', 'PLM2', 'NDD1', 'SWI5']",ref,rep,
982,STB1,SWI5,"['STB1', 'SWI4', 'PLM2', 'MCM1', 'SWI5']",ref,rep,
983,STB1,SWI5,"['STB1', 'SWI4', 'TOS4', 'NDD1', 'SWI5']",ref,rep,
984,STB1,SWI5,"['STB1', 'SWI4', 'TOS4', 'MCM1', 'SWI5']",ref,rep,
985,STB1,SWI5,"['STB1', 'SWI6', 'PLM2', 'NDD1', 'SWI5']",ref,rep,
986,STB1,SWI5,"['STB1', 'SWI6', 'PLM2', 'MCM1', 'SWI5']",ref,rep,
987,STB1,SWI5,"['STB1', 'MBP1', 'PLM2', 'NDD1', 'SWI5']",ref,act,
988,STB1,SWI5,"['STB1', 'MBP1', 'PLM2', 'MCM1', 'SWI5']",ref,act,
989,STB1,SWI5,"['STB1', 'MBP1', 'PLM2', 'NDD1', 'SWI5']",ref,rep,
990,STB1,SWI5,"['STB1', 'MBP1', 'PLM2', 'MCM1', 'SWI5']",ref,rep,
991,STB1,SWI5,"['STB1', 'MBP1', 'TOS4', 'NDD1', 'SWI5']",ref,rep,
992,STB1,SWI5,"['STB1', 'MBP1', 'TOS4', 'MCM1', 'SWI5']",ref,rep,
993,STB1,SWI6,"['STB1', 'SWI6']",ref,rep,
994,STB1,SWI6,"['STB1', 'MBP1', 'YHP1', 'SWI6']",ref,act,
995,STB1,TOS4,"['STB1', 'SWI4', 'TOS4']",ref,rep,
996,STB1,TOS4,"['STB1', 'MBP1', 'TOS4']",ref,rep,
997,STB1,TOS4,"['STB1', 'MBP1', 'YHP1', 'SWI4', 'TOS4']",ref,act,
998,STB1,WHI5,"['STB1', 'SWI4', 'CLN1', 'WHI5']",ref,act,
999,STB1,WHI5,"['STB1', 'SWI4', 'CLN2', 'WHI5']",ref,act,
1000,STB1,WHI5,"['STB1', 'SWI6', 'CLN1', 'WHI5']",ref,act,
1001,STB1,WHI5,"['STB1', 'SWI6', 'CLN2', 'WHI5']",ref,act,
1002,STB1,WHI5,"['STB1', 'MBP1', 'CLN1', 'WHI5']",ref,rep,
1003,STB1,WHI5,"['STB1', 'MBP1', 'CLN1', 'WHI5']",ref,act,
1004,STB1,WHI5,"['STB1', 'MBP1', 'CLN2', 'WHI5']",ref,act,
1005,STB1,YHP1,"['STB1', 'SWI4', 'YHP1']",ref,rep,
1006,STB1,YHP1,"['STB1', 'MBP1', 'YHP1']",ref,rep,
1007,STB1,YOX1,"['STB1', 'SWI4', 'YOX1']",ref,rep,
1008,STB1,YOX1,"['STB1', 'MBP1', 'YOX1']",ref,rep,
1009,STB1,YOX1,"['STB1', 'MBP1', 'YHP1', 'SWI4', 'YOX1']",ref,act,
1010,SWI4,ACE2,"['SWI4', 'PLM2', 'NDD1', 'ACE2']",ref,act,
1011,SWI4,ACE2,"['SWI4', 'PLM2', 'NDD1', 'CDC20', 'ACE2']",ref,act,
1012,SWI4,ACE2,"['SWI4', 'PLM2', 'MCM1', 'ACE2']",ref,act,
1013,SWI4,ACE2,"['SWI4', 'PLM2', 'MCM1', 'CDC20', 'ACE2']",ref,act,
1014,SWI4,ACE2,"['SWI4', 'TOS4', 'NDD1', 'ACE2']",ref,act,
1015,SWI4,ACE2,"['SWI4', 'TOS4', 'NDD1', 'CDC20', 'ACE2']",ref,act,
1016,SWI4,ACE2,"['SWI4', 'TOS4', 'MCM1', 'ACE2']",ref,act,
1017,SWI4,ACE2,"['SWI4', 'TOS4', 'MCM1', 'CDC20', 'ACE2']",ref,act,
1018,SWI4,ACE2,"['SWI4', 'CLN1', 'CDH1', 'ACE2']",ref,rep,
1019,SWI4,ACE2,"['SWI4', 'CLN1', 'CDH1', 'NDD1', 'ACE2']",ref,act,
1020,SWI4,ACE2,"['SWI4', 'CLN1', 'CDH1', 'MCM1', 'ACE2']",ref,act,
1021,SWI4,ACE2,"['SWI4', 'CLN2', 'CDH1', 'ACE2']",ref,rep,
1022,SWI4,ACE2,"['SWI4', 'CLN2', 'CDH1', 'NDD1', 'ACE2']",ref,act,
1023,SWI4,ACE2,"['SWI4', 'CLN2', 'CDH1', 'MCM1', 'ACE2']",ref,act,
1024,SWI4,CDC20,"['SWI4', 'PLM2', 'NDD1', 'CDC20']",ref,act,
1025,SWI4,CDC20,"['SWI4', 'PLM2', 'MCM1', 'CDC20']",ref,act,
1026,SWI4,CDC20,"['SWI4', 'TOS4', 'NDD1', 'CDC20']",ref,act,
1027,SWI4,CDC20,"['SWI4', 'TOS4', 'MCM1', 'CDC20']",ref,act,
1028,SWI4,CDC20,"['SWI4', 'CLN1', 'CDH1', 'NDD1', 'CDC20']",ref,act,
1029,SWI4,CDC20,"['SWI4', 'CLN1', 'CDH1', 'MCM1', 'CDC20']",ref,act,
1030,SWI4,CDC20,"['SWI4', 'CLN2', 'CDH1', 'NDD1', 'CDC20']",ref,act,
1031,SWI4,CDC20,"['SWI4', 'CLN2', 'CDH1', 'MCM1', 'CDC20']",ref,act,
1032,SWI4,CDH1,"['SWI4', 'CLN1', 'CDH1']",ref,rep,
1033,SWI4,CDH1,"['SWI4', 'CLN2', 'CDH1']",ref,rep,
1034,SWI4,CLB2,"['SWI4', 'PLM2', 'NDD1', 'CLB2']",ref,act,
1035,SWI4,CLB2,"['SWI4', 'PLM2', 'MCM1', 'CLB2']",ref,act,
1036,SWI4,CLB2,"['SWI4', 'TOS4', 'NDD1', 'CLB2']",ref,act,
1037,SWI4,CLB2,"['SWI4', 'TOS4', 'MCM1', 'CLB2']",ref,act,
1038,SWI4,CLB2,"['SWI4', 'CLN1', 'CDH1', 'NDD1', 'CLB2']",ref,act,
1039,SWI4,CLB2,"['SWI4', 'CLN1', 'CDH1', 'MCM1', 'CLB2']",ref,act,
1040,SWI4,CLB2,"['SWI4', 'CLN2', 'CDH1', 'NDD1', 'CLB2']",ref,act,
1041,SWI4,CLB2,"['SWI4', 'CLN2', 'CDH1', 'MCM1', 'CLB2']",ref,act,
1042,SWI4,CLB5,"['SWI4', 'CLB5']",ref,act,
1043,SWI4,CLB6,"['SWI4', 'CLB6']",ref,act,
1044,SWI4,CLN1,"['SWI4', 'CLN1']",ref,act,
1045,SWI4,CLN2,"['SWI4', 'CLN2']",ref,act,
1046,SWI4,FKH1,"['SWI4', 'HCM1', 'FKH1']",ref,act,
1047,SWI4,FKH1,"['SWI4', 'PLM2', 'FKH1']",ref,act,
1048,SWI4,FKH1,"['SWI4', 'TOS4', 'FKH1']",ref,act,
1049,SWI4,FKH1,"['SWI4', 'CLN1', 'CDH1', 'FKH1']",ref,act,
1050,SWI4,FKH1,"['SWI4', 'CLN2', 'CDH1', 'FKH1']",ref,act,
1051,SWI4,FKH2,"['SWI4', 'HCM1', 'FKH2']",ref,act,
1052,SWI4,FKH2,"['SWI4', 'PLM2', 'FKH2']",ref,act,
1053,SWI4,FKH2,"['SWI4', 'TOS4', 'FKH2']",ref,act,
1054,SWI4,FKH2,"['SWI4', 'CLN1', 'CDH1', 'FKH2']",ref,act,
1055,SWI4,FKH2,"['SWI4', 'CLN2', 'CDH1', 'FKH2']",ref,act,
1056,SWI4,HCM1,"['SWI4', 'HCM1']",ref,act,
1057,SWI4,MCM1,"['SWI4', 'PLM2', 'MCM1']",ref,act,
1058,SWI4,MCM1,"['SWI4', 'TOS4', 'MCM1']",ref,act,
1059,SWI4,MCM1,"['SWI4', 'CLN1', 'CDH1', 'MCM1']",ref,act,
1060,SWI4,MCM1,"['SWI4', 'CLN2', 'CDH1', 'MCM1']",ref,act,
1061,SWI4,NDD1,"['SWI4', 'PLM2', 'NDD1']",ref,act,
1062,SWI4,NDD1,"['SWI4', 'TOS4', 'NDD1']",ref,act,
1063,SWI4,NDD1,"['SWI4', 'CLN1', 'CDH1', 'NDD1']",ref,act,
1064,SWI4,NDD1,"['SWI4', 'CLN2', 'CDH1', 'NDD1']",ref,act,
1065,SWI4,NRM1,"['SWI4', 'CLN1', 'CDH1', 'NRM1']",ref,act,
1066,SWI4,NRM1,"['SWI4', 'CLN2', 'CDH1', 'NRM1']",ref,act,
1067,SWI4,NRM1,"['SWI4', 'NRM1']",ref,act,
1068,SWI4,PLM2,"['SWI4', 'PLM2']",ref,act,
1069,SWI4,STB1,"['SWI4', 'CLN1', 'STB1']",ref,rep,
1070,SWI4,STB1,"['SWI4', 'CLN2', 'STB1']",ref,rep,
1071,SWI4,SWI5,"['SWI4', 'PLM2', 'NDD1', 'SWI5']",ref,act,
1072,SWI4,SWI5,"['SWI4', 'PLM2', 'NDD1', 'CDC20', 'SWI5']",ref,act,
1073,SWI4,SWI5,"['SWI4', 'PLM2', 'MCM1', 'SWI5']",ref,act,
1074,SWI4,SWI5,"['SWI4', 'PLM2', 'MCM1', 'CDC20', 'SWI5']",ref,act,
1075,SWI4,SWI5,"['SWI4', 'TOS4', 'NDD1', 'SWI5']",ref,act,
1076,SWI4,SWI5,"['SWI4', 'TOS4', 'NDD1', 'CDC20', 'SWI5']",ref,act,
1077,SWI4,SWI5,"['SWI4', 'TOS4', 'MCM1', 'SWI5']",ref,act,
1078,SWI4,SWI5,"['SWI4', 'TOS4', 'MCM1', 'CDC20', 'SWI5']",ref,act,
1079,SWI4,SWI5,"['SWI4', 'CLN1', 'CDH1', 'SWI5']",ref,rep,
1080,SWI4,SWI5,"['SWI4', 'CLN1', 'CDH1', 'NDD1', 'SWI5']",ref,act,
1081,SWI4,SWI5,"['SWI4', 'CLN1', 'CDH1', 'MCM1', 'SWI5']",ref,act,
1082,SWI4,SWI5,"['SWI4', 'CLN2', 'CDH1', 'SWI5']",ref,rep,
1083,SWI4,SWI5,"['SWI4', 'CLN2', 'CDH1', 'NDD1', 'SWI5']",ref,act,
1084,SWI4,SWI5,"['SWI4', 'CLN2', 'CDH1', 'MCM1', 'SWI5']",ref,act,
1085,SWI4,TOS4,"['SWI4', 'TOS4']",ref,act,
1086,SWI4,WHI5,"['SWI4', 'CLN1', 'WHI5']",ref,rep,
1087,SWI4,WHI5,"['SWI4', 'CLN2', 'WHI5']",ref,rep,
1088,SWI4,YHP1,"['SWI4', 'CLN1', 'CDH1', 'YHP1']",ref,act,
1089,SWI4,YHP1,"['SWI4', 'CLN2', 'CDH1', 'YHP1']",ref,act,
1090,SWI4,YHP1,"['SWI4', 'YHP1']",ref,act,
1091,SWI4,YOX1,"['SWI4', 'CLN1', 'CDH1', 'YOX1']",ref,act,
1092,SWI4,YOX1,"['SWI4', 'CLN2', 'CDH1', 'YOX1']",ref,act,
1093,SWI4,YOX1,"['SWI4', 'YOX1']",ref,act,
1094,SWI5,CDC20,"['SWI5', 'CDC20']",grn,rep,16.24819033395547
1095,SWI5,CLB1,"['SWI5', 'CLB1']",grn,rep,15.217558986702649
1096,SWI5,CLB5,"['SWI5', 'CLB5']",grn,act,16.720767231084107
1097,SWI5,CLB5,"['SWI5', 'CLN3', 'STB1', 'SWI4', 'CLB5']",ref,act,
1098,SWI5,CLB5,"['SWI5', 'CLN3', 'STB1', 'SWI6', 'CLB5']",ref,act,
1099,SWI5,CLB5,"['SWI5', 'CLN3', 'STB1', 'MBP1', 'CLB5']",ref,act,
1100,SWI5,CLB6,"['SWI5', 'CLN3', 'STB1', 'SWI4', 'CLB6']",ref,act,
1101,SWI5,CLB6,"['SWI5', 'CLN3', 'STB1', 'SWI6', 'CLB6']",ref,act,
1102,SWI5,CLB6,"['SWI5', 'CLN3', 'STB1', 'MBP1', 'CLB6']",ref,act,
1103,SWI5,CLN1,"['SWI5', 'CLN3', 'STB1', 'SWI4', 'CLN1']",ref,act,
1104,SWI5,CLN1,"['SWI5', 'CLN3', 'STB1', 'SWI6', 'CLN1']",ref,act,
1105,SWI5,CLN1,"['SWI5', 'CLN3', 'STB1', 'MBP1', 'CLN1']",ref,rep,
1106,SWI5,CLN1,"['SWI5', 'CLN3', 'STB1', 'MBP1', 'CLN1']",ref,act,
1107,SWI5,CLN2,"['SWI5', 'CLN3', 'STB1', 'SWI4', 'CLN2']",ref,act,
1108,SWI5,CLN2,"['SWI5', 'CLN3', 'STB1', 'SWI6', 'CLN2']",ref,act,
1109,SWI5,CLN2,"['SWI5', 'CLN3', 'STB1', 'MBP1', 'CLN2']",ref,act,
1110,SWI5,CLN3,"['SWI5', 'CLN3']",ref,act,
1111,SWI5,FKH1,"['SWI5', 'FKH1']",grn,act,5.6169595786701105
1112,SWI5,HCM1,"['SWI5', 'CLN3', 'STB1', 'SWI4', 'HCM1']",ref,act,
1113,SWI5,HCM1,"['SWI5', 'CLN3', 'STB1', 'SWI6', 'HCM1']",ref,act,
1114,SWI5,HCM1,"['SWI5', 'CLN3', 'STB1', 'MBP1', 'HCM1']",ref,act,
1115,SWI5,MBP1,"['SWI5', 'CLN3', 'STB1', 'MBP1']",ref,act,
1116,SWI5,NRM1,"['SWI5', 'CLN3', 'STB1', 'SWI4', 'NRM1']",ref,act,
1117,SWI5,NRM1,"['SWI5', 'CLN3', 'STB1', 'MBP1', 'NRM1']",ref,act,
1118,SWI5,PLM2,"['SWI5', 'CLN3', 'STB1', 'SWI4', 'PLM2']",ref,act,
1119,SWI5,PLM2,"['SWI5', 'CLN3', 'STB1', 'SWI6', 'PLM2']",ref,act,
1120,SWI5,PLM2,"['SWI5', 'CLN3', 'STB1', 'MBP1', 'PLM2']",ref,rep,
1121,SWI5,PLM2,"['SWI5', 'CLN3', 'STB1', 'MBP1', 'PLM2']",ref,act,
1122,SWI5,STB1,"['SWI5', 'CLN3', 'STB1']",ref,rep,
1123,SWI5,SWI4,"['SWI5', 'CLN3', 'STB1', 'SWI4']",ref,act,
1124,SWI5,SWI6,"['SWI5', 'CLN3', 'STB1', 'SWI6']",ref,act,
1125,SWI5,TOS4,"['SWI5', 'CLN3', 'STB1', 'SWI4', 'TOS4']",ref,act,
1126,SWI5,TOS4,"['SWI5', 'CLN3', 'STB1', 'MBP1', 'TOS4']",ref,act,
1127,SWI5,WHI5,"['SWI5', 'CLN3', 'WHI5']",ref,rep,
1128,SWI5,YHP1,"['SWI5', 'CLN3', 'STB1', 'SWI4', 'YHP1']",ref,act,
1129,SWI5,YHP1,"['SWI5', 'CLN3', 'STB1', 'MBP1', 'YHP1']",ref,act,
1130,SWI5,YOX1,"['SWI5', 'CLN3', 'STB1', 'SWI4', 'YOX1']",ref,act,
1131,SWI5,YOX1,"['SWI5', 'CLN3', 'STB1', 'MBP1', 'YOX1']",ref,act,
1132,SWI6,ACE2,"['SWI6', 'CLN1', 'CDH1', 'ACE2']",ref,rep,
1133,SWI6,ACE2,"['SWI6', 'CLN1', 'CDH1', 'NDD1', 'ACE2']",ref,act,
1134,SWI6,ACE2,"['SWI6', 'CLN1', 'CDH1', 'MCM1', 'ACE2']",ref,act,
1135,SWI6,ACE2,"['SWI6', 'CLN2', 'CDH1', 'ACE2']",ref,rep,
1136,SWI6,ACE2,"['SWI6', 'CLN2', 'CDH1', 'NDD1', 'ACE2']",ref,act,
1137,SWI6,ACE2,"['SWI6', 'CLN2', 'CDH1', 'MCM1', 'ACE2']",ref,act,
1138,SWI6,ACE2,"['SWI6', 'PLM2', 'NDD1', 'ACE2']",ref,act,
1139,SWI6,ACE2,"['SWI6', 'PLM2', 'NDD1', 'CDC20', 'ACE2']",ref,act,
1140,SWI6,ACE2,"['SWI6', 'PLM2', 'MCM1', 'ACE2']",ref,act,
1141,SWI6,ACE2,"['SWI6', 'PLM2', 'MCM1', 'CDC20', 'ACE2']",ref,act,
1142,SWI6,ACE2,"['SWI6', 'TOS4', 'NDD1', 'ACE2']",ref,act,
1143,SWI6,ACE2,"['SWI6', 'TOS4', 'NDD1', 'CDC20', 'ACE2']",ref,act,
1144,SWI6,ACE2,"['SWI6', 'TOS4', 'MCM1', 'ACE2']",ref,act,
1145,SWI6,ACE2,"['SWI6', 'TOS4', 'MCM1', 'CDC20', 'ACE2']",ref,act,
1146,SWI6,CDC20,"['SWI6', 'CLN1', 'CDH1', 'NDD1', 'CDC20']",ref,act,
1147,SWI6,CDC20,"['SWI6', 'CLN1', 'CDH1', 'MCM1', 'CDC20']",ref,act,
1148,SWI6,CDC20,"['SWI6', 'CLN2', 'CDH1', 'NDD1', 'CDC20']",ref,act,
1149,SWI6,CDC20,"['SWI6', 'CLN2', 'CDH1', 'MCM1', 'CDC20']",ref,act,
1150,SWI6,CDC20,"['SWI6', 'PLM2', 'NDD1', 'CDC20']",ref,act,
1151,SWI6,CDC20,"['SWI6', 'PLM2', 'MCM1', 'CDC20']",ref,act,
1152,SWI6,CDC20,"['SWI6', 'TOS4', 'NDD1', 'CDC20']",ref,act,
1153,SWI6,CDC20,"['SWI6', 'TOS4', 'MCM1', 'CDC20']",ref,act,
1154,SWI6,CDH1,"['SWI6', 'CLN1', 'CDH1']",ref,rep,
1155,SWI6,CDH1,"['SWI6', 'CLN2', 'CDH1']",ref,rep,
1156,SWI6,CDH1,"['SWI6', 'YHP1', 'SWI4', 'CLN1', 'CDH1']",ref,act,
1157,SWI6,CDH1,"['SWI6', 'YHP1', 'SWI4', 'CLN2', 'CDH1']",ref,act,
1158,SWI6,CLB1,"['SWI6', 'HCM1', 'FKH2', 'CLB1']",grn,rep,27.82951913211087
1159,SWI6,CLB2,"['SWI6', 'YOX1', 'CLB2']",grn,rep,10.13780024157367
1160,SWI6,CLB2,"['SWI6', 'CLN1', 'CDH1', 'NDD1', 'CLB2']",ref,act,
1161,SWI6,CLB2,"['SWI6', 'CLN1', 'CDH1', 'MCM1', 'CLB2']",ref,act,
1162,SWI6,CLB2,"['SWI6', 'CLN2', 'CDH1', 'NDD1', 'CLB2']",ref,act,
1163,SWI6,CLB2,"['SWI6', 'CLN2', 'CDH1', 'MCM1', 'CLB2']",ref,act,
1164,SWI6,CLB2,"['SWI6', 'PLM2', 'NDD1', 'CLB2']",ref,act,
1165,SWI6,CLB2,"['SWI6', 'PLM2', 'MCM1', 'CLB2']",ref,act,
1166,SWI6,CLB2,"['SWI6', 'TOS4', 'NDD1', 'CLB2']",ref,act,
1167,SWI6,CLB2,"['SWI6', 'TOS4', 'MCM1', 'CLB2']",ref,act,
1168,SWI6,CLB3,"['SWI6', 'HCM1', 'CLB3']",grn,act,25.447451069342364
1169,SWI6,CLB4,"['SWI6', 'HCM1', 'CLB4']",grn,act,26.09921983701288
1170,SWI6,CLB5,"['SWI6', 'CLB5']",grn,act,13.248331336583098
1171,SWI6,CLB5,"['SWI6', 'HCM1', 'CLB5']",grn,rep,13.624678840900732
1172,SWI6,CLB5,"['SWI6', 'CLB5']",ref,act,
1173,SWI6,CLB5,"['SWI6', 'YHP1', 'SWI4', 'CLB5']",ref,rep,
1174,SWI6,CLB6,"['SWI6', 'CLB6']",grn,act,12.111487259057471
1175,SWI6,CLB6,"['SWI6', 'HCM1', 'FKH2', 'CLB6']",grn,rep,42.78759049164664
1176,SWI6,CLB6,"['SWI6', 'CLB6']",ref,act,
1177,SWI6,CLB6,"['SWI6', 'YHP1', 'SWI4', 'CLB6']",ref,rep,
1178,SWI6,CLN1,"['SWI6', 'CLN1']",grn,act,13.107243304403442
1179,SWI6,CLN1,"['SWI6', 'CLN1']",ref,act,
1180,SWI6,CLN1,"['SWI6', 'CLN2', 'STB1', 'SWI4', 'CLN1']",ref,act,
1181,SWI6,CLN1,"['SWI6', 'YHP1', 'SWI4', 'CLN1']",ref,rep,
1182,SWI6,CLN2,"['SWI6', 'CLN2']",grn,act,11.327568125550526
1183,SWI6,CLN2,"['SWI6', 'HCM1', 'CLN2']",grn,rep,13.52937291328959
1184,SWI6,CLN2,"['SWI6', 'CLN2']",ref,act,
1185,SWI6,CLN2,"['SWI6', 'YHP1', 'SWI4', 'CLN2']",ref,rep,
1186,SWI6,CLN3,"['SWI6', 'HCM1', 'FKH2', 'CLN3']",grn,rep,32.81122119957537
1187,SWI6,FKH1,"['SWI6', 'HCM1', 'FKH1']",grn,act,27.892546447864696
1188,SWI6,FKH1,"['SWI6', 'CLN1', 'CDH1', 'FKH1']",ref,act,
1189,SWI6,FKH1,"['SWI6', 'CLN2', 'CDH1', 'FKH1']",ref,act,
1190,SWI6,FKH1,"['SWI6', 'HCM1', 'FKH1']",ref,act,
1191,SWI6,FKH1,"['SWI6', 'PLM2', 'FKH1']",ref,act,
1192,SWI6,FKH1,"['SWI6', 'TOS4', 'FKH1']",ref,act,
1193,SWI6,FKH1,"['SWI6', 'YHP1', 'SWI4', 'HCM1', 'FKH1']",ref,rep,
1194,SWI6,FKH1,"['SWI6', 'YHP1', 'SWI4', 'PLM2', 'FKH1']",ref,rep,
1195,SWI6,FKH1,"['SWI6', 'YHP1', 'SWI4', 'TOS4', 'FKH1']",ref,rep,
1196,SWI6,FKH2,"['SWI6', 'HCM1', 'FKH2']",grn,act,27.829519125239003
1197,SWI6,FKH2,"['SWI6', 'CLN1', 'CDH1', 'FKH2']",ref,act,
1198,SWI6,FKH2,"['SWI6', 'CLN2', 'CDH1', 'FKH2']",ref,act,
1199,SWI6,FKH2,"['SWI6', 'HCM1', 'FKH2']",ref,act,
1200,SWI6,FKH2,"['SWI6', 'PLM2', 'FKH2']",ref,act,
1201,SWI6,FKH2,"['SWI6', 'TOS4', 'FKH2']",ref,act,
1202,SWI6,FKH2,"['SWI6', 'YHP1', 'SWI4', 'HCM1', 'FKH2']",ref,rep,
1203,SWI6,FKH2,"['SWI6', 'YHP1', 'SWI4', 'PLM2', 'FKH2']",ref,rep,
1204,SWI6,FKH2,"['SWI6', 'YHP1', 'SWI4', 'TOS4', 'FKH2']",ref,rep,
1205,SWI6,HCM1,"['SWI6', 'HCM1']",grn,act,13.439712843055883
1206,SWI6,HCM1,"['SWI6', 'CLN2', 'STB1', 'SWI4', 'HCM1']",ref,act,
1207,SWI6,HCM1,"['SWI6', 'HCM1']",ref,act,
1208,SWI6,HCM1,"['SWI6', 'YHP1', 'SWI4', 'HCM1']",ref,rep,
1209,SWI6,MCM1,"['SWI6', 'CLN1', 'CDH1', 'MCM1']",ref,act,
1210,SWI6,MCM1,"['SWI6', 'CLN2', 'CDH1', 'MCM1']",ref,act,
1211,SWI6,MCM1,"['SWI6', 'PLM2', 'MCM1']",ref,act,
1212,SWI6,MCM1,"['SWI6', 'TOS4', 'MCM1']",ref,act,
1213,SWI6,MCM1,"['SWI6', 'YHP1', 'SWI4', 'PLM2', 'MCM1']",ref,rep,
1214,SWI6,MCM1,"['SWI6', 'YHP1', 'SWI4', 'TOS4', 'MCM1']",ref,rep,
1215,SWI6,NDD1,"['SWI6', 'CLN1', 'CDH1', 'NDD1']",ref,act,
1216,SWI6,NDD1,"['SWI6', 'CLN2', 'CDH1', 'NDD1']",ref,act,
1217,SWI6,NDD1,"['SWI6', 'PLM2', 'NDD1']",ref,act,
1218,SWI6,NDD1,"['SWI6', 'TOS4', 'NDD1']",ref,act,
1219,SWI6,NDD1,"['SWI6', 'YHP1', 'SWI4', 'PLM2', 'NDD1']",ref,rep,
1220,SWI6,NDD1,"['SWI6', 'YHP1', 'SWI4', 'TOS4', 'NDD1']",ref,rep,
1221,SWI6,NRM1,"['SWI6', 'CLN1', 'CDH1', 'NRM1']",ref,act,
1222,SWI6,NRM1,"['SWI6', 'CLN2', 'CDH1', 'NRM1']",ref,act,
1223,SWI6,NRM1,"['SWI6', 'NRM1']",ref,act,
1224,SWI6,PLM2,"['SWI6', 'PLM2']",grn,act,15.000830877026061
1225,SWI6,PLM2,"['SWI6', 'CLN2', 'STB1', 'SWI4', 'PLM2']",ref,act,
1226,SWI6,PLM2,"['SWI6', 'PLM2']",ref,act,
1227,SWI6,PLM2,"['SWI6', 'YHP1', 'SWI4', 'PLM2']",ref,rep,
1228,SWI6,STB1,"['SWI6', 'CLN1', 'STB1']",ref,rep,
1229,SWI6,STB1,"['SWI6', 'CLN2', 'STB1']",ref,rep,
1230,SWI6,STB1,"['SWI6', 'YHP1', 'SWI4', 'CLN1', 'STB1']",ref,act,
1231,SWI6,STB1,"['SWI6', 'YHP1', 'SWI4', 'CLN2', 'STB1']",ref,act,
1232,SWI6,SWI4,"['SWI6', 'CLN1', 'CDH1', 'YHP1', 'SWI4']",ref,rep,
1233,SWI6,SWI4,"['SWI6', 'CLN2', 'STB1', 'SWI4']",ref,act,
1234,SWI6,SWI4,"['SWI6', 'CLN2', 'CDH1', 'YHP1', 'SWI4']",ref,rep,
1235,SWI6,SWI4,"['SWI6', 'YHP1', 'SWI4']",ref,rep,
1236,SWI6,SWI5,"['SWI6', 'CLN1', 'CDH1', 'SWI5']",ref,rep,
1237,SWI6,SWI5,"['SWI6', 'CLN1', 'CDH1', 'NDD1', 'SWI5']",ref,act,
1238,SWI6,SWI5,"['SWI6', 'CLN1', 'CDH1', 'MCM1', 'SWI5']",ref,act,
1239,SWI6,SWI5,"['SWI6', 'CLN2', 'CDH1', 'SWI5']",ref,rep,
1240,SWI6,SWI5,"['SWI6', 'CLN2', 'CDH1', 'NDD1', 'SWI5']",ref,act,
1241,SWI6,SWI5,"['SWI6', 'CLN2', 'CDH1', 'MCM1', 'SWI5']",ref,act,
1242,SWI6,SWI5,"['SWI6', 'PLM2', 'NDD1', 'SWI5']",ref,act,
1243,SWI6,SWI5,"['SWI6', 'PLM2', 'NDD1', 'CDC20', 'SWI5']",ref,act,
1244,SWI6,SWI5,"['SWI6', 'PLM2', 'MCM1', 'SWI5']",ref,act,
1245,SWI6,SWI5,"['SWI6', 'PLM2', 'MCM1', 'CDC20', 'SWI5']",ref,act,
1246,SWI6,SWI5,"['SWI6', 'TOS4', 'NDD1', 'SWI5']",ref,act,
1247,SWI6,SWI5,"['SWI6', 'TOS4', 'NDD1', 'CDC20', 'SWI5']",ref,act,
1248,SWI6,SWI5,"['SWI6', 'TOS4', 'MCM1', 'SWI5']",ref,act,
1249,SWI6,SWI5,"['SWI6', 'TOS4', 'MCM1', 'CDC20', 'SWI5']",ref,act,
1250,SWI6,TOS4,"['SWI6', 'YOX1', 'TOS4']",grn,rep,25.265227049673598
1251,SWI6,TOS4,"['SWI6', 'CLN2', 'STB1', 'SWI4', 'TOS4']",ref,act,
1252,SWI6,TOS4,"['SWI6', 'TOS4']",ref,act,
1253,SWI6,TOS4,"['SWI6', 'YHP1', 'SWI4', 'TOS4']",ref,rep,
1254,SWI6,WHI5,"['SWI6', 'CLN1', 'WHI5']",ref,rep,
1255,SWI6,WHI5,"['SWI6', 'CLN2', 'WHI5']",ref,rep,
1256,SWI6,WHI5,"['SWI6', 'YHP1', 'SWI4', 'CLN1', 'WHI5']",ref,act,
1257,SWI6,WHI5,"['SWI6', 'YHP1', 'SWI4', 'CLN2', 'WHI5']",ref,act,
1258,SWI6,YHP1,"['SWI6', 'CLN1', 'CDH1', 'YHP1']",ref,act,
1259,SWI6,YHP1,"['SWI6', 'CLN2', 'CDH1', 'YHP1']",ref,act,
1260,SWI6,YHP1,"['SWI6', 'YHP1']",ref,act,
1261,SWI6,YOX1,"['SWI6', 'YOX1']",grn,act,10.109622266371453
1262,SWI6,YOX1,"['SWI6', 'CLN1', 'CDH1', 'YOX1']",ref,act,
1263,SWI6,YOX1,"['SWI6', 'CLN2', 'CDH1', 'YOX1']",ref,act,
1264,SWI6,YOX1,"['SWI6', 'YOX1']",ref,act,
1265,SWI6,YOX1,"['SWI6', 'YHP1', 'SWI4', 'YOX1']",ref,rep,
1266,TOS4,ACE2,"['TOS4', 'NDD1', 'ACE2']",ref,act,
1267,TOS4,ACE2,"['TOS4', 'NDD1', 'CDC20', 'ACE2']",ref,act,
1268,TOS4,ACE2,"['TOS4', 'MCM1', 'ACE2']",ref,act,
1269,TOS4,ACE2,"['TOS4', 'MCM1', 'CDC20', 'ACE2']",ref,act,
1270,TOS4,CDC20,"['TOS4', 'NDD1', 'CDC20']",ref,act,
1271,TOS4,CDC20,"['TOS4', 'MCM1', 'CDC20']",ref,act,
1272,TOS4,CLB2,"['TOS4', 'NDD1', 'CLB2']",ref,act,
1273,TOS4,CLB2,"['TOS4', 'MCM1', 'CLB2']",ref,act,
1274,TOS4,FKH1,"['TOS4', 'FKH1']",ref,act,
1275,TOS4,FKH2,"['TOS4', 'FKH2']",ref,act,
1276,TOS4,MCM1,"['TOS4', 'MCM1']",ref,act,
1277,TOS4,NDD1,"['TOS4', 'NDD1']",ref,act,
1278,TOS4,SWI5,"['TOS4', 'NDD1', 'SWI5']",ref,act,
1279,TOS4,SWI5,"['TOS4', 'NDD1', 'CDC20', 'SWI5']",ref,act,
1280,TOS4,SWI5,"['TOS4', 'MCM1', 'SWI5']",ref,act,
1281,TOS4,SWI5,"['TOS4', 'MCM1', 'CDC20', 'SWI5']",ref,act,
1282,WHI5,ACE2,"['WHI5', 'SWI4', 'PLM2', 'NDD1', 'ACE2']",ref,rep,
1283,WHI5,ACE2,"['WHI5', 'SWI4', 'PLM2', 'MCM1', 'ACE2']",ref,rep,
1284,WHI5,ACE2,"['WHI5', 'SWI4', 'TOS4', 'NDD1', 'ACE2']",ref,rep,
1285,WHI5,ACE2,"['WHI5', 'SWI4', 'TOS4', 'MCM1', 'ACE2']",ref,rep,
1286,WHI5,ACE2,"['WHI5', 'SWI6', 'PLM2', 'NDD1', 'ACE2']",ref,rep,
1287,WHI5,ACE2,"['WHI5', 'SWI6', 'PLM2', 'MCM1', 'ACE2']",ref,rep,
1288,WHI5,ACE2,"['WHI5', 'MBP1', 'PLM2', 'NDD1', 'ACE2']",ref,act,
1289,WHI5,ACE2,"['WHI5', 'MBP1', 'PLM2', 'MCM1', 'ACE2']",ref,act,
1290,WHI5,ACE2,"['WHI5', 'MBP1', 'PLM2', 'NDD1', 'ACE2']",ref,rep,
1291,WHI5,ACE2,"['WHI5', 'MBP1', 'PLM2', 'MCM1', 'ACE2']",ref,rep,
1292,WHI5,ACE2,"['WHI5', 'MBP1', 'TOS4', 'NDD1', 'ACE2']",ref,rep,
1293,WHI5,ACE2,"['WHI5', 'MBP1', 'TOS4', 'MCM1', 'ACE2']",ref,rep,
1294,WHI5,CDC20,"['WHI5', 'YHP1', 'CDC20']",grn,act,13.374551969826054
1295,WHI5,CDC20,"['WHI5', 'SWI4', 'PLM2', 'NDD1', 'CDC20']",ref,rep,
1296,WHI5,CDC20,"['WHI5', 'SWI4', 'PLM2', 'MCM1', 'CDC20']",ref,rep,
1297,WHI5,CDC20,"['WHI5', 'SWI4', 'TOS4', 'NDD1', 'CDC20']",ref,rep,
1298,WHI5,CDC20,"['WHI5', 'SWI4', 'TOS4', 'MCM1', 'CDC20']",ref,rep,
1299,WHI5,CDC20,"['WHI5', 'SWI6', 'PLM2', 'NDD1', 'CDC20']",ref,rep,
1300,WHI5,CDC20,"['WHI5', 'SWI6', 'PLM2', 'MCM1', 'CDC20']",ref,rep,
1301,WHI5,CDC20,"['WHI5', 'MBP1', 'PLM2', 'NDD1', 'CDC20']",ref,act,
1302,WHI5,CDC20,"['WHI5', 'MBP1', 'PLM2', 'MCM1', 'CDC20']",ref,act,
1303,WHI5,CDC20,"['WHI5', 'MBP1', 'PLM2', 'NDD1', 'CDC20']",ref,rep,
1304,WHI5,CDC20,"['WHI5', 'MBP1', 'PLM2', 'MCM1', 'CDC20']",ref,rep,
1305,WHI5,CDC20,"['WHI5', 'MBP1', 'TOS4', 'NDD1', 'CDC20']",ref,rep,
1306,WHI5,CDC20,"['WHI5', 'MBP1', 'TOS4', 'MCM1', 'CDC20']",ref,rep,
1307,WHI5,CLB1,"['WHI5', 'CLB1']",grn,rep,7.261506085297454
1308,WHI5,CLB1,"['WHI5', 'HCM1', 'FKH2', 'CLB1']",grn,act,22.323107307686353
1309,WHI5,CLB1,"['WHI5', 'NRM1', 'HCM1', 'FKH2', 'CLB1']",grn,rep,24.933300087241907
1310,WHI5,CLB1,"['WHI5', 'YHP1', 'CLB1']",grn,act,22.977772358080884
1311,WHI5,CLB2,"['WHI5', 'YHP1', 'YOX1', 'CLB2']",grn,rep,18.721551027234355
1312,WHI5,CLB2,"['WHI5', 'YOX1', 'CLB2']",grn,act,7.081153257114459
1313,WHI5,CLB2,"['WHI5', 'SWI4', 'PLM2', 'NDD1', 'CLB2']",ref,rep,
1314,WHI5,CLB2,"['WHI5', 'SWI4', 'PLM2', 'MCM1', 'CLB2']",ref,rep,
1315,WHI5,CLB2,"['WHI5', 'SWI4', 'TOS4', 'NDD1', 'CLB2']",ref,rep,
1316,WHI5,CLB2,"['WHI5', 'SWI4', 'TOS4', 'MCM1', 'CLB2']",ref,rep,
1317,WHI5,CLB2,"['WHI5', 'SWI6', 'PLM2', 'NDD1', 'CLB2']",ref,rep,
1318,WHI5,CLB2,"['WHI5', 'SWI6', 'PLM2', 'MCM1', 'CLB2']",ref,rep,
1319,WHI5,CLB2,"['WHI5', 'MBP1', 'PLM2', 'NDD1', 'CLB2']",ref,act,
1320,WHI5,CLB2,"['WHI5', 'MBP1', 'PLM2', 'MCM1', 'CLB2']",ref,act,
1321,WHI5,CLB2,"['WHI5', 'MBP1', 'PLM2', 'NDD1', 'CLB2']",ref,rep,
1322,WHI5,CLB2,"['WHI5', 'MBP1', 'PLM2', 'MCM1', 'CLB2']",ref,rep,
1323,WHI5,CLB2,"['WHI5', 'MBP1', 'TOS4', 'NDD1', 'CLB2']",ref,rep,
1324,WHI5,CLB2,"['WHI5', 'MBP1', 'TOS4', 'MCM1', 'CLB2']",ref,rep,
1325,WHI5,CLB3,"['WHI5', 'HCM1', 'CLB3']",grn,rep,19.941039244917846
1326,WHI5,CLB3,"['WHI5', 'NRM1', 'HCM1', 'CLB3']",grn,act,22.5512320244734
1327,WHI5,CLB4,"['WHI5', 'HCM1', 'CLB4']",grn,rep,20.59280801258836
1328,WHI5,CLB4,"['WHI5', 'NRM1', 'HCM1', 'CLB4']",grn,act,23.20300079214391
1329,WHI5,CLB5,"['WHI5', 'HCM1', 'CLB5']",grn,act,8.118267016476214
1330,WHI5,CLB5,"['WHI5', 'NRM1', 'HCM1', 'CLB5']",grn,rep,10.728459796031766
1331,WHI5,CLB5,"['WHI5', 'SWI4', 'CLB5']",ref,rep,
1332,WHI5,CLB5,"['WHI5', 'SWI6', 'CLB5']",ref,rep,
1333,WHI5,CLB5,"['WHI5', 'MBP1', 'CLB5']",ref,rep,
1334,WHI5,CLB5,"['WHI5', 'MBP1', 'YHP1', 'SWI4', 'CLB5']",ref,act,
1335,WHI5,CLB5,"['WHI5', 'MBP1', 'YHP1', 'SWI6', 'CLB5']",ref,act,
1336,WHI5,CLB6,"['WHI5', 'HCM1', 'FKH2', 'CLB6']",grn,act,37.28117866722212
1337,WHI5,CLB6,"['WHI5', 'NRM1', 'CLB6']",grn,act,12.977603234952634
1338,WHI5,CLB6,"['WHI5', 'NRM1', 'HCM1', 'FKH2', 'CLB6']",grn,rep,39.891371446777676
1339,WHI5,CLB6,"['WHI5', 'SWI4', 'CLB6']",ref,rep,
1340,WHI5,CLB6,"['WHI5', 'SWI6', 'CLB6']",ref,rep,
1341,WHI5,CLB6,"['WHI5', 'MBP1', 'CLB6']",ref,rep,
1342,WHI5,CLB6,"['WHI5', 'MBP1', 'YHP1', 'SWI4', 'CLB6']",ref,act,
1343,WHI5,CLB6,"['WHI5', 'MBP1', 'YHP1', 'SWI6', 'CLB6']",ref,act,
1344,WHI5,CLN1,"['WHI5', 'SWI4', 'CLN1']",ref,rep,
1345,WHI5,CLN1,"['WHI5', 'SWI6', 'CLN1']",ref,rep,
1346,WHI5,CLN1,"['WHI5', 'MBP1', 'CLN1']",ref,act,
1347,WHI5,CLN1,"['WHI5', 'MBP1', 'CLN1']",ref,rep,
1348,WHI5,CLN1,"['WHI5', 'MBP1', 'YHP1', 'SWI4', 'CLN1']",ref,act,
1349,WHI5,CLN1,"['WHI5', 'MBP1', 'YHP1', 'SWI6', 'CLN1']",ref,act,
1350,WHI5,CLN2,"['WHI5', 'HCM1', 'CLN2']",grn,act,8.022961088865072
1351,WHI5,CLN2,"['WHI5', 'NRM1', 'HCM1', 'CLN2']",grn,rep,10.633153868420624
1352,WHI5,CLN2,"['WHI5', 'SWI4', 'CLN2']",ref,rep,
1353,WHI5,CLN2,"['WHI5', 'SWI6', 'CLN2']",ref,rep,
1354,WHI5,CLN2,"['WHI5', 'MBP1', 'CLN2']",ref,rep,
1355,WHI5,CLN2,"['WHI5', 'MBP1', 'YHP1', 'SWI4', 'CLN2']",ref,act,
1356,WHI5,CLN2,"['WHI5', 'MBP1', 'YHP1', 'SWI6', 'CLN2']",ref,act,
1357,WHI5,CLN3,"['WHI5', 'HCM1', 'FKH2', 'CLN3']",grn,act,27.304809375150857
1358,WHI5,CLN3,"['WHI5', 'NRM1', 'HCM1', 'FKH2', 'CLN3']",grn,rep,29.91500215470641
1359,WHI5,FKH1,"['WHI5', 'HCM1', 'FKH1']",grn,rep,22.386134623440178
1360,WHI5,FKH1,"['WHI5', 'NRM1', 'HCM1', 'FKH1']",grn,act,24.99632740299573
1361,WHI5,FKH1,"['WHI5', 'SWI4', 'HCM1', 'FKH1']",ref,rep,
1362,WHI5,FKH1,"['WHI5', 'SWI4', 'PLM2', 'FKH1']",ref,rep,
1363,WHI5,FKH1,"['WHI5', 'SWI4', 'TOS4', 'FKH1']",ref,rep,
1364,WHI5,FKH1,"['WHI5', 'SWI6', 'HCM1', 'FKH1']",ref,rep,
1365,WHI5,FKH1,"['WHI5', 'SWI6', 'PLM2', 'FKH1']",ref,rep,
1366,WHI5,FKH1,"['WHI5', 'MBP1', 'PLM2', 'FKH1']",ref,act,
1367,WHI5,FKH1,"['WHI5', 'MBP1', 'HCM1', 'FKH1']",ref,rep,
1368,WHI5,FKH1,"['WHI5', 'MBP1', 'PLM2', 'FKH1']",ref,rep,
1369,WHI5,FKH1,"['WHI5', 'MBP1', 'TOS4', 'FKH1']",ref,rep,
1370,WHI5,FKH2,"['WHI5', 'HCM1', 'FKH2']",grn,rep,22.323107300814485
1371,WHI5,FKH2,"['WHI5', 'NRM1', 'HCM1', 'FKH2']",grn,act,24.93330008037004
1372,WHI5,FKH2,"['WHI5', 'SWI4', 'HCM1', 'FKH2']",ref,rep,
1373,WHI5,FKH2,"['WHI5', 'SWI4', 'PLM2', 'FKH2']",ref,rep,
1374,WHI5,FKH2,"['WHI5', 'SWI4', 'TOS4', 'FKH2']",ref,rep,
1375,WHI5,FKH2,"['WHI5', 'SWI6', 'HCM1', 'FKH2']",ref,rep,
1376,WHI5,FKH2,"['WHI5', 'SWI6', 'PLM2', 'FKH2']",ref,rep,
1377,WHI5,FKH2,"['WHI5', 'MBP1', 'PLM2', 'FKH2']",ref,act,
1378,WHI5,FKH2,"['WHI5', 'MBP1', 'HCM1', 'FKH2']",ref,rep,
1379,WHI5,FKH2,"['WHI5', 'MBP1', 'PLM2', 'FKH2']",ref,rep,
1380,WHI5,FKH2,"['WHI5', 'MBP1', 'TOS4', 'FKH2']",ref,rep,
1381,WHI5,HCM1,"['WHI5', 'HCM1']",grn,rep,7.933301018631365
1382,WHI5,HCM1,"['WHI5', 'NRM1', 'HCM1']",grn,act,10.543493798186917
1383,WHI5,HCM1,"['WHI5', 'SWI4', 'HCM1']",ref,rep,
1384,WHI5,HCM1,"['WHI5', 'SWI6', 'HCM1']",ref,rep,
1385,WHI5,HCM1,"['WHI5', 'MBP1', 'HCM1']",ref,rep,
1386,WHI5,HCM1,"['WHI5', 'MBP1', 'YHP1', 'SWI4', 'HCM1']",ref,act,
1387,WHI5,HCM1,"['WHI5', 'MBP1', 'YHP1', 'SWI6', 'HCM1']",ref,act,
1388,WHI5,MBP1,"['WHI5', 'MBP1']",ref,rep,
1389,WHI5,MCM1,"['WHI5', 'SWI4', 'PLM2', 'MCM1']",ref,rep,
1390,WHI5,MCM1,"['WHI5', 'SWI4', 'TOS4', 'MCM1']",ref,rep,
1391,WHI5,MCM1,"['WHI5', 'SWI6', 'PLM2', 'MCM1']",ref,rep,
1392,WHI5,MCM1,"['WHI5', 'MBP1', 'PLM2', 'MCM1']",ref,act,
1393,WHI5,MCM1,"['WHI5', 'MBP1', 'PLM2', 'MCM1']",ref,rep,
1394,WHI5,MCM1,"['WHI5', 'MBP1', 'TOS4', 'MCM1']",ref,rep,
1395,WHI5,NDD1,"['WHI5', 'NRM1', 'NDD1']",grn,act,4.623273592063509
1396,WHI5,NDD1,"['WHI5', 'SWI4', 'PLM2', 'NDD1']",ref,rep,
1397,WHI5,NDD1,"['WHI5', 'SWI4', 'TOS4', 'NDD1']",ref,rep,
1398,WHI5,NDD1,"['WHI5', 'SWI6', 'PLM2', 'NDD1']",ref,rep,
1399,WHI5,NDD1,"['WHI5', 'MBP1', 'PLM2', 'NDD1']",ref,act,
1400,WHI5,NDD1,"['WHI5', 'MBP1', 'PLM2', 'NDD1']",ref,rep,
1401,WHI5,NDD1,"['WHI5', 'MBP1', 'TOS4', 'NDD1']",ref,rep,
1402,WHI5,NRM1,"['WHI5', 'NRM1']",grn,rep,0.840798768848024
1403,WHI5,NRM1,"['WHI5', 'SWI4', 'NRM1']",ref,rep,
1404,WHI5,NRM1,"['WHI5', 'MBP1', 'NRM1']",ref,rep,
1405,WHI5,PLM2,"['WHI5', 'SWI4', 'PLM2']",ref,rep,
1406,WHI5,PLM2,"['WHI5', 'SWI6', 'PLM2']",ref,rep,
1407,WHI5,PLM2,"['WHI5', 'MBP1', 'PLM2']",ref,act,
1408,WHI5,PLM2,"['WHI5', 'MBP1', 'PLM2']",ref,rep,
1409,WHI5,PLM2,"['WHI5', 'MBP1', 'YHP1', 'SWI4', 'PLM2']",ref,act,
1410,WHI5,PLM2,"['WHI5', 'MBP1', 'YHP1', 'SWI6', 'PLM2']",ref,act,
1411,WHI5,SWI4,"['WHI5', 'SWI4']",ref,rep,
1412,WHI5,SWI4,"['WHI5', 'MBP1', 'YHP1', 'SWI4']",ref,act,
1413,WHI5,SWI5,"['WHI5', 'SWI4', 'PLM2', 'NDD1', 'SWI5']",ref,rep,
1414,WHI5,SWI5,"['WHI5', 'SWI4', 'PLM2', 'MCM1', 'SWI5']",ref,rep,
1415,WHI5,SWI5,"['WHI5', 'SWI4', 'TOS4', 'NDD1', 'SWI5']",ref,rep,
1416,WHI5,SWI5,"['WHI5', 'SWI4', 'TOS4', 'MCM1', 'SWI5']",ref,rep,
1417,WHI5,SWI5,"['WHI5', 'SWI6', 'PLM2', 'NDD1', 'SWI5']",ref,rep,
1418,WHI5,SWI5,"['WHI5', 'SWI6', 'PLM2', 'MCM1', 'SWI5']",ref,rep,
1419,WHI5,SWI5,"['WHI5', 'MBP1', 'PLM2', 'NDD1', 'SWI5']",ref,act,
1420,WHI5,SWI5,"['WHI5', 'MBP1', 'PLM2', 'MCM1', 'SWI5']",ref,act,
1421,WHI5,SWI5,"['WHI5', 'MBP1', 'PLM2', 'NDD1', 'SWI5']",ref,rep,
1422,WHI5,SWI5,"['WHI5', 'MBP1', 'PLM2', 'MCM1', 'SWI5']",ref,rep,
1423,WHI5,SWI5,"['WHI5', 'MBP1', 'TOS4', 'NDD1', 'SWI5']",ref,rep,
1424,WHI5,SWI5,"['WHI5', 'MBP1', 'TOS4', 'MCM1', 'SWI5']",ref,rep,
1425,WHI5,SWI6,"['WHI5', 'SWI6']",ref,rep,
1426,WHI5,SWI6,"['WHI5', 'MBP1', 'YHP1', 'SWI6']",ref,act,
1427,WHI5,TOS4,"['WHI5', 'TOS4']",grn,rep,7.129791688422851e-09
1428,WHI5,TOS4,"['WHI5', 'YHP1', 'YOX1', 'TOS4']",grn,rep,33.84897783533428
1429,WHI5,TOS4,"['WHI5', 'YOX1', 'TOS4']",grn,act,22.208580065214385
1430,WHI5,TOS4,"['WHI5', 'SWI4', 'TOS4']",ref,rep,
1431,WHI5,TOS4,"['WHI5', 'MBP1', 'TOS4']",ref,rep,
1432,WHI5,TOS4,"['WHI5', 'MBP1', 'YHP1', 'SWI4', 'TOS4']",ref,act,
1433,WHI5,YHP1,"['WHI5', 'YHP1']",grn,rep,8.738764692190802
1434,WHI5,YHP1,"['WHI5', 'SWI4', 'YHP1']",ref,rep,
1435,WHI5,YHP1,"['WHI5', 'MBP1', 'YHP1']",ref,rep,
1436,WHI5,YOX1,"['WHI5', 'YHP1', 'YOX1']",grn,act,18.693373052032136
1437,WHI5,YOX1,"['WHI5', 'YOX1']",grn,rep,7.052975281912241
1438,WHI5,YOX1,"['WHI5', 'SWI4', 'YOX1']",ref,rep,
1439,WHI5,YOX1,"['WHI5', 'MBP1', 'YOX1']",ref,rep,
1440,WHI5,YOX1,"['WHI5', 'MBP1', 'YHP1', 'SWI4', 'YOX1']",ref,act,
1441,YHP1,ACE2,"['YHP1', 'SWI4', 'PLM2', 'NDD1', 'ACE2']",ref,rep,
1442,YHP1,ACE2,"['YHP1', 'SWI4', 'PLM2', 'MCM1', 'ACE2']",ref,rep,
1443,YHP1,ACE2,"['YHP1', 'SWI4', 'TOS4', 'NDD1', 'ACE2']",ref,rep,
1444,YHP1,ACE2,"['YHP1', 'SWI4', 'TOS4', 'MCM1', 'ACE2']",ref,rep,
1445,YHP1,ACE2,"['YHP1', 'SWI4', 'CLN1', 'CDH1', 'ACE2']",ref,act,
1446,YHP1,ACE2,"['YHP1', 'SWI4', 'CLN2', 'CDH1', 'ACE2']",ref,act,
1447,YHP1,ACE2,"['YHP1', 'SWI6', 'CLN1', 'CDH1', 'ACE2']",ref,act,
1448,YHP1,ACE2,"['YHP1', 'SWI6', 'CLN2', 'CDH1', 'ACE2']",ref,act,
1449,YHP1,ACE2,"['YHP1', 'SWI6', 'PLM2', 'NDD1', 'ACE2']",ref,rep,
1450,YHP1,ACE2,"['YHP1', 'SWI6', 'PLM2', 'MCM1', 'ACE2']",ref,rep,
1451,YHP1,ACE2,"['YHP1', 'MBP1', 'CLN1', 'CDH1', 'ACE2']",ref,rep,
1452,YHP1,ACE2,"['YHP1', 'MBP1', 'PLM2', 'NDD1', 'ACE2']",ref,act,
1453,YHP1,ACE2,"['YHP1', 'MBP1', 'PLM2', 'MCM1', 'ACE2']",ref,act,
1454,YHP1,ACE2,"['YHP1', 'MBP1', 'PLM2', 'NDD1', 'ACE2']",ref,rep,
1455,YHP1,ACE2,"['YHP1', 'MBP1', 'PLM2', 'MCM1', 'ACE2']",ref,rep,
1456,YHP1,ACE2,"['YHP1', 'MBP1', 'TOS4', 'NDD1', 'ACE2']",ref,rep,
1457,YHP1,ACE2,"['YHP1', 'MBP1', 'TOS4', 'MCM1', 'ACE2']",ref,rep,
1458,YHP1,ACE2,"['YHP1', 'MBP1', 'CLN1', 'CDH1', 'ACE2']",ref,act,
1459,YHP1,ACE2,"['YHP1', 'MBP1', 'CLN2', 'CDH1', 'ACE2']",ref,act,
1460,YHP1,CDC20,"['YHP1', 'CDC20']",grn,rep,4.635787277635252
1461,YHP1,CDC20,"['YHP1', 'SWI4', 'PLM2', 'NDD1', 'CDC20']",ref,rep,
1462,YHP1,CDC20,"['YHP1', 'SWI4', 'PLM2', 'MCM1', 'CDC20']",ref,rep,
1463,YHP1,CDC20,"['YHP1', 'SWI4', 'TOS4', 'NDD1', 'CDC20']",ref,rep,
1464,YHP1,CDC20,"['YHP1', 'SWI4', 'TOS4', 'MCM1', 'CDC20']",ref,rep,
1465,YHP1,CDC20,"['YHP1', 'SWI6', 'PLM2', 'NDD1', 'CDC20']",ref,rep,
1466,YHP1,CDC20,"['YHP1', 'SWI6', 'PLM2', 'MCM1', 'CDC20']",ref,rep,
1467,YHP1,CDC20,"['YHP1', 'MBP1', 'PLM2', 'NDD1', 'CDC20']",ref,act,
1468,YHP1,CDC20,"['YHP1', 'MBP1', 'PLM2', 'MCM1', 'CDC20']",ref,act,
1469,YHP1,CDC20,"['YHP1', 'MBP1', 'PLM2', 'NDD1', 'CDC20']",ref,rep,
1470,YHP1,CDC20,"['YHP1', 'MBP1', 'PLM2', 'MCM1', 'CDC20']",ref,rep,
1471,YHP1,CDC20,"['YHP1', 'MBP1', 'TOS4', 'NDD1', 'CDC20']",ref,rep,
1472,YHP1,CDC20,"['YHP1', 'MBP1', 'TOS4', 'MCM1', 'CDC20']",ref,rep,
1473,YHP1,CDH1,"['YHP1', 'SWI4', 'CLN1', 'CDH1']",ref,act,
1474,YHP1,CDH1,"['YHP1', 'SWI4', 'CLN2', 'CDH1']",ref,act,
1475,YHP1,CDH1,"['YHP1', 'SWI6', 'CLN1', 'CDH1']",ref,act,
1476,YHP1,CDH1,"['YHP1', 'SWI6', 'CLN2', 'CDH1']",ref,act,
1477,YHP1,CDH1,"['YHP1', 'MBP1', 'CLN1', 'CDH1']",ref,rep,
1478,YHP1,CDH1,"['YHP1', 'MBP1', 'CLN1', 'CDH1']",ref,act,
1479,YHP1,CDH1,"['YHP1', 'MBP1', 'CLN2', 'CDH1']",ref,act,
1480,YHP1,CLB1,"['YHP1', 'CLB1']",grn,rep,14.239007665890082
1481,YHP1,CLB2,"['YHP1', 'YOX1', 'CLB2']",grn,act,9.98278633504355
1482,YHP1,CLB2,"['YHP1', 'SWI4', 'PLM2', 'NDD1', 'CLB2']",ref,rep,
1483,YHP1,CLB2,"['YHP1', 'SWI4', 'PLM2', 'MCM1', 'CLB2']",ref,rep,
1484,YHP1,CLB2,"['YHP1', 'SWI4', 'TOS4', 'NDD1', 'CLB2']",ref,rep,
1485,YHP1,CLB2,"['YHP1', 'SWI4', 'TOS4', 'MCM1', 'CLB2']",ref,rep,
1486,YHP1,CLB2,"['YHP1', 'SWI6', 'PLM2', 'NDD1', 'CLB2']",ref,rep,
1487,YHP1,CLB2,"['YHP1', 'SWI6', 'PLM2', 'MCM1', 'CLB2']",ref,rep,
1488,YHP1,CLB2,"['YHP1', 'MBP1', 'PLM2', 'NDD1', 'CLB2']",ref,act,
1489,YHP1,CLB2,"['YHP1', 'MBP1', 'PLM2', 'MCM1', 'CLB2']",ref,act,
1490,YHP1,CLB2,"['YHP1', 'MBP1', 'PLM2', 'NDD1', 'CLB2']",ref,rep,
1491,YHP1,CLB2,"['YHP1', 'MBP1', 'PLM2', 'MCM1', 'CLB2']",ref,rep,
1492,YHP1,CLB2,"['YHP1', 'MBP1', 'TOS4', 'NDD1', 'CLB2']",ref,rep,
1493,YHP1,CLB2,"['YHP1', 'MBP1', 'TOS4', 'MCM1', 'CLB2']",ref,rep,
1494,YHP1,CLB5,"['YHP1', 'SWI4', 'CLB5']",ref,rep,
1495,YHP1,CLB5,"['YHP1', 'SWI6', 'CLB5']",ref,rep,
1496,YHP1,CLB5,"['YHP1', 'MBP1', 'CLB5']",ref,rep,
1497,YHP1,CLB6,"['YHP1', 'SWI4', 'CLB6']",ref,rep,
1498,YHP1,CLB6,"['YHP1', 'SWI6', 'CLB6']",ref,rep,
1499,YHP1,CLB6,"['YHP1', 'MBP1', 'CLB6']",ref,rep,
1500,YHP1,CLN1,"['YHP1', 'SWI4', 'CLN1']",ref,rep,
1501,YHP1,CLN1,"['YHP1', 'SWI6', 'CLN1']",ref,rep,
1502,YHP1,CLN1,"['YHP1', 'MBP1', 'CLN1']",ref,act,
1503,YHP1,CLN1,"['YHP1', 'MBP1', 'CLN1']",ref,rep,
1504,YHP1,CLN2,"['YHP1', 'SWI4', 'CLN2']",ref,rep,
1505,YHP1,CLN2,"['YHP1', 'SWI6', 'CLN2']",ref,rep,
1506,YHP1,CLN2,"['YHP1', 'MBP1', 'CLN2']",ref,rep,
1507,YHP1,FKH1,"['YHP1', 'SWI4', 'HCM1', 'FKH1']",ref,rep,
1508,YHP1,FKH1,"['YHP1', 'SWI4', 'PLM2', 'FKH1']",ref,rep,
1509,YHP1,FKH1,"['YHP1', 'SWI4', 'TOS4', 'FKH1']",ref,rep,
1510,YHP1,FKH1,"['YHP1', 'SWI4', 'CLN1', 'CDH1', 'FKH1']",ref,rep,
1511,YHP1,FKH1,"['YHP1', 'SWI4', 'CLN2', 'CDH1', 'FKH1']",ref,rep,
1512,YHP1,FKH1,"['YHP1', 'SWI6', 'CLN1', 'CDH1', 'FKH1']",ref,rep,
1513,YHP1,FKH1,"['YHP1', 'SWI6', 'CLN2', 'CDH1', 'FKH1']",ref,rep,
1514,YHP1,FKH1,"['YHP1', 'SWI6', 'HCM1', 'FKH1']",ref,rep,
1515,YHP1,FKH1,"['YHP1', 'SWI6', 'PLM2', 'FKH1']",ref,rep,
1516,YHP1,FKH1,"['YHP1', 'MBP1', 'CLN1', 'CDH1', 'FKH1']",ref,act,
1517,YHP1,FKH1,"['YHP1', 'MBP1', 'PLM2', 'FKH1']",ref,act,
1518,YHP1,FKH1,"['YHP1', 'MBP1', 'HCM1', 'FKH1']",ref,rep,
1519,YHP1,FKH1,"['YHP1', 'MBP1', 'PLM2', 'FKH1']",ref,rep,
1520,YHP1,FKH1,"['YHP1', 'MBP1', 'TOS4', 'FKH1']",ref,rep,
1521,YHP1,FKH1,"['YHP1', 'MBP1', 'CLN1', 'CDH1', 'FKH1']",ref,rep,
1522,YHP1,FKH1,"['YHP1', 'MBP1', 'CLN2', 'CDH1', 'FKH1']",ref,rep,
1523,YHP1,FKH2,"['YHP1', 'SWI4', 'HCM1', 'FKH2']",ref,rep,
1524,YHP1,FKH2,"['YHP1', 'SWI4', 'PLM2', 'FKH2']",ref,rep,
1525,YHP1,FKH2,"['YHP1', 'SWI4', 'TOS4', 'FKH2']",ref,rep,
1526,YHP1,FKH2,"['YHP1', 'SWI4', 'CLN1', 'CDH1', 'FKH2']",ref,rep,
1527,YHP1,FKH2,"['YHP1', 'SWI4', 'CLN2', 'CDH1', 'FKH2']",ref,rep,
1528,YHP1,FKH2,"['YHP1', 'SWI6', 'CLN1', 'CDH1', 'FKH2']",ref,rep,
1529,YHP1,FKH2,"['YHP1', 'SWI6', 'CLN2', 'CDH1', 'FKH2']",ref,rep,
1530,YHP1,FKH2,"['YHP1', 'SWI6', 'HCM1', 'FKH2']",ref,rep,
1531,YHP1,FKH2,"['YHP1', 'SWI6', 'PLM2', 'FKH2']",ref,rep,
1532,YHP1,FKH2,"['YHP1', 'MBP1', 'CLN1', 'CDH1', 'FKH2']",ref,act,
1533,YHP1,FKH2,"['YHP1', 'MBP1', 'PLM2', 'FKH2']",ref,act,
1534,YHP1,FKH2,"['YHP1', 'MBP1', 'HCM1', 'FKH2']",ref,rep,
1535,YHP1,FKH2,"['YHP1', 'MBP1', 'PLM2', 'FKH2']",ref,rep,
1536,YHP1,FKH2,"['YHP1', 'MBP1', 'TOS4', 'FKH2']",ref,rep,
1537,YHP1,FKH2,"['YHP1', 'MBP1', 'CLN1', 'CDH1', 'FKH2']",ref,rep,
1538,YHP1,FKH2,"['YHP1', 'MBP1', 'CLN2', 'CDH1', 'FKH2']",ref,rep,
1539,YHP1,HCM1,"['YHP1', 'SWI4', 'HCM1']",ref,rep,
1540,YHP1,HCM1,"['YHP1', 'SWI6', 'HCM1']",ref,rep,
1541,YHP1,HCM1,"['YHP1', 'MBP1', 'HCM1']",ref,rep,
1542,YHP1,MBP1,"['YHP1', 'MBP1']",ref,rep,
1543,YHP1,MCM1,"['YHP1', 'SWI4', 'PLM2', 'MCM1']",ref,rep,
1544,YHP1,MCM1,"['YHP1', 'SWI4', 'TOS4', 'MCM1']",ref,rep,
1545,YHP1,MCM1,"['YHP1', 'SWI4', 'CLN1', 'CDH1', 'MCM1']",ref,rep,
1546,YHP1,MCM1,"['YHP1', 'SWI4', 'CLN2', 'CDH1', 'MCM1']",ref,rep,
1547,YHP1,MCM1,"['YHP1', 'SWI6', 'CLN1', 'CDH1', 'MCM1']",ref,rep,
1548,YHP1,MCM1,"['YHP1', 'SWI6', 'CLN2', 'CDH1', 'MCM1']",ref,rep,
1549,YHP1,MCM1,"['YHP1', 'SWI6', 'PLM2', 'MCM1']",ref,rep,
1550,YHP1,MCM1,"['YHP1', 'MBP1', 'CLN1', 'CDH1', 'MCM1']",ref,act,
1551,YHP1,MCM1,"['YHP1', 'MBP1', 'PLM2', 'MCM1']",ref,act,
1552,YHP1,MCM1,"['YHP1', 'MBP1', 'PLM2', 'MCM1']",ref,rep,
1553,YHP1,MCM1,"['YHP1', 'MBP1', 'TOS4', 'MCM1']",ref,rep,
1554,YHP1,MCM1,"['YHP1', 'MBP1', 'CLN1', 'CDH1', 'MCM1']",ref,rep,
1555,YHP1,MCM1,"['YHP1', 'MBP1', 'CLN2', 'CDH1', 'MCM1']",ref,rep,
1556,YHP1,NDD1,"['YHP1', 'SWI4', 'PLM2', 'NDD1']",ref,rep,
1557,YHP1,NDD1,"['YHP1', 'SWI4', 'TOS4', 'NDD1']",ref,rep,
1558,YHP1,NDD1,"['YHP1', 'SWI4', 'CLN1', 'CDH1', 'NDD1']",ref,rep,
1559,YHP1,NDD1,"['YHP1', 'SWI4', 'CLN2', 'CDH1', 'NDD1']",ref,rep,
1560,YHP1,NDD1,"['YHP1', 'SWI6', 'CLN1', 'CDH1', 'NDD1']",ref,rep,
1561,YHP1,NDD1,"['YHP1', 'SWI6', 'CLN2', 'CDH1', 'NDD1']",ref,rep,
1562,YHP1,NDD1,"['YHP1', 'SWI6', 'PLM2', 'NDD1']",ref,rep,
1563,YHP1,NDD1,"['YHP1', 'MBP1', 'CLN1', 'CDH1', 'NDD1']",ref,act,
1564,YHP1,NDD1,"['YHP1', 'MBP1', 'PLM2', 'NDD1']",ref,act,
1565,YHP1,NDD1,"['YHP1', 'MBP1', 'PLM2', 'NDD1']",ref,rep,
1566,YHP1,NDD1,"['YHP1', 'MBP1', 'TOS4', 'NDD1']",ref,rep,
1567,YHP1,NDD1,"['YHP1', 'MBP1', 'CLN1', 'CDH1', 'NDD1']",ref,rep,
1568,YHP1,NDD1,"['YHP1', 'MBP1', 'CLN2', 'CDH1', 'NDD1']",ref,rep,
1569,YHP1,NRM1,"['YHP1', 'SWI4', 'CLN1', 'CDH1', 'NRM1']",ref,rep,
1570,YHP1,NRM1,"['YHP1', 'SWI4', 'CLN2', 'CDH1', 'NRM1']",ref,rep,
1571,YHP1,NRM1,"['YHP1', 'SWI6', 'CLN1', 'CDH1', 'NRM1']",ref,rep,
1572,YHP1,NRM1,"['YHP1', 'SWI6', 'CLN2', 'CDH1', 'NRM1']",ref,rep,
1573,YHP1,NRM1,"['YHP1', 'MBP1', 'CLN1', 'CDH1', 'NRM1']",ref,act,
1574,YHP1,NRM1,"['YHP1', 'MBP1', 'CLN1', 'CDH1', 'NRM1']",ref,rep,
1575,YHP1,NRM1,"['YHP1', 'MBP1', 'CLN2', 'CDH1', 'NRM1']",ref,rep,
1576,YHP1,PLM2,"['YHP1', 'SWI4', 'PLM2']",ref,rep,
1577,YHP1,PLM2,"['YHP1', 'SWI6', 'PLM2']",ref,rep,
1578,YHP1,PLM2,"['YHP1', 'MBP1', 'PLM2']",ref,act,
1579,YHP1,PLM2,"['YHP1', 'MBP1', 'PLM2']",ref,rep,
1580,YHP1,STB1,"['YHP1', 'SWI4', 'CLN1', 'STB1']",ref,act,
1581,YHP1,STB1,"['YHP1', 'SWI4', 'CLN2', 'STB1']",ref,act,
1582,YHP1,STB1,"['YHP1', 'SWI6', 'CLN1', 'STB1']",ref,act,
1583,YHP1,STB1,"['YHP1', 'SWI6', 'CLN2', 'STB1']",ref,act,
1584,YHP1,STB1,"['YHP1', 'MBP1', 'CLN1', 'STB1']",ref,rep,
1585,YHP1,STB1,"['YHP1', 'MBP1', 'CLN1', 'STB1']",ref,act,
1586,YHP1,STB1,"['YHP1', 'MBP1', 'CLN2', 'STB1']",ref,act,
1587,YHP1,SWI4,"['YHP1', 'SWI4']",ref,rep,
1588,YHP1,SWI4,"['YHP1', 'SWI6', 'CLN2', 'STB1', 'SWI4']",ref,rep,
1589,YHP1,SWI4,"['YHP1', 'MBP1', 'CLN2', 'STB1', 'SWI4']",ref,rep,
1590,YHP1,SWI5,"['YHP1', 'SWI4', 'PLM2', 'NDD1', 'SWI5']",ref,rep,
1591,YHP1,SWI5,"['YHP1', 'SWI4', 'PLM2', 'MCM1', 'SWI5']",ref,rep,
1592,YHP1,SWI5,"['YHP1', 'SWI4', 'TOS4', 'NDD1', 'SWI5']",ref,rep,
1593,YHP1,SWI5,"['YHP1', 'SWI4', 'TOS4', 'MCM1', 'SWI5']",ref,rep,
1594,YHP1,SWI5,"['YHP1', 'SWI4', 'CLN1', 'CDH1', 'SWI5']",ref,act,
1595,YHP1,SWI5,"['YHP1', 'SWI4', 'CLN2', 'CDH1', 'SWI5']",ref,act,
1596,YHP1,SWI5,"['YHP1', 'SWI6', 'CLN1', 'CDH1', 'SWI5']",ref,act,
1597,YHP1,SWI5,"['YHP1', 'SWI6', 'CLN2', 'CDH1', 'SWI5']",ref,act,
1598,YHP1,SWI5,"['YHP1', 'SWI6', 'PLM2', 'NDD1', 'SWI5']",ref,rep,
1599,YHP1,SWI5,"['YHP1', 'SWI6', 'PLM2', 'MCM1', 'SWI5']",ref,rep,
1600,YHP1,SWI5,"['YHP1', 'MBP1', 'CLN1', 'CDH1', 'SWI5']",ref,rep,
1601,YHP1,SWI5,"['YHP1', 'MBP1', 'PLM2', 'NDD1', 'SWI5']",ref,act,
1602,YHP1,SWI5,"['YHP1', 'MBP1', 'PLM2', 'MCM1', 'SWI5']",ref,act,
1603,YHP1,SWI5,"['YHP1', 'MBP1', 'PLM2', 'NDD1', 'SWI5']",ref,rep,
1604,YHP1,SWI5,"['YHP1', 'MBP1', 'PLM2', 'MCM1', 'SWI5']",ref,rep,
1605,YHP1,SWI5,"['YHP1', 'MBP1', 'TOS4', 'NDD1', 'SWI5']",ref,rep,
1606,YHP1,SWI5,"['YHP1', 'MBP1', 'TOS4', 'MCM1', 'SWI5']",ref,rep,
1607,YHP1,SWI5,"['YHP1', 'MBP1', 'CLN1', 'CDH1', 'SWI5']",ref,act,
1608,YHP1,SWI5,"['YHP1', 'MBP1', 'CLN2', 'CDH1', 'SWI5']",ref,act,
1609,YHP1,SWI6,"['YHP1', 'SWI6']",ref,rep,
1610,YHP1,SWI6,"['YHP1', 'MBP1', 'CLN2', 'STB1', 'SWI6']",ref,rep,
1611,YHP1,TOS4,"['YHP1', 'YOX1', 'TOS4']",grn,act,25.110213143143476
1612,YHP1,TOS4,"['YHP1', 'SWI4', 'TOS4']",ref,rep,
1613,YHP1,TOS4,"['YHP1', 'MBP1', 'TOS4']",ref,rep,
1614,YHP1,WHI5,"['YHP1', 'SWI4', 'CLN1', 'WHI5']",ref,act,
1615,YHP1,WHI5,"['YHP1', 'SWI4', 'CLN2', 'WHI5']",ref,act,
1616,YHP1,WHI5,"['YHP1', 'SWI6', 'CLN1', 'WHI5']",ref,act,
1617,YHP1,WHI5,"['YHP1', 'SWI6', 'CLN2', 'WHI5']",ref,act,
1618,YHP1,WHI5,"['YHP1', 'MBP1', 'CLN1', 'WHI5']",ref,rep,
1619,YHP1,WHI5,"['YHP1', 'MBP1', 'CLN1', 'WHI5']",ref,act,
1620,YHP1,WHI5,"['YHP1', 'MBP1', 'CLN2', 'WHI5']",ref,act,
1621,YHP1,YOX1,"['YHP1', 'YOX1']",grn,rep,9.954608359841332
1622,YHP1,YOX1,"['YHP1', 'SWI4', 'CLN1', 'CDH1', 'YOX1']",ref,rep,
1623,YHP1,YOX1,"['YHP1', 'SWI4', 'CLN2', 'CDH1', 'YOX1']",ref,rep,
1624,YHP1,YOX1,"['YHP1', 'SWI4', 'YOX1']",ref,rep,
1625,YHP1,YOX1,"['YHP1', 'SWI6', 'CLN1', 'CDH1', 'YOX1']",ref,rep,
1626,YHP1,YOX1,"['YHP1', 'SWI6', 'CLN2', 'CDH1', 'YOX1']",ref,rep,
1627,YHP1,YOX1,"['YHP1', 'MBP1', 'CLN1', 'CDH1', 'YOX1']",ref,act,
1628,YHP1,YOX1,"['YHP1', 'MBP1', 'CLN1', 'CDH1', 'YOX1']",ref,rep,
1629,YHP1,YOX1,"['YHP1', 'MBP1', 'CLN2', 'CDH1', 'YOX1']",ref,rep,
1630,YHP1,YOX1,"['YHP1', 'MBP1', 'YOX1']",ref,rep,
1631,YOX1,ACE2,"['YOX1', 'SWI4', 'PLM2', 'NDD1', 'ACE2']",ref,rep,
1632,YOX1,ACE2,"['YOX1', 'SWI4', 'PLM2', 'MCM1', 'ACE2']",ref,rep,
1633,YOX1,ACE2,"['YOX1', 'SWI4', 'TOS4', 'NDD1', 'ACE2']",ref,rep,
1634,YOX1,ACE2,"['YOX1', 'SWI4', 'TOS4', 'MCM1', 'ACE2']",ref,rep,
1635,YOX1,ACE2,"['YOX1', 'SWI4', 'CLN1', 'CDH1', 'ACE2']",ref,act,
1636,YOX1,ACE2,"['YOX1', 'SWI4', 'CLN2', 'CDH1', 'ACE2']",ref,act,
1637,YOX1,ACE2,"['YOX1', 'SWI6', 'CLN1', 'CDH1', 'ACE2']",ref,act,
1638,YOX1,ACE2,"['YOX1', 'SWI6', 'CLN2', 'CDH1', 'ACE2']",ref,act,
1639,YOX1,ACE2,"['YOX1', 'SWI6', 'PLM2', 'NDD1', 'ACE2']",ref,rep,
1640,YOX1,ACE2,"['YOX1', 'SWI6', 'PLM2', 'MCM1', 'ACE2']",ref,rep,
1641,YOX1,ACE2,"['YOX1', 'MBP1', 'CLN1', 'CDH1', 'ACE2']",ref,rep,
1642,YOX1,ACE2,"['YOX1', 'MBP1', 'PLM2', 'NDD1', 'ACE2']",ref,act,
1643,YOX1,ACE2,"['YOX1', 'MBP1', 'PLM2', 'MCM1', 'ACE2']",ref,act,
1644,YOX1,ACE2,"['YOX1', 'MBP1', 'PLM2', 'NDD1', 'ACE2']",ref,rep,
1645,YOX1,ACE2,"['YOX1', 'MBP1', 'PLM2', 'MCM1', 'ACE2']",ref,rep,
1646,YOX1,ACE2,"['YOX1', 'MBP1', 'TOS4', 'NDD1', 'ACE2']",ref,rep,
1647,YOX1,ACE2,"['YOX1', 'MBP1', 'TOS4', 'MCM1', 'ACE2']",ref,rep,
1648,YOX1,ACE2,"['YOX1', 'MBP1', 'CLN1', 'CDH1', 'ACE2']",ref,act,
1649,YOX1,ACE2,"['YOX1', 'MBP1', 'CLN2', 'CDH1', 'ACE2']",ref,act,
1650,YOX1,CDC20,"['YOX1', 'SWI4', 'PLM2', 'NDD1', 'CDC20']",ref,rep,
1651,YOX1,CDC20,"['YOX1', 'SWI4', 'PLM2', 'MCM1', 'CDC20']",ref,rep,
1652,YOX1,CDC20,"['YOX1', 'SWI4', 'TOS4', 'NDD1', 'CDC20']",ref,rep,
1653,YOX1,CDC20,"['YOX1', 'SWI4', 'TOS4', 'MCM1', 'CDC20']",ref,rep,
1654,YOX1,CDC20,"['YOX1', 'SWI6', 'PLM2', 'NDD1', 'CDC20']",ref,rep,
1655,YOX1,CDC20,"['YOX1', 'SWI6', 'PLM2', 'MCM1', 'CDC20']",ref,rep,
1656,YOX1,CDC20,"['YOX1', 'MBP1', 'PLM2', 'NDD1', 'CDC20']",ref,act,
1657,YOX1,CDC20,"['YOX1', 'MBP1', 'PLM2', 'MCM1', 'CDC20']",ref,act,
1658,YOX1,CDC20,"['YOX1', 'MBP1', 'PLM2', 'NDD1', 'CDC20']",ref,rep,
1659,YOX1,CDC20,"['YOX1', 'MBP1', 'PLM2', 'MCM1', 'CDC20']",ref,rep,
1660,YOX1,CDC20,"['YOX1', 'MBP1', 'TOS4', 'NDD1', 'CDC20']",ref,rep,
1661,YOX1,CDC20,"['YOX1', 'MBP1', 'TOS4', 'MCM1', 'CDC20']",ref,rep,
1662,YOX1,CDH1,"['YOX1', 'SWI4', 'CLN1', 'CDH1']",ref,act,
1663,YOX1,CDH1,"['YOX1', 'SWI4', 'CLN2', 'CDH1']",ref,act,
1664,YOX1,CDH1,"['YOX1', 'SWI6', 'CLN1', 'CDH1']",ref,act,
1665,YOX1,CDH1,"['YOX1', 'SWI6', 'CLN2', 'CDH1']",ref,act,
1666,YOX1,CDH1,"['YOX1', 'MBP1', 'CLN1', 'CDH1']",ref,rep,
1667,YOX1,CDH1,"['YOX1', 'MBP1', 'CLN1', 'CDH1']",ref,act,
1668,YOX1,CDH1,"['YOX1', 'MBP1', 'CLN2', 'CDH1']",ref,act,
1669,YOX1,CLB2,"['YOX1', 'CLB2']",grn,rep,0.02817797520221773
1670,YOX1,CLB2,"['YOX1', 'SWI4', 'PLM2', 'NDD1', 'CLB2']",ref,rep,
1671,YOX1,CLB2,"['YOX1', 'SWI4', 'PLM2', 'MCM1', 'CLB2']",ref,rep,
1672,YOX1,CLB2,"['YOX1', 'SWI4', 'TOS4', 'NDD1', 'CLB2']",ref,rep,
1673,YOX1,CLB2,"['YOX1', 'SWI4', 'TOS4', 'MCM1', 'CLB2']",ref,rep,
1674,YOX1,CLB2,"['YOX1', 'SWI6', 'PLM2', 'NDD1', 'CLB2']",ref,rep,
1675,YOX1,CLB2,"['YOX1', 'SWI6', 'PLM2', 'MCM1', 'CLB2']",ref,rep,
1676,YOX1,CLB2,"['YOX1', 'MBP1', 'PLM2', 'NDD1', 'CLB2']",ref,act,
1677,YOX1,CLB2,"['YOX1', 'MBP1', 'PLM2', 'MCM1', 'CLB2']",ref,act,
1678,YOX1,CLB2,"['YOX1', 'MBP1', 'PLM2', 'NDD1', 'CLB2']",ref,rep,
1679,YOX1,CLB2,"['YOX1', 'MBP1', 'PLM2', 'MCM1', 'CLB2']",ref,rep,
1680,YOX1,CLB2,"['YOX1', 'MBP1', 'TOS4', 'NDD1', 'CLB2']",ref,rep,
1681,YOX1,CLB2,"['YOX1', 'MBP1', 'TOS4', 'MCM1', 'CLB2']",ref,rep,
1682,YOX1,CLB5,"['YOX1', 'SWI4', 'CLB5']",ref,rep,
1683,YOX1,CLB5,"['YOX1', 'SWI6', 'CLB5']",ref,rep,
1684,YOX1,CLB5,"['YOX1', 'MBP1', 'CLB5']",ref,rep,
1685,YOX1,CLB6,"['YOX1', 'SWI4', 'CLB6']",ref,rep,
1686,YOX1,CLB6,"['YOX1', 'SWI6', 'CLB6']",ref,rep,
1687,YOX1,CLB6,"['YOX1', 'MBP1', 'CLB6']",ref,rep,
1688,YOX1,CLN1,"['YOX1', 'SWI4', 'CLN1']",ref,rep,
1689,YOX1,CLN1,"['YOX1', 'SWI6', 'CLN1']",ref,rep,
1690,YOX1,CLN1,"['YOX1', 'MBP1', 'CLN1']",ref,act,
1691,YOX1,CLN1,"['YOX1', 'MBP1', 'CLN1']",ref,rep,
1692,YOX1,CLN2,"['YOX1', 'SWI4', 'CLN2']",ref,rep,
1693,YOX1,CLN2,"['YOX1', 'SWI6', 'CLN2']",ref,rep,
1694,YOX1,CLN2,"['YOX1', 'MBP1', 'CLN2']",ref,rep,
1695,YOX1,FKH1,"['YOX1', 'SWI4', 'HCM1', 'FKH1']",ref,rep,
1696,YOX1,FKH1,"['YOX1', 'SWI4', 'PLM2', 'FKH1']",ref,rep,
1697,YOX1,FKH1,"['YOX1', 'SWI4', 'TOS4', 'FKH1']",ref,rep,
1698,YOX1,FKH1,"['YOX1', 'SWI4', 'CLN1', 'CDH1', 'FKH1']",ref,rep,
1699,YOX1,FKH1,"['YOX1', 'SWI4', 'CLN2', 'CDH1', 'FKH1']",ref,rep,
1700,YOX1,FKH1,"['YOX1', 'SWI6', 'CLN1', 'CDH1', 'FKH1']",ref,rep,
1701,YOX1,FKH1,"['YOX1', 'SWI6', 'CLN2', 'CDH1', 'FKH1']",ref,rep,
1702,YOX1,FKH1,"['YOX1', 'SWI6', 'HCM1', 'FKH1']",ref,rep,
1703,YOX1,FKH1,"['YOX1', 'SWI6', 'PLM2', 'FKH1']",ref,rep,
1704,YOX1,FKH1,"['YOX1', 'MBP1', 'CLN1', 'CDH1', 'FKH1']",ref,act,
1705,YOX1,FKH1,"['YOX1', 'MBP1', 'PLM2', 'FKH1']",ref,act,
1706,YOX1,FKH1,"['YOX1', 'MBP1', 'HCM1', 'FKH1']",ref,rep,
1707,YOX1,FKH1,"['YOX1', 'MBP1', 'PLM2', 'FKH1']",ref,rep,
1708,YOX1,FKH1,"['YOX1', 'MBP1', 'TOS4', 'FKH1']",ref,rep,
1709,YOX1,FKH1,"['YOX1', 'MBP1', 'CLN1', 'CDH1', 'FKH1']",ref,rep,
1710,YOX1,FKH1,"['YOX1', 'MBP1', 'CLN2', 'CDH1', 'FKH1']",ref,rep,
1711,YOX1,FKH2,"['YOX1', 'SWI4', 'HCM1', 'FKH2']",ref,rep,
1712,YOX1,FKH2,"['YOX1', 'SWI4', 'PLM2', 'FKH2']",ref,rep,
1713,YOX1,FKH2,"['YOX1', 'SWI4', 'TOS4', 'FKH2']",ref,rep,
1714,YOX1,FKH2,"['YOX1', 'SWI4', 'CLN1', 'CDH1', 'FKH2']",ref,rep,
1715,YOX1,FKH2,"['YOX1', 'SWI4', 'CLN2', 'CDH1', 'FKH2']",ref,rep,
1716,YOX1,FKH2,"['YOX1', 'SWI6', 'CLN1', 'CDH1', 'FKH2']",ref,rep,
1717,YOX1,FKH2,"['YOX1', 'SWI6', 'CLN2', 'CDH1', 'FKH2']",ref,rep,
1718,YOX1,FKH2,"['YOX1', 'SWI6', 'HCM1', 'FKH2']",ref,rep,
1719,YOX1,FKH2,"['YOX1', 'SWI6', 'PLM2', 'FKH2']",ref,rep,
1720,YOX1,FKH2,"['YOX1', 'MBP1', 'CLN1', 'CDH1', 'FKH2']",ref,act,
1721,YOX1,FKH2,"['YOX1', 'MBP1', 'PLM2', 'FKH2']",ref,act,
1722,YOX1,FKH2,"['YOX1', 'MBP1', 'HCM1', 'FKH2']",ref,rep,
1723,YOX1,FKH2,"['YOX1', 'MBP1', 'PLM2', 'FKH2']",ref,rep,
1724,YOX1,FKH2,"['YOX1', 'MBP1', 'TOS4', 'FKH2']",ref,rep,
1725,YOX1,FKH2,"['YOX1', 'MBP1', 'CLN1', 'CDH1', 'FKH2']",ref,rep,
1726,YOX1,FKH2,"['YOX1', 'MBP1', 'CLN2', 'CDH1', 'FKH2']",ref,rep,
1727,YOX1,HCM1,"['YOX1', 'SWI4', 'HCM1']",ref,rep,
1728,YOX1,HCM1,"['YOX1', 'SWI6', 'HCM1']",ref,rep,
1729,YOX1,HCM1,"['YOX1', 'MBP1', 'HCM1']",ref,rep,
1730,YOX1,MBP1,"['YOX1', 'MBP1']",ref,rep,
1731,YOX1,MCM1,"['YOX1', 'SWI4', 'PLM2', 'MCM1']",ref,rep,
1732,YOX1,MCM1,"['YOX1', 'SWI4', 'TOS4', 'MCM1']",ref,rep,
1733,YOX1,MCM1,"['YOX1', 'SWI4', 'CLN1', 'CDH1', 'MCM1']",ref,rep,
1734,YOX1,MCM1,"['YOX1', 'SWI4', 'CLN2', 'CDH1', 'MCM1']",ref,rep,
1735,YOX1,MCM1,"['YOX1', 'SWI6', 'CLN1', 'CDH1', 'MCM1']",ref,rep,
1736,YOX1,MCM1,"['YOX1', 'SWI6', 'CLN2', 'CDH1', 'MCM1']",ref,rep,
1737,YOX1,MCM1,"['YOX1', 'SWI6', 'PLM2', 'MCM1']",ref,rep,
1738,YOX1,MCM1,"['YOX1', 'MBP1', 'CLN1', 'CDH1', 'MCM1']",ref,act,
1739,YOX1,MCM1,"['YOX1', 'MBP1', 'PLM2', 'MCM1']",ref,act,
1740,YOX1,MCM1,"['YOX1', 'MBP1', 'PLM2', 'MCM1']",ref,rep,
1741,YOX1,MCM1,"['YOX1', 'MBP1', 'TOS4', 'MCM1']",ref,rep,
1742,YOX1,MCM1,"['YOX1', 'MBP1', 'CLN1', 'CDH1', 'MCM1']",ref,rep,
1743,YOX1,MCM1,"['YOX1', 'MBP1', 'CLN2', 'CDH1', 'MCM1']",ref,rep,
1744,YOX1,NDD1,"['YOX1', 'SWI4', 'PLM2', 'NDD1']",ref,rep,
1745,YOX1,NDD1,"['YOX1', 'SWI4', 'TOS4', 'NDD1']",ref,rep,
1746,YOX1,NDD1,"['YOX1', 'SWI4', 'CLN1', 'CDH1', 'NDD1']",ref,rep,
1747,YOX1,NDD1,"['YOX1', 'SWI4', 'CLN2', 'CDH1', 'NDD1']",ref,rep,
1748,YOX1,NDD1,"['YOX1', 'SWI6', 'CLN1', 'CDH1', 'NDD1']",ref,rep,
1749,YOX1,NDD1,"['YOX1', 'SWI6', 'CLN2', 'CDH1', 'NDD1']",ref,rep,
1750,YOX1,NDD1,"['YOX1', 'SWI6', 'PLM2', 'NDD1']",ref,rep,
1751,YOX1,NDD1,"['YOX1', 'MBP1', 'CLN1', 'CDH1', 'NDD1']",ref,act,
1752,YOX1,NDD1,"['YOX1', 'MBP1', 'PLM2', 'NDD1']",ref,act,
1753,YOX1,NDD1,"['YOX1', 'MBP1', 'PLM2', 'NDD1']",ref,rep,
1754,YOX1,NDD1,"['YOX1', 'MBP1', 'TOS4', 'NDD1']",ref,rep,
1755,YOX1,NDD1,"['YOX1', 'MBP1', 'CLN1', 'CDH1', 'NDD1']",ref,rep,
1756,YOX1,NDD1,"['YOX1', 'MBP1', 'CLN2', 'CDH1', 'NDD1']",ref,rep,
1757,YOX1,PLM2,"['YOX1', 'SWI4', 'PLM2']",ref,rep,
1758,YOX1,PLM2,"['YOX1', 'SWI6', 'PLM2']",ref,rep,
1759,YOX1,PLM2,"['YOX1', 'MBP1', 'PLM2']",ref,act,
1760,YOX1,PLM2,"['YOX1', 'MBP1', 'PLM2']",ref,rep,
1761,YOX1,STB1,"['YOX1', 'SWI4', 'CLN1', 'STB1']",ref,act,
1762,YOX1,STB1,"['YOX1', 'SWI4', 'CLN2', 'STB1']",ref,act,
1763,YOX1,STB1,"['YOX1', 'SWI6', 'CLN1', 'STB1']",ref,act,
1764,YOX1,STB1,"['YOX1', 'SWI6', 'CLN2', 'STB1']",ref,act,
1765,YOX1,STB1,"['YOX1', 'MBP1', 'CLN1', 'STB1']",ref,rep,
1766,YOX1,STB1,"['YOX1', 'MBP1', 'CLN1', 'STB1']",ref,act,
1767,YOX1,STB1,"['YOX1', 'MBP1', 'CLN2', 'STB1']",ref,act,
1768,YOX1,SWI4,"['YOX1', 'SWI4']",ref,rep,
1769,YOX1,SWI4,"['YOX1', 'SWI6', 'CLN2', 'STB1', 'SWI4']",ref,rep,
1770,YOX1,SWI4,"['YOX1', 'MBP1', 'CLN2', 'STB1', 'SWI4']",ref,rep,
1771,YOX1,SWI5,"['YOX1', 'SWI4', 'PLM2', 'NDD1', 'SWI5']",ref,rep,
1772,YOX1,SWI5,"['YOX1', 'SWI4', 'PLM2', 'MCM1', 'SWI5']",ref,rep,
1773,YOX1,SWI5,"['YOX1', 'SWI4', 'TOS4', 'NDD1', 'SWI5']",ref,rep,
1774,YOX1,SWI5,"['YOX1', 'SWI4', 'TOS4', 'MCM1', 'SWI5']",ref,rep,
1775,YOX1,SWI5,"['YOX1', 'SWI4', 'CLN1', 'CDH1', 'SWI5']",ref,act,
1776,YOX1,SWI5,"['YOX1', 'SWI4', 'CLN2', 'CDH1', 'SWI5']",ref,act,
1777,YOX1,SWI5,"['YOX1', 'SWI6', 'CLN1', 'CDH1', 'SWI5']",ref,act,
1778,YOX1,SWI5,"['YOX1', 'SWI6', 'CLN2', 'CDH1', 'SWI5']",ref,act,
1779,YOX1,SWI5,"['YOX1', 'SWI6', 'PLM2', 'NDD1', 'SWI5']",ref,rep,
1780,YOX1,SWI5,"['YOX1', 'SWI6', 'PLM2', 'MCM1', 'SWI5']",ref,rep,
1781,YOX1,SWI5,"['YOX1', 'MBP1', 'CLN1', 'CDH1', 'SWI5']",ref,rep,
1782,YOX1,SWI5,"['YOX1', 'MBP1', 'PLM2', 'NDD1', 'SWI5']",ref,act,
1783,YOX1,SWI5,"['YOX1', 'MBP1', 'PLM2', 'MCM1', 'SWI5']",ref,act,
1784,YOX1,SWI5,"['YOX1', 'MBP1', 'PLM2', 'NDD1', 'SWI5']",ref,rep,
1785,YOX1,SWI5,"['YOX1', 'MBP1', 'PLM2', 'MCM1', 'SWI5']",ref,rep,
1786,YOX1,SWI5,"['YOX1', 'MBP1', 'TOS4', 'NDD1', 'SWI5']",ref,rep,
1787,YOX1,SWI5,"['YOX1', 'MBP1', 'TOS4', 'MCM1', 'SWI5']",ref,rep,
1788,YOX1,SWI5,"['YOX1', 'MBP1', 'CLN1', 'CDH1', 'SWI5']",ref,act,
1789,YOX1,SWI5,"['YOX1', 'MBP1', 'CLN2', 'CDH1', 'SWI5']",ref,act,
1790,YOX1,SWI6,"['YOX1', 'SWI6']",ref,rep,
1791,YOX1,SWI6,"['YOX1', 'MBP1', 'CLN2', 'STB1', 'SWI6']",ref,rep,
1792,YOX1,TOS4,"['YOX1', 'TOS4']",grn,rep,15.155604783302143
1793,YOX1,TOS4,"['YOX1', 'SWI4', 'TOS4']",ref,rep,
1794,YOX1,TOS4,"['YOX1', 'MBP1', 'TOS4']",ref,rep,
1795,YOX1,WHI5,"['YOX1', 'SWI4', 'CLN1', 'WHI5']",ref,act,
1796,YOX1,WHI5,"['YOX1', 'SWI4', 'CLN2', 'WHI5']",ref,act,
1797,YOX1,WHI5,"['YOX1', 'SWI6', 'CLN1', 'WHI5']",ref,act,
1798,YOX1,WHI5,"['YOX1', 'SWI6', 'CLN2', 'WHI5']",ref,act,
1799,YOX1,WHI5,"['YOX1', 'MBP1', 'CLN1', 'WHI5']",ref,rep,
1800,YOX1,WHI5,"['YOX1', 'MBP1', 'CLN1', 'WHI5']",ref,act,
1801,YOX1,WHI5,"['YOX1', 'MBP1', 'CLN2', 'WHI5']",ref,act,
