TF,strain,date,restriction,mechanism,time,GeneName,green_median,red_median,log2_ratio,log2_cleaned_ratio,log2_noise_model,log2_cleaned_ratio_zth2d,log2_selected_timecourses,log2_shrunken_timecourses
ACE2,SMY64,12/16/2015,P,GEV,0.0,ACE2,1129.1748,233.517,0.0,0.0,0.129406918687,0.0,0.0,0.0
ACE2,SMY64,12/16/2015,P,GEV,5.0,ACE2,1441.1875,6587.4615,4.48864425842,4.37924781985,0.121796379014,4.37924781985,4.37924781985,4.379231472732293
ACE2,SMY64,12/16/2015,P,GEV,10.0,ACE2,1653.753,31389.71,6.54293676027,6.48516165704,0.121142611796,6.48516165704,6.48516165703,6.485150841773192
ACE2,SMY64,12/16/2015,P,GEV,15.0,ACE2,1643.16,37598.4,6.81310039476,6.83344234668,0.122298035993,6.83344234668,6.83344234667,6.8334396627364695
ACE2,SMY64,12/16/2015,P,GEV,20.0,ACE2,1359.575,32865.185,6.89218311724,6.89289283756,0.122514074739,6.89289283756,6.89289283756,6.892891987149299
ACE2,SMY64,12/16/2015,P,GEV,30.0,ACE2,1371.525,32516.23,6.86459108297,6.84798912053,0.130805563605,6.84798912053,6.84798912052,6.847988896635362
ACE2,SMY64,12/16/2015,P,GEV,45.0,ACE2,1453.442,31464.055,6.73267261839,6.82166777414,0.134249971671,6.82166777414,6.82166777414,6.821667697457645
ACE2,SMY64,12/16/2015,P,GEV,90.0,ACE2,1474.993,29502.195,6.61950443179,6.63864538578,0.140513088407,6.63864538578,6.63864538578,6.638645350008285
ACE2,SMY64,12/16/2015,P,GEV,0.0,CDC20,499.232,494.3958,0.0,0.0,0.113114244853,0.0,0.0,0.0
ACE2,SMY64,12/16/2015,P,GEV,5.0,CDC20,549.993,527.27285,-0.0435131603783,-0.00348297164555,0.107431805168,-0.0,0.0,0.0
ACE2,SMY64,12/16/2015,P,GEV,10.0,CDC20,549.33945,506.447,-0.0996430199327,-0.0661095344056,0.106690052082,-0.0,0.0,0.0
ACE2,SMY64,12/16/2015,P,GEV,15.0,CDC20,540.51075,511.1902,-0.0657639508574,-0.0330778050005,0.108000205686,-0.0,0.0,0.0
ACE2,SMY64,12/16/2015,P,GEV,20.0,CDC20,506.78565,483.6203,-0.050705839517,-0.0177413283793,0.108244784308,-0.0,0.0,0.0
ACE2,SMY64,12/16/2015,P,GEV,30.0,CDC20,522.9809,478.2975,-0.11236562379,-0.0974066678378,0.117547140717,-0.0,0.0,0.0
ACE2,SMY64,12/16/2015,P,GEV,45.0,CDC20,560.9116,444.48225,-0.31727019485,-0.247981753041,0.121368404926,-0.0,0.0,0.0
ACE2,SMY64,12/16/2015,P,GEV,90.0,CDC20,586.9436,375.66625,-0.619026966683,-0.473704494905,0.128262086504,-0.0,0.0,0.0
ACE2,SMY64,12/16/2015,P,GEV,0.0,CDH1,1013.60225,929.76295,0.0,0.0,0.0788994464146,0.0,0.0,0.0
ACE2,SMY64,12/16/2015,P,GEV,5.0,CDH1,1015.81095,896.29565,-0.0569653019773,-0.079194130584,0.0778898879281,-0.0,0.0,0.0
ACE2,SMY64,12/16/2015,P,GEV,10.0,CDH1,1116.5365,1059.374,0.0501389898372,0.0347663140946,0.0768635745535,0.0,0.0,0.0
ACE2,SMY64,12/16/2015,P,GEV,15.0,CDH1,1054.38495,906.41645,-0.0903426658349,-0.0695751751577,0.078672017313,-0.0,0.0,0.0
ACE2,SMY64,12/16/2015,P,GEV,20.0,CDH1,936.0289,815.85485,-0.0740446816527,-0.0489954447551,0.0790074376855,-0.0,0.0,0.0
ACE2,SMY64,12/16/2015,P,GEV,30.0,CDH1,1014.41515,874.67505,-0.0894712088916,-0.0311881510163,0.0913376820954,-0.0,0.0,0.0
ACE2,SMY64,12/16/2015,P,GEV,45.0,CDH1,1050.9175,932.67445,-0.0484353335783,-0.00671743482284,0.0962056733986,-0.0,0.0,0.0
ACE2,SMY64,12/16/2015,P,GEV,90.0,CDH1,1096.564,963.7866,-0.0627738394865,0.0249915999989,0.104768338319,0.0,0.0,0.0
ACE2,SMY64,12/16/2015,P,GEV,0.0,CLB2,1096.657,1046.824,0.0,0.0,0.137887672,0.0,0.0,0.0
ACE2,SMY64,12/16/2015,P,GEV,5.0,CLB2,1218.1705,1179.941,0.021171383995,0.0292005710501,0.129319014504,0.0292005710501,0.02920057105,0.0
ACE2,SMY64,12/16/2015,P,GEV,10.0,CLB2,1199.889,1043.767,-0.133669595601,-0.0931351856101,0.128703465237,-0.0931351856101,-0.0931351856101,-0.0003449055756338649
ACE2,SMY64,12/16/2015,P,GEV,15.0,CLB2,1220.3855,995.01035,-0.227215944072,-0.103536787025,0.129791599031,-0.103536787025,-0.103536787025,-0.0030980477091086
ACE2,SMY64,12/16/2015,P,GEV,20.0,CLB2,1095.1035,860.0458,-0.281335254709,-0.119724293942,0.129995184836,-0.119724293942,-0.119724293942,-0.0335395479146481
ACE2,SMY64,12/16/2015,P,GEV,30.0,CLB2,1077.255,728.37495,-0.497423183742,-0.209084539436,0.137837386225,-0.209084539436,-0.209084539437,-0.1566103375417978
ACE2,SMY64,12/16/2015,P,GEV,45.0,CLB2,1195.5155,606.39295,-0.911477849961,-0.460134123041,0.141110256413,-0.460134123041,-0.460134123041,-0.4593256797087218
ACE2,SMY64,12/16/2015,P,GEV,90.0,CLB2,1190.681,366.27985,-1.63405744579,-1.1578038357,0.1470815338,-1.1578038357,-1.1578038357,-1.1578038294612831
ACE2,SMY64,12/16/2015,P,GEV,0.0,CLB3,2064.911,1719.8135,0.0,0.0,0.069999547616,0.0,0.0,0.0
ACE2,SMY64,12/16/2015,P,GEV,5.0,CLB3,2250.3355,1814.212,-0.0482384312865,-0.0158127283666,0.0704451062393,-0.0158127283666,-0.0158127283666,-0.0
ACE2,SMY64,12/16/2015,P,GEV,10.0,CLB3,2230.756,1764.5475,-0.0747668077232,-0.0153678709608,0.0693086390341,-0.0153678709608,-0.0153678709607,-5.691151357293675e-05
ACE2,SMY64,12/16/2015,P,GEV,15.0,CLB3,2143.2405,1664.7935,-0.103245667124,-0.0912673750457,0.0713089381474,-0.0912673750457,-0.0912673750456,-0.0242507731898212
ACE2,SMY64,12/16/2015,P,GEV,20.0,CLB3,1997.2005,1476.7005,-0.172603501465,-0.131969259925,0.0716788222647,-0.131969259925,-0.131969259925,-0.1016271536613565
ACE2,SMY64,12/16/2015,P,GEV,30.0,CLB3,1993.2925,1328.4155,-0.322954612164,-0.293491289329,0.0850779085437,-0.293491289329,-0.293491289328,-0.2929417736333065
ACE2,SMY64,12/16/2015,P,GEV,45.0,CLB3,2124.9945,1377.4785,-0.363027084369,-0.349172984816,0.090284051447,-0.349172984816,-0.349172984816,-0.3491152666631794
ACE2,SMY64,12/16/2015,P,GEV,90.0,CLB3,2301.077,1571.1755,-0.2880244673,-0.387813407457,0.0993583567984,-0.387813407457,-0.387813407456,-0.3877798249498738
ACE2,SMY64,12/16/2015,P,GEV,0.0,CLB5,1351.1195,1253.4785,0.0,0.0,0.127833498907,0.0,0.0,0.0
ACE2,SMY64,12/16/2015,P,GEV,5.0,CLB5,1379.959,1121.894,-0.190708102584,-0.0426405864921,0.120403773362,-0.0,0.0,0.0
ACE2,SMY64,12/16/2015,P,GEV,10.0,CLB5,1403.6855,1233.7785,-0.0788185574894,0.0285781623204,0.119742403064,0.0,0.0,0.0
ACE2,SMY64,12/16/2015,P,GEV,15.0,CLB5,1436.062,1269.076,-0.0702361793505,0.0619469466755,0.120911208358,0.0,0.0,0.0
ACE2,SMY64,12/16/2015,P,GEV,20.0,CLB5,1290.895,1122.5765,-0.0936408178329,-0.01490787869,0.121129720581,-0.0,0.0,0.0
ACE2,SMY64,12/16/2015,P,GEV,30.0,CLB5,1283.7145,1101.1975,-0.113269980764,-0.117277161013,0.129509869002,-0.0,0.0,0.0
ACE2,SMY64,12/16/2015,P,GEV,45.0,CLB5,1381.065,1262.7075,-0.0213537468127,-0.0517182863255,0.132987840018,-0.0,0.0,0.0
ACE2,SMY64,12/16/2015,P,GEV,90.0,CLB5,1472.938,1628.527,0.252749421513,0.210012362153,0.139307712323,0.0,0.0,0.0
ACE2,SMY64,12/16/2015,P,GEV,0.0,CLB6,289.02355,250.92515,0.0,0.0,0.152662031968,0.0,0.0,0.0
ACE2,SMY64,12/16/2015,P,GEV,5.0,CLB6,350.8272,230.1047,-0.399907961843,-0.244421565427,0.142480334695,-0.244421565427,-0.244421565427,-0.0082593912063655
ACE2,SMY64,12/16/2015,P,GEV,10.0,CLB6,364.32085,254.7731,-0.309542630879,-0.11322736123,0.141921880718,-0.11322736123,-0.11322736123,-0.0004193125073699499
ACE2,SMY64,12/16/2015,P,GEV,15.0,CLB6,331.40495,179.41085,-0.68540956191,-0.476216693055,0.142909402915,-0.476216693055,-0.476216693056,-0.4668792437607302
ACE2,SMY64,12/16/2015,P,GEV,20.0,CLB6,295.54065,137.74985,-0.90142029076,-0.800722440978,0.143094326733,-0.800722440978,-0.800722440978,-0.8007222235556508
ACE2,SMY64,12/16/2015,P,GEV,30.0,CLB6,317.40875,118.50395,-1.22588596498,-1.30912192423,0.15025439529,-1.30912192423,-1.30912192423,-1.3091218814302403
ACE2,SMY64,12/16/2015,P,GEV,45.0,CLB6,337.0379,125.33865,-1.22767508222,-1.46106717786,0.153262333036,-1.46106717786,-1.46106717786,-1.4610671614361466
ACE2,SMY64,12/16/2015,P,GEV,90.0,CLB6,349.5448,236.9786,-0.354841104891,-0.733578610491,0.158777252299,-0.733578610491,-0.733578610491,-0.7335752004977076
ACE2,SMY64,12/16/2015,P,GEV,0.0,CLN1,5147.878,6338.1625,0.0,0.0,0.162598350277,0.0,0.0,0.0
ACE2,SMY64,12/16/2015,P,GEV,5.0,CLN1,6469.8885,6650.1485,-0.259991304782,-0.179609882349,0.15136408215,-0.0,0.0,0.0
ACE2,SMY64,12/16/2015,P,GEV,10.0,CLN1,6466.8825,6151.429,-0.372275650019,-0.0500390240842,0.150838522323,-0.0,0.0,0.0
ACE2,SMY64,12/16/2015,P,GEV,15.0,CLN1,6175.576,5208.688,-0.545188956583,-0.173425229769,0.151768036924,-0.0,0.0,0.0
ACE2,SMY64,12/16/2015,P,GEV,20.0,CLN1,5868.81,4564.065,-0.662738522479,-0.223609945101,0.151942179573,-0.0,0.0,0.0
ACE2,SMY64,12/16/2015,P,GEV,30.0,CLN1,5785.659,4829.809,-0.560670116588,-0.250536644451,0.158703569255,-0.0,0.0,0.0
ACE2,SMY64,12/16/2015,P,GEV,45.0,CLN1,6472.9175,5488.704,-0.538074471743,-0.263603362784,0.161554270502,-0.0,0.0,0.0
ACE2,SMY64,12/16/2015,P,GEV,90.0,CLN1,6083.9285,6041.1985,-0.310310433069,-0.133448247151,0.166795250046,-0.0,0.0,0.0
ACE2,SMY64,12/16/2015,P,GEV,0.0,CLN2,613.71995,642.0183,0.0,0.0,0.134670106728,0.0,0.0,0.0
ACE2,SMY64,12/16/2015,P,GEV,5.0,CLN2,648.2766,604.98405,-0.168481087205,-0.0836804015819,0.126461840658,-0.0836804015819,-0.0836804015819,-0.0
ACE2,SMY64,12/16/2015,P,GEV,10.0,CLN2,679.43815,621.0787,-0.197985997359,-0.081477869156,0.125832315382,-0.081477869156,-0.081477869156,-0.0003017352805879133
ACE2,SMY64,12/16/2015,P,GEV,15.0,CLN2,680.0233,618.03185,-0.206690803287,-0.138375228239,0.12694506217,-0.138375228239,-0.138375228239,-0.0226731658208504
ACE2,SMY64,12/16/2015,P,GEV,20.0,CLN2,528.1368,501.07815,-0.145933532266,-0.1392721886,0.127153205665,-0.1392721886,-0.1392721886,-0.0546663263783024
ACE2,SMY64,12/16/2015,P,GEV,30.0,CLN2,585.141,718.4736,0.228236772374,0.125328269363,0.135160403491,0.125328269363,0.125328269363,0.0496450218419185
ACE2,SMY64,12/16/2015,P,GEV,45.0,CLN2,679.35275,1115.2785,0.647909564744,0.461774112258,0.138496549037,0.461774112258,0.461774112257,0.4611429983440737
ACE2,SMY64,12/16/2015,P,GEV,90.0,CLN2,740.54425,1441.0425,0.892247111428,0.578208170245,0.144575818224,0.578208170245,0.578208170245,0.5781767845261649
ACE2,SMY64,12/16/2015,P,GEV,0.0,CLN3,659.45485,903.462,0.0,0.0,0.178445054883,0.0,0.0,0.0
ACE2,SMY64,12/16/2015,P,GEV,5.0,CLN3,748.222,1259.7135,0.296387206577,0.0854472643568,0.1655740432,0.0,0.0,0.0
ACE2,SMY64,12/16/2015,P,GEV,10.0,CLN3,799.455,1702.377,0.635646303419,0.152000806979,0.165093725602,0.0,0.0,0.0
ACE2,SMY64,12/16/2015,P,GEV,15.0,CLN3,655.34625,1502.891,0.742820526783,0.235698500815,0.165943410378,0.0,0.0,0.0
ACE2,SMY64,12/16/2015,P,GEV,20.0,CLN3,709.19095,1554.676,0.677563642584,0.0712970383125,0.16610269218,0.0,0.0,0.0
ACE2,SMY64,12/16/2015,P,GEV,30.0,CLN3,692.4509,1577.6465,0.733288625138,0.0523977148827,0.172309318698,0.0,0.0,0.0
ACE2,SMY64,12/16/2015,P,GEV,45.0,CLN3,758.59135,1781.106,0.776823952624,0.142246624087,0.174938448416,0.0,0.0,0.0
ACE2,SMY64,12/16/2015,P,GEV,90.0,CLN3,750.3379,1783.4335,0.794057657402,0.173069917062,0.179789693403,0.0,0.0,0.0
ACE2,SMY64,12/16/2015,P,GEV,0.0,FKH1,627.1444,598.07295,0.0,0.0,0.116238764797,0.0,0.0,0.0
ACE2,SMY64,12/16/2015,P,GEV,5.0,FKH1,595.65955,546.9615,-0.0506066033927,-0.0432573493726,0.110176106631,-0.0432573493726,-0.0432573493726,-0.0
ACE2,SMY64,12/16/2015,P,GEV,10.0,FKH1,675.71565,559.8846,-0.199173217967,-0.177729472337,0.109452953017,-0.177729472337,-0.177729472338,-0.0383357915051191
ACE2,SMY64,12/16/2015,P,GEV,15.0,FKH1,661.72465,578.6832,-0.123016081267,-0.062612963913,0.110730421019,-0.062612963913,-0.062612963913,-0.0
ACE2,SMY64,12/16/2015,P,GEV,20.0,FKH1,623.87495,542.2568,-0.130452151774,-0.128335968767,0.110968982335,-0.128335968767,-0.128335968767,-0.0552621799619429
ACE2,SMY64,12/16/2015,P,GEV,30.0,FKH1,613.4317,461.98055,-0.338584804591,-0.303654133728,0.120060451446,-0.303654133728,-0.303654133729,-0.2949722758009577
ACE2,SMY64,12/16/2015,P,GEV,45.0,FKH1,674.08715,446.1986,-0.526981946762,-0.436454070282,0.12380416562,-0.436454070282,-0.436454070282,-0.4361570802183438
ACE2,SMY64,12/16/2015,P,GEV,90.0,FKH1,703.47005,431.9872,-0.6321526422929999,-0.650459932651,0.130569309353,-0.650459932651,-0.650459932651,-0.6504592666962613
ACE2,SMY64,12/16/2015,P,GEV,0.0,FKH2,548.78135,629.44985,0.0,0.0,0.109990774675,0.0,0.0,0.0
ACE2,SMY64,12/16/2015,P,GEV,5.0,FKH2,661.7292,750.17275,-0.017578616768,-0.00142855606321,0.104694195314,-0.0,0.0,0.0
ACE2,SMY64,12/16/2015,P,GEV,10.0,FKH2,582.5549,679.9852,0.0263075163191,-0.0179760216125,0.103932906166,-0.0,0.0,0.0
ACE2,SMY64,12/16/2015,P,GEV,15.0,FKH2,636.95845,834.1614,0.191249995637,0.111656589598,0.105277377433,0.0,0.0,0.0
ACE2,SMY64,12/16/2015,P,GEV,20.0,FKH2,569.67875,784.6495,0.26544464128,0.117615676931,0.105528266832,0.0,0.0,0.0
ACE2,SMY64,12/16/2015,P,GEV,30.0,FKH2,567.4282,787.8537,0.275530825629,0.122236801381,0.115050476147,0.0,0.0,0.0
ACE2,SMY64,12/16/2015,P,GEV,45.0,FKH2,629.19875,703.9429,-0.0336412701497,-0.0907875331674,0.118951971337,-0.0,0.0,0.0
ACE2,SMY64,12/16/2015,P,GEV,90.0,FKH2,635.7653,722.50925,-0.0148669196849,-0.0960463600272,0.125977952853,-0.0,0.0,0.0
ACE2,SMY64,12/16/2015,P,GEV,0.0,HCM1,1006.5715,840.31705,0.0,0.0,0.136650100165,0.0,0.0,0.0
ACE2,SMY64,12/16/2015,P,GEV,5.0,HCM1,1090.50985,893.26495,-0.0276768840185,-0.00462295626219,0.128219631883,-0.00462295626219,-0.00462295626219,-0.0
ACE2,SMY64,12/16/2015,P,GEV,10.0,HCM1,1097.977,861.97935,-0.0926187068546,-0.000398303548238,0.127598779195,-0.000398303548238,-0.000398303548238,-1.4750291598403222e-06
ACE2,SMY64,12/16/2015,P,GEV,15.0,HCM1,1102.5826,756.4387,-0.281261726158,-0.181157101468,0.128696253508,-0.181157101468,-0.181157101468,-0.061291919374641
ACE2,SMY64,12/16/2015,P,GEV,20.0,HCM1,903.9794,589.54505,-0.357378576263,-0.242941908691,0.128901569302,-0.242941908691,-0.242941908691,-0.1909284906327198
ACE2,SMY64,12/16/2015,P,GEV,30.0,HCM1,939.11895,571.5343,-0.462906093378,-0.380581028479,0.136806474735,-0.380581028479,-0.38058102848,-0.3750316143639349
ACE2,SMY64,12/16/2015,P,GEV,45.0,HCM1,1017.0118,568.99565,-0.581607287486,-0.538700616575,0.140103429483,-0.538700616575,-0.538700616575,-0.5386027475116136
ACE2,SMY64,12/16/2015,P,GEV,90.0,HCM1,1078.4988,620.02405,-0.540790558147,-0.560226996566,0.14611585839,-0.560226996566,-0.560226996565,-0.5601572305112104
ACE2,SMY64,12/16/2015,P,GEV,0.0,MBP1,1690.9445,1401.1815,0.0,0.0,0.0906779477523,0.0,0.0,0.0
ACE2,SMY64,12/16/2015,P,GEV,5.0,MBP1,1879.233,1637.7755,0.0736161054148,0.0627730597273,0.0879278545826,0.0,0.0,0.0
ACE2,SMY64,12/16/2015,P,GEV,10.0,MBP1,1801.1075,1529.872,0.036373468349,0.0297475957928,0.0870200095564,0.0,0.0,0.0
ACE2,SMY64,12/16/2015,P,GEV,15.0,MBP1,1904.7785,1541.06,-0.0336367705813,0.00260222247157,0.088621438028,0.0,0.0,0.0
ACE2,SMY64,12/16/2015,P,GEV,20.0,MBP1,1692.4935,1362.3585,-0.0408303615319,0.0181179723789,0.0889193352409,0.0,0.0,0.0
ACE2,SMY64,12/16/2015,P,GEV,30.0,MBP1,1699.474,1274.084,-0.143679969121,-0.04611906254,0.100035219501,-0.0,0.0,0.0
ACE2,SMY64,12/16/2015,P,GEV,45.0,MBP1,1911.3295,1314.46,-0.267933345127,-0.138818891658,0.104498825659,-0.0,0.0,0.0
ACE2,SMY64,12/16/2015,P,GEV,90.0,MBP1,1955.8915,1408.3355,-0.201354833785,-0.172494344414,0.112431657838,-0.0,0.0,0.0
ACE2,SMY64,12/16/2015,P,GEV,0.0,MCM1,1240.0115,1107.255,0.0,0.0,0.122569735252,0.0,0.0,0.0
ACE2,SMY64,12/16/2015,P,GEV,5.0,MCM1,1267.928,1286.4595,0.180429006378,0.0584719497232,0.115752677884,0.0,0.0,0.0
ACE2,SMY64,12/16/2015,P,GEV,10.0,MCM1,1348.8195,1266.671,0.0712987681828,-0.103352624982,0.115064577039,-0.0,0.0,0.0
ACE2,SMY64,12/16/2015,P,GEV,15.0,MCM1,1342.93095,1446.4175,0.28175465064,0.0366645605686,0.116280411523,0.0,0.0,0.0
ACE2,SMY64,12/16/2015,P,GEV,20.0,MCM1,1278.8255,1386.345,0.273073057643,0.0296491675126,0.116507609218,0.0,0.0,0.0
ACE2,SMY64,12/16/2015,P,GEV,30.0,MCM1,1271.8575,1401.236,0.298842725188,0.0,0.125197523804,0.0,0.0,0.0
ACE2,SMY64,12/16/2015,P,GEV,45.0,MCM1,1348.7095,1402.958,0.217486073486,-0.00887796596594,0.128792000489,-0.0,0.0,0.0
ACE2,SMY64,12/16/2015,P,GEV,90.0,MCM1,1397.5165,1430.7725,0.189990200619,0.0217600401095,0.135307991301,0.0,0.0,0.0
ACE2,SMY64,12/16/2015,P,GEV,0.0,NDD1,891.5594,907.38725,0.0,0.0,0.119336290356,0.0,0.0,0.0
ACE2,SMY64,12/16/2015,P,GEV,5.0,NDD1,1076.41955,1050.2658,-0.066687751578,-0.0803507843653,0.112901982272,-0.0,0.0,0.0
ACE2,SMY64,12/16/2015,P,GEV,10.0,NDD1,979.90125,973.854,-0.0374453945774,-0.0296989279949,0.112196399464,-0.0,0.0,0.0
ACE2,SMY64,12/16/2015,P,GEV,15.0,NDD1,1033.0272,950.29595,-0.151821297346,-0.0990167207127,0.113442978045,-0.0,0.0,0.0
ACE2,SMY64,12/16/2015,P,GEV,20.0,NDD1,900.31555,795.59085,-0.207324889229,-0.117631846568,0.113675846903,-0.0,0.0,0.0
ACE2,SMY64,12/16/2015,P,GEV,30.0,NDD1,919.27585,769.43035,-0.282127648653,-0.203658752167,0.12256669666,-0.0,0.0,0.0
ACE2,SMY64,12/16/2015,P,GEV,45.0,NDD1,1011.7026,772.76475,-0.415684296741,-0.253785466296,0.126236106378,-0.0,0.0,0.0
ACE2,SMY64,12/16/2015,P,GEV,90.0,NDD1,1047.73425,812.77215,-0.398417061841,-0.420364138049,0.132877491223,-0.0,0.0,0.0
ACE2,SMY64,12/16/2015,P,GEV,0.0,NRM1,749.37975,786.9933,0.0,0.0,0.130877122453,0.0,0.0,0.0
ACE2,SMY64,12/16/2015,P,GEV,5.0,NRM1,921.52875,928.46685,-0.0588248522648,0.0097884241381,0.123098538127,0.0097884241381,0.0097884241381,0.0
ACE2,SMY64,12/16/2015,P,GEV,10.0,NRM1,931.5319,945.77485,-0.0470444184843,-0.0287452411368,0.122451723306,-0.0287452411368,-0.0287452411368,-0.00010645164742064028
ACE2,SMY64,12/16/2015,P,GEV,15.0,NRM1,803.66475,853.3236,0.0233451998901,0.0341305324078,0.12359490991,0.0341305324078,0.0341305324078,0.0
ACE2,SMY64,12/16/2015,P,GEV,20.0,NRM1,817.2203,678.42985,-0.339706996185,-0.303412274014,0.12380868571,-0.303412274014,-0.303412274013,-0.2816236997600842
ACE2,SMY64,12/16/2015,P,GEV,30.0,NRM1,841.6614,555.28335,-0.672967262436,-0.70985921697,0.132018891141,-0.70985921697,-0.70985921697,-0.7098589469111726
ACE2,SMY64,12/16/2015,P,GEV,45.0,NRM1,910.68755,569.32395,-0.748640362015,-0.760541386418,0.135432444568,-0.760541386418,-0.760541386418,-0.760541368941299
ACE2,SMY64,12/16/2015,P,GEV,90.0,NRM1,929.0282,624.0513,-0.645216530929,-0.821564063774,0.141643284915,-0.821564063774,-0.821564063773,-0.8215640593460793
ACE2,SMY64,12/16/2015,P,GEV,0.0,PLM2,226.48865,219.98935,0.0,0.0,0.14923602336,0.0,0.0,0.0
ACE2,SMY64,12/16/2015,P,GEV,5.0,PLM2,237.20685,242.80355,0.0680813926025,0.0143276433198,0.139422826902,0.0143276433198,0.0143276433198,0.0
ACE2,SMY64,12/16/2015,P,GEV,10.0,PLM2,231.45495,211.17665,-0.0961052095315,-0.0121374490368,0.138852076372,-0.0121374490368,-0.0121374490368,-4.4948359949477834e-05
ACE2,SMY64,12/16/2015,P,GEV,15.0,PLM2,242.9495,198.3999,-0.253411586264,-0.111027504829,0.139861275298,-0.111027504829,-0.111027504829,-0.003141369682139
ACE2,SMY64,12/16/2015,P,GEV,20.0,PLM2,213.96615,155.57485,-0.425890990043,-0.242182456612,0.140050223953,-0.242182456612,-0.242182456613,-0.1758487547216421
ACE2,SMY64,12/16/2015,P,GEV,30.0,PLM2,205.53995,127.6945,-0.653031724585,-0.521866763644,0.147358278323,-0.521866763644,-0.521866763644,-0.5211646976705898
ACE2,SMY64,12/16/2015,P,GEV,45.0,PLM2,225.3983,121.2295,-0.860785469969,-0.717060615551,0.150424139066,-0.717060615551,-0.717060615552,-0.7170569885768754
ACE2,SMY64,12/16/2015,P,GEV,90.0,PLM2,243.12835,153.9305,-0.624694975385,-0.719237908972,0.156039401223,-0.719237908972,-0.719237908972,-0.7192344190732951
ACE2,SMY64,12/16/2015,P,GEV,0.0,STB1,354.1761,361.92,0.0,0.0,0.138298054866,0.0,0.0,0.0
ACE2,SMY64,12/16/2015,P,GEV,5.0,STB1,330.2879,308.69495,-0.130201655821,-0.133846553199,0.129683688594,-0.0,0.0,0.0
ACE2,SMY64,12/16/2015,P,GEV,10.0,STB1,321.81335,353.9813,0.105170471111,0.108501874892,0.129069878512,0.0,0.0,0.0
ACE2,SMY64,12/16/2015,P,GEV,15.0,STB1,332.68055,338.67625,-0.00553778383683,-0.0521791055201,0.130154949019,-0.0,0.0,0.0
ACE2,SMY64,12/16/2015,P,GEV,20.0,STB1,275.10795,265.6919,-0.0813189531602,-0.15147583243,0.130357967365,-0.0,0.0,0.0
ACE2,SMY64,12/16/2015,P,GEV,30.0,STB1,286.8937,282.01035,-0.0575794758071,-0.255359595053,0.13817958104,-0.0,0.0,0.0
ACE2,SMY64,12/16/2015,P,GEV,45.0,STB1,315.25085,321.1277,-0.00293756318621,-0.254178957528,0.14144453344,-0.0,0.0,0.0
ACE2,SMY64,12/16/2015,P,GEV,90.0,STB1,336.5024,395.7668,0.200202411198,-0.0870451426053,0.147402269861,-0.0,0.0,0.0
ACE2,SMY64,12/16/2015,P,GEV,0.0,SWI4,537.80905,371.43045,0.0,0.0,0.103721921536,0.0,0.0,0.0
ACE2,SMY64,12/16/2015,P,GEV,5.0,SWI4,582.6764,453.29685,0.168363686296,0.110168659507,0.0992191006999,0.0,0.0,0.0
ACE2,SMY64,12/16/2015,P,GEV,10.0,SWI4,596.5297,389.995,-0.0791293334088,-0.120015207194,0.0984154682728,-0.0,0.0,0.0
ACE2,SMY64,12/16/2015,P,GEV,15.0,SWI4,608.9634,427.2295,0.0267075465637,-0.00896388180011,0.0998342707207,-0.0,0.0,0.0
ACE2,SMY64,12/16/2015,P,GEV,20.0,SWI4,568.50555,387.60175,-0.0199867924284,-0.136883961619,0.100098803748,-0.0,0.0,0.0
ACE2,SMY64,12/16/2015,P,GEV,30.0,SWI4,567.7051,349.1943,-0.168052533541,-0.338114404916,0.110091632165,-0.0,0.0,0.0
ACE2,SMY64,12/16/2015,P,GEV,45.0,SWI4,596.9437,433.19395,0.0706717380533,-0.204198009924,0.114162721132,-0.0,0.0,0.0
ACE2,SMY64,12/16/2015,P,GEV,90.0,SWI4,619.928,545.48225,0.343356778606,-0.00344986831733,0.121466044705,-0.0,0.0,0.0
ACE2,SMY64,12/16/2015,P,GEV,0.0,SWI5,1147.0895,796.17585,0.0,0.0,0.0932792030842,0.0,0.0,0.0
ACE2,SMY64,12/16/2015,P,GEV,5.0,SWI5,1133.703,873.01035,0.147692599576,0.0991913625902,0.0901669223036,0.0991913625902,0.0991913625901,0.0
ACE2,SMY64,12/16/2015,P,GEV,10.0,SWI5,1188.8235,864.76645,0.0654531695578,-0.0101241805879,0.0892818477037,-0.0101241805879,-0.0101241805879,-3.7492665211504925e-05
ACE2,SMY64,12/16/2015,P,GEV,15.0,SWI5,1200.2845,837.83805,0.00583765497996,0.0250026195618,0.0908434122233,0.0250026195618,0.0250026195618,0.0
ACE2,SMY64,12/16/2015,P,GEV,20.0,SWI5,1054.0859,703.52715,-0.0585330489275,-0.143794271254,0.0911340465792,-0.143794271254,-0.143794271254,-0.094769310669543
ACE2,SMY64,12/16/2015,P,GEV,30.0,SWI5,1112.805,640.12545,-0.273886071199,-0.291117222844,0.102008879059,-0.291117222844,-0.291117222844,-0.2876430669763279
ACE2,SMY64,12/16/2015,P,GEV,45.0,SWI5,1150.0795,541.1746,-0.563530186106,-0.526282084473,0.106389712051,-0.526282084473,-0.526282084474,-0.5262808449396106
ACE2,SMY64,12/16/2015,P,GEV,90.0,SWI5,1227.304,460.16065,-0.889523896871,-0.863643470141,0.114191260394,-0.863643470141,-0.86364347014,-0.8636434654863384
ACE2,SMY64,12/16/2015,P,GEV,0.0,SWI6,606.89885,512.37625,0.0,0.0,0.108397013727,0.0,0.0,0.0
ACE2,SMY64,12/16/2015,P,GEV,5.0,SWI6,653.1257,549.58335,-0.00411413228134,-0.0566112599382,0.103299691474,-0.0,0.0,0.0
ACE2,SMY64,12/16/2015,P,GEV,10.0,SWI6,648.61595,520.62895,-0.07239040393,-0.10361189,0.102528048407,-0.0,0.0,0.0
ACE2,SMY64,12/16/2015,P,GEV,15.0,SWI6,723.5993,560.8998,-0.123512182774,-0.130867376845,0.103890701823,-0.0,0.0,0.0
ACE2,SMY64,12/16/2015,P,GEV,20.0,SWI6,604.70705,470.5933,-0.118598565614,-0.0899363634382,0.104144931834,-0.0,0.0,0.0
ACE2,SMY64,12/16/2015,P,GEV,30.0,SWI6,587.14575,433.88085,-0.192407539604,-0.153530846846,0.113782967915,-0.0,0.0,0.0
ACE2,SMY64,12/16/2015,P,GEV,45.0,SWI6,647.3496,476.33715,-0.198537026565,-0.151141718267,0.117726476254,-0.0,0.0,0.0
ACE2,SMY64,12/16/2015,P,GEV,90.0,SWI6,667.0698,487.1472,-0.209639952839,-0.214331396093,0.124821457815,-0.0,0.0,0.0
ACE2,SMY64,12/16/2015,P,GEV,0.0,TOS4,2157.425,2292.012,0.0,0.0,0.0918693694751,0.0,0.0,0.0
ACE2,SMY64,12/16/2015,P,GEV,5.0,TOS4,2368.7495,2408.5145,-0.0631874690634,-0.0297508533621,0.0889525152959,-0.0297508533621,-0.0297508533621,-0.0
ACE2,SMY64,12/16/2015,P,GEV,10.0,TOS4,2358.635,2148.5695,-0.22215135628,-0.0470119998891,0.0880552351037,-0.0470119998891,-0.0470119998891,-0.0001740985512320795
ACE2,SMY64,12/16/2015,P,GEV,15.0,TOS4,2439.3695,2109.4455,-0.29566072956,-0.17836645976,0.0896381706871,-0.17836645976,-0.178366459761,-0.1176713917104153
ACE2,SMY64,12/16/2015,P,GEV,20.0,TOS4,2174.7485,1713.1255,-0.431532171777,-0.37687611467,0.0899327000911,-0.37687611467,-0.376876114671,-0.3767563600784893
ACE2,SMY64,12/16/2015,P,GEV,30.0,TOS4,2150.3625,1491.799,-0.615057858977,-0.693206363748,0.100937047245,-0.693206363748,-0.693206363747,-0.6932063410836672
ACE2,SMY64,12/16/2015,P,GEV,45.0,TOS4,2351.376,1594.1495,-0.647937602133,-0.924747337486,0.105362455031,-0.924747337486,-0.924747337486,-0.9247473270909168
ACE2,SMY64,12/16/2015,P,GEV,90.0,TOS4,2343.78,2024.5815,-0.29845477976,-0.746772596573,0.113234800526,-0.746772596573,-0.746772596574,-0.7467725925500861
ACE2,SMY64,12/16/2015,P,GEV,0.0,WHI5,82.94546,61.617955,0.0,0.0,0.268002273752,0.0,0.0,0.0
ACE2,SMY64,12/16/2015,P,GEV,5.0,WHI5,77.329645,50.462435,-0.192659399171,-0.295366763321,0.246441841789,-0.0,0.0,0.0
ACE2,SMY64,12/16/2015,P,GEV,10.0,WHI5,71.54679,65.232505,0.285823807871,0.142927695715,0.246119393459,0.0,0.0,0.0
ACE2,SMY64,12/16/2015,P,GEV,15.0,WHI5,87.08758,71.420285,0.133613978945,-0.00120257196744,0.246690155968,-0.0,0.0,0.0
ACE2,SMY64,12/16/2015,P,GEV,20.0,WHI5,70.19154,60.92798,0.216818711769,0.109907868933,0.246797329711,0.0,0.0,0.0
ACE2,SMY64,12/16/2015,P,GEV,30.0,WHI5,64.287915,51.43303,0.104035068767,-0.0639160488364,0.251016570994,-0.0,0.0,0.0
ACE2,SMY64,12/16/2015,P,GEV,45.0,WHI5,72.179425,48.30268,-0.160103119866,-0.256532101826,0.252828555225,-0.0,0.0,0.0
ACE2,SMY64,12/16/2015,P,GEV,90.0,WHI5,72.37387,50.651975,-0.0989960333225,-0.098616636027,0.256209194716,-0.0,0.0,0.0
ACE2,SMY64,12/16/2015,P,GEV,0.0,YHP1,1371.038,1517.1985,0.0,0.0,0.130670172301,0.0,0.0,0.0
ACE2,SMY64,12/16/2015,P,GEV,5.0,YHP1,1363.508,1374.275,-0.135227761951,-0.0817298384218,0.122915190458,-0.0817298384218,-0.0817298384218,-0.0
ACE2,SMY64,12/16/2015,P,GEV,10.0,YHP1,1467.337,1467.4945,-0.146101068361,-0.126886435747,0.122267405702,-0.126886435747,-0.126886435747,-0.0017161085468687
ACE2,SMY64,12/16/2015,P,GEV,15.0,YHP1,1492.444,1330.6405,-0.311513994241,-0.219009186827,0.123412299679,-0.219009186827,-0.219009186827,-0.1196526042174256
ACE2,SMY64,12/16/2015,P,GEV,20.0,YHP1,1281.3175,1050.8645,-0.431980059113,-0.347428956793,0.12362639125,-0.347428956793,-0.347428956793,-0.3368427173004732
ACE2,SMY64,12/16/2015,P,GEV,30.0,YHP1,1250.3045,812.04635,-0.768755849124,-0.638274731415,0.131847948693,-0.638274731415,-0.638274731415,-0.638269120305796
ACE2,SMY64,12/16/2015,P,GEV,45.0,YHP1,1386.0625,762.06925,-1.00911323994,-0.845455644558,0.135265816073,-0.845455644558,-0.845455644558,-0.8454556350542347
ACE2,SMY64,12/16/2015,P,GEV,90.0,YHP1,1432.6645,742.8205,-1.09369352225,-1.05575023951,0.141483971241,-1.05575023951,-1.05575023951,-1.0557502338211893
ACE2,SMY64,12/16/2015,P,GEV,0.0,YOX1,2273.1725,2062.429,0.0,0.0,0.147233191494,0.0,0.0,0.0
ACE2,SMY64,12/16/2015,P,GEV,5.0,YOX1,2092.545,1414.565,-0.426911904176,-0.142545788331,0.137636876124,-0.142545788331,-0.142545788331,-0.0
ACE2,SMY64,12/16/2015,P,GEV,10.0,YOX1,2263.3405,1829.8905,-0.164395543792,0.0642295555918,0.1370586886,0.0642295555918,0.0642295555918,0.00023785996343893815
ACE2,SMY64,12/16/2015,P,GEV,15.0,YOX1,2360.883,1503.1445,-0.510778757565,-0.299949458422,0.138080995563,-0.299949458422,-0.299949458423,-0.2229781113170968
ACE2,SMY64,12/16/2015,P,GEV,20.0,YOX1,2159.1135,1196.6635,-0.715616737032,-0.482230631848,0.138272376986,-0.482230631848,-0.482230631848,-0.4801567512576995
ACE2,SMY64,12/16/2015,P,GEV,30.0,YOX1,2136.775,1088.124,-0.837749813803,-0.681007247204,0.145669650917,-0.681007247204,-0.681007247204,-0.6809954880628196
ACE2,SMY64,12/16/2015,P,GEV,45.0,YOX1,2302.4335,1118.9645,-0.90519759775,-0.723756934791,0.148770314988,-0.723756934791,-0.723756934791,-0.7237545044164464
ACE2,SMY64,12/16/2015,P,GEV,90.0,YOX1,2439.671,1570.9955,-0.498514612425,-0.41501513372,0.154445717783,-0.41501513372,-0.41501513372,-0.4095389232829937
FKH1,SMY146,01/01/2015,P,GEV,0.0,ACE2,1057.415,1267.9415,0.0,0.0,0.129406918687,0.0,0.0,0.0
FKH1,SMY146,01/01/2015,P,GEV,5.0,ACE2,1018.63025,1319.613,0.111556321538,0.00215988296509,0.122710569409,0.0,0.0,0.0
FKH1,SMY146,01/01/2015,P,GEV,8.0,ACE2,1012.7033,1408.3005,0.215198479543,0.157423376305,0.128513551768,0.0,0.0,0.0
FKH1,SMY146,01/01/2015,P,GEV,15.0,ACE2,990.83625,1016.43,-0.224989724563,-0.204647772654,0.1293765534,-0.0,0.0,0.0
FKH1,SMY146,01/01/2015,P,GEV,30.0,ACE2,886.22295,866.58995,-0.296524733971,-0.313126696422,0.133760408553,-0.0,0.0,0.0
FKH1,SMY146,01/01/2015,P,GEV,45.0,ACE2,888.39625,837.1013,-0.34822809835,-0.259232942601,0.14262116969,-0.0,0.0,0.0
FKH1,SMY146,01/01/2015,P,GEV,60.0,ACE2,964.0447,856.79265,-0.426502908168,-0.337507752418,0.150664758553,-0.0,0.0,0.0
FKH1,SMY146,01/01/2015,P,GEV,90.0,ACE2,1016.01805,778.8565,-0.646224609083,-0.62708365509,0.166686884417,-0.0,0.0,0.0
FKH1,SMY146,01/01/2015,P,GEV,0.0,CDC20,1049.0625,1089.5265,0.0,0.0,0.113114244853,0.0,0.0,0.0
FKH1,SMY146,01/01/2015,P,GEV,5.0,CDC20,972.3717,943.6139,-0.0977495951962,-0.0577194064634,0.108467131728,-0.0,0.0,0.0
FKH1,SMY146,01/01/2015,P,GEV,8.0,CDC20,932.2229,991.56865,0.033896362024,0.0674298475511,0.114991164047,0.0,0.0,0.0
FKH1,SMY146,01/01/2015,P,GEV,15.0,CDC20,944.4646,967.50195,-0.0200321379445,0.0126540079125,0.115954850655,0.0,0.0,0.0
FKH1,SMY146,01/01/2015,P,GEV,30.0,CDC20,891.0253,1019.979,0.14072171547,0.155680671422,0.120826659793,0.0,0.0,0.0
FKH1,SMY146,01/01/2015,P,GEV,45.0,CDC20,851.69065,904.3715,0.0318936154585,0.101182057267,0.130568115803,0.0,0.0,0.0
FKH1,SMY146,01/01/2015,P,GEV,60.0,CDC20,919.8156,910.66115,-0.0692884418089,0.0,0.139309383354,0.0,0.0,0.0
FKH1,SMY146,01/01/2015,P,GEV,90.0,CDC20,1079.4895,1048.064,-0.0974365498444,0.0478859219343,0.15649840976,0.0,0.0,0.0
FKH1,SMY146,01/01/2015,P,GEV,0.0,CDH1,1291.206,1277.613,0.0,0.0,0.0788994464146,0.0,0.0,0.0
FKH1,SMY146,01/01/2015,P,GEV,5.0,CDH1,1261.721,1292.655,0.0503580297003,0.0281292010936,0.0793117932284,0.0,0.0,0.0
FKH1,SMY146,01/01/2015,P,GEV,8.0,CDH1,1288.894,1223.9695,-0.0590741777666,-0.0744468535093,0.0880239154354,-0.0,0.0,0.0
FKH1,SMY146,01/01/2015,P,GEV,15.0,CDH1,1301.5375,1286.1005,-0.00162483889647,0.0191426517808,0.0892791648158,0.0,0.0,0.0
FKH1,SMY146,01/01/2015,P,GEV,30.0,CDH1,1079.4805,1087.7235,0.0264178041408,0.0847008620162,0.09552132535,0.0,0.0,0.0
FKH1,SMY146,01/01/2015,P,GEV,45.0,CDH1,1275.542,1201.2965,-0.0710129577929,-0.0292950590374,0.107579155714,-0.0,0.0,0.0
FKH1,SMY146,01/01/2015,P,GEV,60.0,CDH1,1405.709,1370.5155,-0.0209855941934,0.0207323045622,0.11803535983,0.0,0.0,0.0
FKH1,SMY146,01/01/2015,P,GEV,90.0,CDH1,1579.893,1405.0425,-0.153755283035,-0.0659898435503,0.137902117957,-0.0,0.0,0.0
FKH1,SMY146,01/01/2015,P,GEV,0.0,CLB2,2869.2455,2690.0315,0.0,0.0,0.137887672,0.0,0.0,0.0
FKH1,SMY146,01/01/2015,P,GEV,5.0,CLB2,2587.187,2428.571,0.0014491499999,0.00947833705488,0.130180387985,0.00947833705488,0.00947833705488,0.0
FKH1,SMY146,01/01/2015,P,GEV,8.0,CLB2,2626.1195,2605.698,0.0810237643522,0.121558174343,0.135664227265,0.121558174343,0.121558174343,0.0
FKH1,SMY146,01/01/2015,P,GEV,15.0,CLB2,2565.899,2339.4215,-0.0403068037936,0.0833723532528,0.136482021311,0.0833723532528,0.0833723532528,0.0
FKH1,SMY146,01/01/2015,P,GEV,30.0,CLB2,2282.3105,1531.97,-0.482576545059,-0.194237900753,0.140644574967,-0.194237900753,-0.194237900754,-0.132961649104268
FKH1,SMY146,01/01/2015,P,GEV,45.0,CLB2,2346.179,1055.237,-1.05987699343,-0.608533266508,0.149096772652,-0.608533266508,-0.608533266508,-0.6084907486415928
FKH1,SMY146,01/01/2015,P,GEV,60.0,CLB2,2602.8215,1149.971,-1.08577752492,-0.634433797999,0.156808542628,-0.634433797999,-0.634433798,-0.6343942652539092
FKH1,SMY146,01/01/2015,P,GEV,90.0,CLB2,2945.76,1396.3135,-0.9845676758,-0.50831406571,0.172260172436,-0.50831406571,-0.508314065711,-0.5053049438386695
FKH1,SMY146,01/01/2015,P,GEV,0.0,CLB3,2618.265,2269.1,0.0,0.0,0.069999547616,0.0,0.0,0.0
FKH1,SMY146,01/01/2015,P,GEV,5.0,CLB3,2447.421,2063.081,-0.0099796985803,0.0224460043396,0.0720141576131,0.0,0.0,0.0
FKH1,SMY146,01/01/2015,P,GEV,8.0,CLB3,2341.009,2119.709,0.0344150919079,0.0938140286705,0.0815100487068,0.0,0.0,0.0
FKH1,SMY146,01/01/2015,P,GEV,15.0,CLB3,2343.456,2032.423,0.00239130695399,0.0143695990322,0.082864030929,0.0,0.0,0.0
FKH1,SMY146,01/01/2015,P,GEV,30.0,CLB3,1958.228,1344.701,-0.280917222645,-0.25145389981,0.0895544635863,-0.0,0.0,0.0
FKH1,SMY146,01/01/2015,P,GEV,45.0,CLB3,2001.306,1412.465,-0.244946925663,-0.231092826112,0.102317902128,-0.0,0.0,0.0
FKH1,SMY146,01/01/2015,P,GEV,60.0,CLB3,2276.99,1689.99,-0.199841671698,-0.185987572147,0.113260869332,-0.0,0.0,0.0
FKH1,SMY146,01/01/2015,P,GEV,90.0,CLB3,2684.759,2127.288,-0.0992950967926,-0.199084036949,0.133838232537,-0.0,0.0,0.0
FKH1,SMY146,01/01/2015,P,GEV,0.0,CLB5,1206.3585,1470.0475,0.0,0.0,0.127833498907,0.0,0.0,0.0
FKH1,SMY146,01/01/2015,P,GEV,5.0,CLB5,1174.8655,1276.159,-0.165025574051,-0.0169580579585,0.12132845727,-0.0,0.0,0.0
FKH1,SMY146,01/01/2015,P,GEV,8.0,CLB5,1105.116,1143.342,-0.236389624112,-0.128992904303,0.12719451123,-0.0,0.0,0.0
FKH1,SMY146,01/01/2015,P,GEV,15.0,CLB5,1100.857,1223.0345,-0.133139792222,-0.000956666196171,0.128066401795,-0.0,0.0,0.0
FKH1,SMY146,01/01/2015,P,GEV,30.0,CLB5,977.32845,1401.447,0.235164145497,0.231156965247,0.132493613413,0.0,0.0,0.0
FKH1,SMY146,01/01/2015,P,GEV,45.0,CLB5,990.5972,1606.7875,0.411884710176,0.381520170663,0.141433760972,0.0,0.0,0.0
FKH1,SMY146,01/01/2015,P,GEV,60.0,CLB5,1065.76895,1923.691,0.57050578744,0.540141247927,0.149541232337,0.0,0.0,0.0
FKH1,SMY146,01/01/2015,P,GEV,90.0,CLB5,1312.477,2143.109,0.423291041959,0.380553982597,0.165672049952,0.0,0.0,0.0
FKH1,SMY146,01/01/2015,P,GEV,0.0,CLB6,157.071,199.1986,0.0,0.0,0.152662031968,0.0,0.0,0.0
FKH1,SMY146,01/01/2015,P,GEV,5.0,CLB6,153.24155,184.21785,-0.0762255591073,0.0792608373091,0.143262596928,0.0,0.0,0.0
FKH1,SMY146,01/01/2015,P,GEV,8.0,CLB6,139.45475,152.6825,-0.210273019172,-0.0139577495229,0.148263349557,-0.0,0.0,0.0
FKH1,SMY146,01/01/2015,P,GEV,15.0,CLB6,146.03275,127.2065,-0.534051279786,-0.324858410932,0.149012014293,-0.0,0.0,0.0
FKH1,SMY146,01/01/2015,P,GEV,30.0,CLB6,113.77615,132.6527,-0.118885846891,-0.202121806141,0.152833683231,-0.0,0.0,0.0
FKH1,SMY146,01/01/2015,P,GEV,45.0,CLB6,118.069,194.6316,0.37839400729,0.145001911647,0.160645839901,0.0,0.0,0.0
FKH1,SMY146,01/01/2015,P,GEV,60.0,CLB6,147.54175,263.9261,0.502180152299,0.268788056656,0.167827760826,0.0,0.0,0.0
FKH1,SMY146,01/01/2015,P,GEV,90.0,CLB6,159.5097,262.8721,0.3787375056,0.0,0.182348033361,0.0,0.0,0.0
FKH1,SMY146,01/01/2015,P,GEV,0.0,CLN1,5554.022,4237.412,0.0,0.0,0.162598350277,0.0,0.0,0.0
FKH1,SMY146,01/01/2015,P,GEV,5.0,CLN1,5221.078,4217.421,0.0763898297708,0.156771252204,0.152100661631,0.0,0.0,0.0
FKH1,SMY146,01/01/2015,P,GEV,8.0,CLN1,5239.88,3362.021,-0.255828539314,0.0664080866225,0.156819834244,0.0,0.0,0.0
FKH1,SMY146,01/01/2015,P,GEV,15.0,CLN1,5051.971,2921.584,-0.397382084393,-0.0256183575785,0.15752783879,-0.0,0.0,0.0
FKH1,SMY146,01/01/2015,P,GEV,30.0,CLN1,4831.987,2841.515,-0.381579744794,-0.071446272657,0.161147678607,-0.0,0.0,0.0
FKH1,SMY146,01/01/2015,P,GEV,45.0,CLN1,4758.917,3797.3,0.0587171858908,0.33318829485,0.168574984703,0.0,0.0,0.0
FKH1,SMY146,01/01/2015,P,GEV,60.0,CLN1,5406.712,4839.049,0.268824097346,0.543295206305,0.175432599291,0.0,0.0,0.0
FKH1,SMY146,01/01/2015,P,GEV,90.0,CLN1,5715.308,4313.76,-0.0215088375953,0.155353348322,0.189370654698,0.0,0.0,0.0
FKH1,SMY146,01/01/2015,P,GEV,0.0,CLN2,1354.085,1128.627,0.0,0.0,0.134670106728,0.0,0.0,0.0
FKH1,SMY146,01/01/2015,P,GEV,5.0,CLN2,1308.536,1077.233,0.0103462924892,0.0951469781122,0.12734254217,0.0,0.0,0.0
FKH1,SMY146,01/01/2015,P,GEV,8.0,CLN2,1312.449,1232.501,0.18371918819,0.300227316393,0.132943492469,0.0,0.0,0.0
FKH1,SMY146,01/01/2015,P,GEV,15.0,CLN2,1385.881,1274.992,0.165578080506,0.233893655554,0.133777919596,0.0,0.0,0.0
FKH1,SMY146,01/01/2015,P,GEV,30.0,CLN2,1197.63,1024.543,0.0786858082726,-0.0242226947376,0.138022049318,-0.0,0.0,0.0
FKH1,SMY146,01/01/2015,P,GEV,45.0,CLN2,1380.238,1180.0,0.0753174890501,-0.110817963436,0.146625499984,-0.0,0.0,0.0
FKH1,SMY146,01/01/2015,P,GEV,60.0,CLN2,1436.589,1456.757,0.236929171508,0.0507937190211,0.154460702677,0.0,0.0,0.0
FKH1,SMY146,01/01/2015,P,GEV,90.0,CLN2,1822.21,1745.882,0.224893419015,-0.0891455221669,0.170125708341,-0.0,0.0,0.0
FKH1,SMY146,01/01/2015,P,GEV,0.0,CLN3,438.9712,507.0623,0.0,0.0,0.178445054883,0.0,0.0,0.0
FKH1,SMY146,01/01/2015,P,GEV,5.0,CLN3,437.7987,517.9623,-0.0333522736971,-0.244292215918,0.166247675729,-0.0,0.0,0.0
FKH1,SMY146,01/01/2015,P,GEV,8.0,CLN3,494.1916,900.9457,0.628876245802,0.145230749362,0.170575903423,0.0,0.0,0.0
FKH1,SMY146,01/01/2015,P,GEV,15.0,CLN3,489.0671,769.1642,0.385770968544,-0.121351057424,0.171227037614,-0.0,0.0,0.0
FKH1,SMY146,01/01/2015,P,GEV,30.0,CLN3,457.3848,885.3107,0.672783735391,-0.00810717486374,0.174563033706,-0.0,0.0,0.0
FKH1,SMY146,01/01/2015,P,GEV,45.0,CLN3,439.3737,598.8935,0.168240214571,-0.466337113966,0.181442012456,-0.0,0.0,0.0
FKH1,SMY146,01/01/2015,P,GEV,60.0,CLN3,458.8383,621.372,0.176383382381,-0.458193946156,0.18783044298,-0.0,0.0,0.0
FKH1,SMY146,01/01/2015,P,GEV,90.0,CLN3,500.314,756.5233,0.349944313436,-0.271043426903,0.200910236864,-0.0,0.0,0.0
FKH1,SMY146,01/01/2015,P,GEV,0.0,FKH1,1295.922,504.8038,0.0,0.0,0.116238764797,0.0,0.0,0.0
FKH1,SMY146,01/01/2015,P,GEV,5.0,FKH1,1944.652,19525.14,4.68793319422,4.69528244824,0.111185882089,4.69528244824,4.69528244824,4.695264921409365
FKH1,SMY146,01/01/2015,P,GEV,8.0,FKH1,2723.672,52210.0,5.54853726322,5.56998100884,0.117559132012,5.56998100884,5.56998100884,5.569971475778024
FKH1,SMY146,01/01/2015,P,GEV,15.0,FKH1,3352.377,67027.6,5.73270179693,5.79310491428,0.11850193712,5.79310491428,5.79310491428,5.793102638954076
FKH1,SMY146,01/01/2015,P,GEV,30.0,FKH1,2646.941,61865.66,5.92539726443,5.96032793529,0.123273125326,5.96032793529,5.9603279353,5.9603277404361
FKH1,SMY146,01/01/2015,P,GEV,45.0,FKH1,3466.534,71332.13,5.7231704489,5.81369832538,0.132835291151,5.81369832538,5.81369832538,5.813698260028228
FKH1,SMY146,01/01/2015,P,GEV,60.0,FKH1,3345.62,68465.82,5.72665000109,5.81717787758,0.141436508728,5.81717787758,5.81717787758,5.817177820501726
FKH1,SMY146,01/01/2015,P,GEV,90.0,FKH1,2916.857,72288.83,5.95261718482,5.93430989445,0.158394867241,5.93430989445,5.93430989446,5.93430986248353
FKH1,SMY146,01/01/2015,P,GEV,0.0,FKH2,1120.611,958.235,0.0,0.0,0.109990774675,0.0,0.0,0.0
FKH1,SMY146,01/01/2015,P,GEV,5.0,FKH2,973.0757,817.4122,-0.0216955071922,-0.0055454464874,0.10575632575,-0.0055454464874,-0.0055454464874,-0.0
FKH1,SMY146,01/01/2015,P,GEV,8.0,FKH2,1002.413,917.3553,0.0818006436005,0.0375171056689,0.112437758692,0.0375171056689,0.037517105669,0.0
FKH1,SMY146,01/01/2015,P,GEV,15.0,FKH2,915.4752,554.771,-0.511710958389,-0.591304364429,0.113423142088,-0.591304364429,-0.591304364429,-0.5912956405152484
FKH1,SMY146,01/01/2015,P,GEV,30.0,FKH2,882.6538,300.2786,-1.38095486204,-1.53424888629,0.118399170131,-1.53424888629,-1.53424888629,-1.534248836130055
FKH1,SMY146,01/01/2015,P,GEV,45.0,FKH2,848.0755,215.5046,-1.75920133943,-1.81634760244,0.128325035107,-1.81634760244,-1.81634760244,-1.81634758202244
FKH1,SMY146,01/01/2015,P,GEV,60.0,FKH2,924.0435,195.4208,-2.01158397749,-2.06873024051,0.137209278335,-2.06873024051,-2.06873024051,-2.0687302202115747
FKH1,SMY146,01/01/2015,P,GEV,90.0,FKH2,952.9598,238.8454,-1.76674633201,-1.84792577235,0.154631930817,-1.84792577235,-1.84792577235,-1.847925762392626
FKH1,SMY146,01/01/2015,P,GEV,0.0,HCM1,4026.2805,4330.774,0.0,0.0,0.136650100165,0.0,0.0,0.0
FKH1,SMY146,01/01/2015,P,GEV,5.0,HCM1,3866.3635,4030.9955,-0.0428528922161,-0.0197989644598,0.129088341472,-0.0,0.0,0.0
FKH1,SMY146,01/01/2015,P,GEV,8.0,HCM1,3714.4185,4145.5225,0.0579020134006,0.150122416707,0.134616674478,0.0,0.0,0.0
FKH1,SMY146,01/01/2015,P,GEV,15.0,HCM1,3862.4535,4114.863,-0.0132670860474,0.0868375386426,0.135440793814,0.0,0.0,0.0
FKH1,SMY146,01/01/2015,P,GEV,30.0,HCM1,3124.442,3582.8115,0.092996573043,0.175321637941,0.139634390304,0.0,0.0,0.0
FKH1,SMY146,01/01/2015,P,GEV,45.0,HCM1,3268.59,3169.3695,-0.149306566114,-0.106399895204,0.148144234121,-0.0,0.0,0.0
FKH1,SMY146,01/01/2015,P,GEV,60.0,HCM1,3792.219,3848.7065,-0.0824218378047,-0.0395151668937,0.15590312867,-0.0,0.0,0.0
FKH1,SMY146,01/01/2015,P,GEV,90.0,HCM1,4226.548,5081.946,0.161275683854,0.141839245435,0.171436383232,0.0,0.0,0.0
FKH1,SMY146,01/01/2015,P,GEV,0.0,MBP1,1962.497,2548.51,0.0,0.0,0.0906779477523,0.0,0.0,0.0
FKH1,SMY146,01/01/2015,P,GEV,5.0,MBP1,1871.199,2624.558,0.053844723767,0.0430016780794,0.089189873389,0.0430016780794,0.0430016780794,0.0
FKH1,SMY146,01/01/2015,P,GEV,8.0,MBP1,1958.261,2400.952,-0.082930066528,-0.0895559390843,0.0970189809193,-0.0895559390843,-0.0895559390843,-0.0
FKH1,SMY146,01/01/2015,P,GEV,15.0,MBP1,1815.067,1974.781,-0.234566637649,-0.198327644596,0.0981592697622,-0.198327644596,-0.198327644596,-0.1338119463696115
FKH1,SMY146,01/01/2015,P,GEV,30.0,MBP1,1524.418,1242.563,-0.671903113314,-0.574342206734,0.103869131924,-0.574342206734,-0.574342206733,-0.5743421389723773
FKH1,SMY146,01/01/2015,P,GEV,45.0,MBP1,1554.276,1190.571,-0.759670972268,-0.630556518799,0.115055411495,-0.630556518799,-0.630556518799,-0.6305564770441294
FKH1,SMY146,01/01/2015,P,GEV,60.0,MBP1,1735.922,1234.491,-0.865586951821,-0.736472498351,0.124887225689,-0.736472498351,-0.736472498351,-0.7364724911247162
FKH1,SMY146,01/01/2015,P,GEV,90.0,MBP1,1830.163,1185.32,-1.03971430578,-1.01085381641,0.143810525022,-1.01085381641,-1.01085381641,-1.0108538109631096
FKH1,SMY146,01/01/2015,P,GEV,0.0,MCM1,3216.784,2340.649,0.0,0.0,0.122569735252,0.0,0.0,0.0
FKH1,SMY146,01/01/2015,P,GEV,5.0,MCM1,2824.7005,2282.5025,0.152066727558,0.0301096709046,0.116714216534,0.0,0.0,0.0
FKH1,SMY146,01/01/2015,P,GEV,8.0,MCM1,2806.754,2576.5075,0.336693206575,0.16204181341,0.12280088552,0.0,0.0,0.0
FKH1,SMY146,01/01/2015,P,GEV,15.0,MCM1,2917.0485,2842.5925,0.422623493875,0.177533403803,0.123703747179,0.0,0.0,0.0
FKH1,SMY146,01/01/2015,P,GEV,30.0,MCM1,2690.0795,2523.964,0.365010961488,0.0661682363011,0.128281609721,0.0,0.0,0.0
FKH1,SMY146,01/01/2015,P,GEV,45.0,MCM1,2839.782,2678.6155,0.37509329609,0.148729256637,0.137495900085,0.0,0.0,0.0
FKH1,SMY146,01/01/2015,P,GEV,60.0,MCM1,3146.124,2696.5165,0.23807807097,0.0117140315172,0.145822474147,0.0,0.0,0.0
FKH1,SMY146,01/01/2015,P,GEV,90.0,MCM1,3682.5495,3568.6175,0.414061632088,0.245831471578,0.162323263684,0.0,0.0,0.0
FKH1,SMY146,01/01/2015,P,GEV,0.0,NDD1,1690.3615,1750.4805,0.0,0.0,0.119336290356,0.0,0.0,0.0
FKH1,SMY146,01/01/2015,P,GEV,5.0,NDD1,1631.037,2057.652,0.284585120924,0.270922088136,0.113887591531,0.270922088136,0.2709220881369999,0.1203627135363897
FKH1,SMY146,01/01/2015,P,GEV,8.0,NDD1,1538.672,1551.5235,-0.038385542283,-0.0306390757003,0.120117578431,-0.0306390757003,-0.0306390757003,-0.0
FKH1,SMY146,01/01/2015,P,GEV,15.0,NDD1,1563.331,1156.8845,-0.484933838678,-0.432129262047,0.121040456996,-0.432129262047,-0.432129262046,-0.4280515104731667
FKH1,SMY146,01/01/2015,P,GEV,30.0,NDD1,1273.927,555.4593,-1.24837893715,-1.16991004067,0.125715339383,-1.16991004067,-1.16991004067,-1.1699100024215623
FKH1,SMY146,01/01/2015,P,GEV,45.0,NDD1,1354.0785,565.3023,-1.3107520702,-1.14885323976,0.135104765659,-1.14885323976,-1.14885323976,-1.1488532268457428
FKH1,SMY146,01/01/2015,P,GEV,60.0,NDD1,1450.155,633.05915,-1.24623222911,-1.08433339866,0.143570084383,-1.08433339866,-1.08433339866,-1.0843333880204975
FKH1,SMY146,01/01/2015,P,GEV,90.0,NDD1,1721.4945,710.68395,-1.32701998512,-1.34896706132,0.160302891728,-1.34896706132,-1.34896706132,-1.348967054051218
FKH1,SMY146,01/01/2015,P,GEV,0.0,NRM1,1046.2821,1146.0695,0.0,0.0,0.130877122453,0.0,0.0,0.0
FKH1,SMY146,01/01/2015,P,GEV,5.0,NRM1,939.8271,1069.367,0.0612221444056,0.129835420808,0.124003128963,0.129835420808,0.129835420808,0.0
FKH1,SMY146,01/01/2015,P,GEV,8.0,NRM1,854.62475,1028.906,0.13804882661,0.156348003958,0.129748314579,0.156348003958,0.156348003958,0.0
FKH1,SMY146,01/01/2015,P,GEV,15.0,NRM1,835.29695,590.75045,-0.629700214172,-0.618914881654,0.13060315738,-0.618914881654,-0.618914881654,-0.6188293919968901
FKH1,SMY146,01/01/2015,P,GEV,30.0,NRM1,700.77655,332.0933,-1.20805558631,-1.24494754085,0.134947171308,-1.24494754085,-1.24494754084,-1.2449475001383246
FKH1,SMY146,01/01/2015,P,GEV,45.0,NRM1,700.20775,270.54365,-1.50295987888,-1.51486090328,0.143734791166,-1.51486090328,-1.51486090328,-1.5148608862514514
FKH1,SMY146,01/01/2015,P,GEV,60.0,NRM1,747.5136,307.98995,-1.40784991837,-1.41975094278,0.151719351493,-1.41975094278,-1.41975094277,-1.4197509288393737
FKH1,SMY146,01/01/2015,P,GEV,90.0,NRM1,859.23215,333.40415,-1.4933824345,-1.66972996734,0.167640715771,-1.66972996734,-1.66972996734,-1.6697299583428171
FKH1,SMY146,01/01/2015,P,GEV,0.0,PLM2,170.7234,200.7466,0.0,0.0,0.14923602336,0.0,0.0,0.0
FKH1,SMY146,01/01/2015,P,GEV,5.0,PLM2,145.3732,185.3622,0.113889327068,0.0601355777854,0.140222147198,0.0601355777854,0.0601355777854,0.0
FKH1,SMY146,01/01/2015,P,GEV,8.0,PLM2,149.8031,184.3751,0.0658616126974,0.149829373192,0.145327560044,0.149829373192,0.149829373192,0.0
FKH1,SMY146,01/01/2015,P,GEV,15.0,PLM2,148.4364,103.2738,-0.757085360552,-0.614701279118,0.14609127041,-0.614701279118,-0.614701279118,-0.614098095735728
FKH1,SMY146,01/01/2015,P,GEV,30.0,PLM2,123.5017,68.06916,-1.08346304712,-0.952298086178,0.14998737819,-0.952298086178,-0.952298086179,-0.9522980550450556
FKH1,SMY146,01/01/2015,P,GEV,45.0,PLM2,117.0367,85.64733,-0.67674572652,-0.533020872102,0.157940383576,-0.533020872102,-0.533020872102,-0.5323890601801486
FKH1,SMY146,01/01/2015,P,GEV,60.0,PLM2,151.3995,127.5512,-0.421304262836,-0.277579408419,0.165239935216,-0.277579408419,-0.277579408419,-0.2339850120562189
FKH1,SMY146,01/01/2015,P,GEV,90.0,PLM2,165.6804,174.1107,-0.162112815136,-0.256655748723,0.179969120009,-0.256655748723,-0.256655748723,-0.1913306601740417
FKH1,SMY146,01/01/2015,P,GEV,0.0,STB1,507.2715,317.6909,0.0,0.0,0.138298054866,0.0,0.0,0.0
FKH1,SMY146,01/01/2015,P,GEV,5.0,STB1,458.2138,295.9238,0.137606298217,0.133961400839,0.130542655829,0.133961400839,0.133961400839,0.0
FKH1,SMY146,01/01/2015,P,GEV,8.0,STB1,443.6722,316.2534,0.323311951053,0.326643354834,0.136011889681,0.326643354834,0.326643354834,0.2393115384821138
FKH1,SMY146,01/01/2015,P,GEV,15.0,STB1,485.2881,374.7399,0.347450817768,0.300809496085,0.136827605826,0.300809496085,0.300809496085,0.2268804489185499
FKH1,SMY146,01/01/2015,P,GEV,30.0,STB1,389.1782,335.0185,0.424138002127,0.22635788288,0.140979956173,0.22635788288,0.226357882881,0.1777592477416395
FKH1,SMY146,01/01/2015,P,GEV,45.0,STB1,422.9544,424.2832,0.772491396105,0.521250001763,0.149413182785,0.521250001763,0.521250001764,0.5208420597867707
FKH1,SMY146,01/01/2015,P,GEV,60.0,STB1,453.0991,502.2607,0.873829596492,0.62258820215,0.15710942243,0.62258820215,0.62258820215,0.6225337451314679
FKH1,SMY146,01/01/2015,P,GEV,90.0,STB1,544.7609,681.7537,1.02898857322,0.741741019421,0.172534108462,0.741741019421,0.741741019421,0.7417291898307634
FKH1,SMY146,01/01/2015,P,GEV,0.0,SWI4,919.5017,1095.217,0.0,0.0,0.103721921536,0.0,0.0,0.0
FKH1,SMY146,01/01/2015,P,GEV,5.0,SWI4,876.6335,1044.393,-0.0652955551856,-0.123490581975,0.10033920394,-0.123490581975,-0.123490581975,-0.0
FKH1,SMY146,01/01/2015,P,GEV,8.0,SWI4,893.6655,1079.69,-0.0140815707051,-0.0549674444897,0.107358301918,-0.0549674444897,-0.0549674444897,-0.0
FKH1,SMY146,01/01/2015,P,GEV,15.0,SWI4,902.8342,1236.149,0.165136773606,0.129465345243,0.108389873016,0.129465345243,0.129465345243,0.0282992401451561
FKH1,SMY146,01/01/2015,P,GEV,30.0,SWI4,685.6498,1064.438,0.353659699872,0.183597828498,0.113586614083,0.183597828498,0.183597828498,0.1449349054639377
FKH1,SMY146,01/01/2015,P,GEV,45.0,SWI4,786.1314,1543.881,0.711147714347,0.436277966369,0.123898628106,0.436277966369,0.436277966369,0.4359763643686974
FKH1,SMY146,01/01/2015,P,GEV,60.0,SWI4,880.393,1824.031,0.762727767974,0.487858019996,0.133078704053,0.487858019996,0.487858019996,0.4877111481469421
FKH1,SMY146,01/01/2015,P,GEV,90.0,SWI4,977.2002,2311.809,0.956024628754,0.60921798183,0.150978771486,0.60921798183,0.60921798183,0.6091898647599507
FKH1,SMY146,01/01/2015,P,GEV,0.0,SWI5,1287.098,1707.665,0.0,0.0,0.0932792030842,0.0,0.0,0.0
FKH1,SMY146,01/01/2015,P,GEV,5.0,SWI5,1296.038,1779.58,0.0192500950925,-0.0292511418945,0.0913980294172,-0.0292511418945,-0.0292511418944,-0.0
FKH1,SMY146,01/01/2015,P,GEV,8.0,SWI5,1349.574,1789.689,-0.0692998864912,-0.144877236637,0.0990527582899,-0.144877236637,-0.144877236637,-0.0
FKH1,SMY146,01/01/2015,P,GEV,15.0,SWI5,1422.194,1639.259,-0.236427793128,-0.217262828547,0.100169898205,-0.217262828547,-0.217262828547,-0.1612057976417495
FKH1,SMY146,01/01/2015,P,GEV,30.0,SWI5,1018.925,854.3122,-0.69556590684,-0.712797058486,0.105771276029,-0.712797058486,-0.712797058487,-0.7127970351831792
FKH1,SMY146,01/01/2015,P,GEV,45.0,SWI5,1167.284,759.1729,-1.10780428553,-1.0705561839,0.116775485357,-1.0705561839,-1.0705561839,-1.0705561718658798
FKH1,SMY146,01/01/2015,P,GEV,60.0,SWI5,1291.286,645.9417,-1.43712661028,-1.39987850865,0.12647365499,-1.39987850865,-1.39987850865,-1.3998784949143623
FKH1,SMY146,01/01/2015,P,GEV,90.0,SWI5,1518.045,563.8588,-1.8701620545,-1.84428162777,0.145190334986,-1.84428162777,-1.84428162777,-1.844281617832262
FKH1,SMY146,01/01/2015,P,GEV,0.0,SWI6,1684.301,2094.6645,0.0,0.0,0.108397013727,0.0,0.0,0.0
FKH1,SMY146,01/01/2015,P,GEV,5.0,SWI6,1652.0855,2022.379,-0.0222160776191,-0.0747132052761,0.104376013347,-0.0747132052761,-0.074713205276,-0.0
FKH1,SMY146,01/01/2015,P,GEV,8.0,SWI6,1608.1225,1852.2475,-0.10883334739,-0.14005483346,0.111140457555,-0.14005483346,-0.14005483346,-0.0
FKH1,SMY146,01/01/2015,P,GEV,15.0,SWI6,1484.906,1558.236,-0.24236613773,-0.2497213318,0.112137241304,-0.2497213318,-0.249721331801,-0.1912079559426712
FKH1,SMY146,01/01/2015,P,GEV,30.0,SWI6,1257.065,1003.209,-0.639831999833,-0.600955307074,0.117167893272,-0.600955307074,-0.600955307074,-0.6009539940341029
FKH1,SMY146,01/01/2015,P,GEV,45.0,SWI6,1287.035,917.2572,-0.802386386471,-0.754991078174,0.127189883093,-0.754991078174,-0.754991078174,-0.7549910696871467
FKH1,SMY146,01/01/2015,P,GEV,60.0,SWI6,1503.606,905.2742,-1.04306206242,-0.995666754122,0.13614821992,-0.995666754122,-0.995666754123,-0.9956667443534966
FKH1,SMY146,01/01/2015,P,GEV,90.0,SWI6,1509.159,966.74495,-0.956546424441,-0.961237867696,0.153691202593,-0.961237867696,-0.961237867695,-0.9612378625154604
FKH1,SMY146,01/01/2015,P,GEV,0.0,TOS4,3469.466,2912.9425,0.0,0.0,0.0918693694751,0.0,0.0,0.0
FKH1,SMY146,01/01/2015,P,GEV,5.0,TOS4,3266.902,2918.1035,0.0908033995284,0.12424001523,0.0902001988974,0.0,0.0,0.0
FKH1,SMY146,01/01/2015,P,GEV,8.0,TOS4,3499.6095,2578.9265,-0.18647147448,-0.01133211809,0.0979485835762,-0.0,0.0,0.0
FKH1,SMY146,01/01/2015,P,GEV,15.0,TOS4,3212.6045,2495.8665,-0.109093343577,0.00820092622258,0.0990781742174,0.0,0.0,0.0
FKH1,SMY146,01/01/2015,P,GEV,30.0,TOS4,2691.2695,2289.99,0.0206537061089,-0.0574947986611,0.10473795364,-0.0,0.0,0.0
FKH1,SMY146,01/01/2015,P,GEV,45.0,TOS4,2848.391,3224.1575,0.432977413757,0.156167678404,0.115840364641,0.0,0.0,0.0
FKH1,SMY146,01/01/2015,P,GEV,60.0,TOS4,3315.2355,3948.8035,0.508923997514,0.232114262162,0.125610753944,0.0,0.0,0.0
FKH1,SMY146,01/01/2015,P,GEV,90.0,TOS4,3868.0805,4594.445,0.501801113661,0.0534832968474,0.144439293384,0.0,0.0,0.0
FKH1,SMY146,01/01/2015,P,GEV,0.0,WHI5,124.3775,76.346745,0.0,0.0,0.268002273752,0.0,0.0,0.0
FKH1,SMY146,01/01/2015,P,GEV,5.0,WHI5,106.42735,70.671895,0.119632969169,0.0169256050194,0.246894931678,0.0,0.0,0.0
FKH1,SMY146,01/01/2015,P,GEV,8.0,WHI5,107.17515,83.16991,0.334177259604,0.191281147447,0.249829854964,0.0,0.0,0.0
FKH1,SMY146,01/01/2015,P,GEV,15.0,WHI5,113.871,89.454385,0.363891336091,0.22907478518,0.250274880907,0.0,0.0,0.0
FKH1,SMY146,01/01/2015,P,GEV,30.0,WHI5,104.36265,43.926665,-0.537103082985,-0.705054200587,0.252568941756,-0.0,0.0,0.0
FKH1,SMY146,01/01/2015,P,GEV,45.0,WHI5,87.75726,36.72959,-0.549458608803,-0.645887590762,0.257371368818,-0.0,0.0,0.0
FKH1,SMY146,01/01/2015,P,GEV,60.0,WHI5,93.15097,35.24141,-0.696954483252,-0.793383465213,0.261914285433,-0.0,0.0,0.0
FKH1,SMY146,01/01/2015,P,GEV,90.0,WHI5,113.22795,56.9985,-0.282514246607,-0.282134849313,0.27144749194,-0.0,0.0,0.0
FKH1,SMY146,01/01/2015,P,GEV,0.0,YHP1,2896.643,2751.134,0.0,0.0,0.130670172301,0.0,0.0,0.0
FKH1,SMY146,01/01/2015,P,GEV,5.0,YHP1,2718.879,2774.743,0.0265736535084,0.0800715770373,0.123821120771,0.0800715770373,0.0800715770374,0.0
FKH1,SMY146,01/01/2015,P,GEV,8.0,YHP1,2625.406,2544.21,-0.0266399383354,-0.00742530572134,0.129574376682,-0.00742530572134,-0.00742530572133,-0.0
FKH1,SMY146,01/01/2015,P,GEV,15.0,YHP1,2577.352,1994.787,-0.368161662067,-0.275656854653,0.13043035948,-0.275656854653,-0.275656854653,-0.197900501473257
FKH1,SMY146,01/01/2015,P,GEV,30.0,YHP1,2068.651,817.7951,-1.31568593727,-1.18520481956,0.134779942872,-1.18520481956,-1.18520481956,-1.1852047808115225
FKH1,SMY146,01/01/2015,P,GEV,45.0,YHP1,2231.45,948.2082,-1.25167940927,-1.08802181389,0.143577798242,-1.08802181389,-1.08802181389,-1.0880218016595489
FKH1,SMY146,01/01/2015,P,GEV,60.0,YHP1,2487.807,1036.963,-1.24359131382,-1.07993371844,0.151570628996,-1.07993371844,-1.07993371844,-1.0799337078436673
FKH1,SMY146,01/01/2015,P,GEV,90.0,YHP1,2987.893,1350.897,-1.14203305248,-1.10408976974,0.167506129861,-1.10408976974,-1.10408976974,-1.1040897637907163
FKH1,SMY146,01/01/2015,P,GEV,0.0,YOX1,1722.0535,1718.7,0.0,0.0,0.147233191494,0.0,0.0,0.0
FKH1,SMY146,01/01/2015,P,GEV,5.0,YOX1,1758.405,1697.408,-0.0491002172894,0.235265898556,0.138446507983,0.0,0.0,0.0
FKH1,SMY146,01/01/2015,P,GEV,8.0,YOX1,1803.6715,1813.07,0.00728352995553,0.23590862934,0.143615057415,0.0,0.0,0.0
FKH1,SMY146,01/01/2015,P,GEV,15.0,YOX1,1769.35,1473.8675,-0.26110387038,-0.0502745712379,0.144387826003,-0.0,0.0,0.0
FKH1,SMY146,01/01/2015,P,GEV,30.0,YOX1,1440.4095,1515.073,0.0785118724281,0.235254439026,0.148328684429,0.0,0.0,0.0
FKH1,SMY146,01/01/2015,P,GEV,45.0,YOX1,1660.753,1680.056,0.0187773969002,0.20021805986,0.156366076155,0.0,0.0,0.0
FKH1,SMY146,01/01/2015,P,GEV,60.0,YOX1,1854.766,2113.0425,0.190057527808,0.371498190767,0.163735827472,0.0,0.0,0.0
FKH1,SMY146,01/01/2015,P,GEV,90.0,YOX1,1968.385,1819.939,-0.111296771301,-0.027797292597,0.178589107072,-0.0,0.0,0.0
FKH2,SMY128,01/01/2015,P,GEV,0.0,ACE2,864.9735,1185.9505,0.0,0.0,0.129406918687,0.0,0.0,0.0
FKH2,SMY128,01/01/2015,P,GEV,5.0,ACE2,871.51985,1137.6675,-0.0702995903084,-0.179696028881,0.128381371681,-0.179696028881,-0.179696028881,-0.0
FKH2,SMY128,01/01/2015,P,GEV,8.0,ACE2,1031.4625,1626.583,0.202047753836,0.144272650598,0.15688643225,0.144272650598,0.144272650599,0.0
FKH2,SMY128,01/01/2015,P,GEV,15.0,ACE2,918.2099,705.41815,-0.835556425402,-0.815214473493,0.145941395275,-0.815214473493,-0.815214473493,-0.8152136995801184
FKH2,SMY128,01/01/2015,P,GEV,30.0,ACE2,829.3848,758.78185,-0.582549883659,-0.599151846111,0.155879341599,-0.599151846111,-0.59915184611,-0.5989047060235482
FKH2,SMY128,01/01/2015,P,GEV,45.0,ACE2,669.75785,447.2729,-1.03790170659,-0.948906550842,0.163401870143,-0.948906550842,-0.948906550842,-0.9489065401753431
FKH2,SMY128,01/01/2015,P,GEV,60.0,ACE2,673.9637,449.4746,-1.0391199775,-0.950124821754,0.154683938508,-0.950124821754,-0.950124821755,-0.950124812432355
FKH2,SMY128,01/01/2015,P,GEV,90.0,ACE2,895.48015,572.7973,-1.09818118282,-1.07904022883,0.172255674142,-1.07904022883,-1.07904022883,-1.0790402230156937
FKH2,SMY128,01/01/2015,P,GEV,0.0,CDC20,1052.4105,1424.291,0.0,0.0,0.113114244853,0.0,0.0,0.0
FKH2,SMY128,01/01/2015,P,GEV,5.0,CDC20,1108.969,1499.632,-0.00109025563345,0.0389399330993,0.114843421298,0.0389399330993,0.0389399330993,0.0
FKH2,SMY128,01/01/2015,P,GEV,8.0,CDC20,1248.764,1918.8725,0.183879319391,0.217412804919,0.146015709583,0.217412804919,0.217412804918,0.00018745008415318372
FKH2,SMY128,01/01/2015,P,GEV,15.0,CDC20,1216.5155,1137.432,-0.533445116641,-0.500758970784,0.134186905753,-0.500758970784,-0.500758970784,-0.4980494678297119
FKH2,SMY128,01/01/2015,P,GEV,30.0,CDC20,1033.906,882.89245,-0.664240095385,-0.649281139433,0.144933101664,-0.649281139433,-0.649281139433,-0.6492574439774222
FKH2,SMY128,01/01/2015,P,GEV,45.0,CDC20,777.69785,557.70635,-0.91604973933,-0.846761297521,0.152994790719,-0.846761297521,-0.84676129752,-0.8467612616348339
FKH2,SMY128,01/01/2015,P,GEV,60.0,CDC20,828.70445,599.15575,-0.904505923088,-0.835217481279,0.143646634673,-0.835217481279,-0.835217481279,-0.8352174730838282
FKH2,SMY128,01/01/2015,P,GEV,90.0,CDC20,1122.529,771.9525,-0.976389381172,-0.831066909394,0.162416908279,-0.831066909394,-0.831066909394,-0.831066469500343
FKH2,SMY128,01/01/2015,P,GEV,0.0,CDH1,1470.027,1482.0245,0.0,0.0,0.0788994464146,0.0,0.0,0.0
FKH2,SMY128,01/01/2015,P,GEV,5.0,CDH1,1595.283,1617.024,0.00757808188908,-0.0146507467177,0.0878308220117,-0.0,0.0,0.0
FKH2,SMY128,01/01/2015,P,GEV,8.0,CDH1,1832.757,1733.34,-0.0934985073905,-0.108871183133,0.125880218163,-0.0,0.0,0.0
FKH2,SMY128,01/01/2015,P,GEV,15.0,CDH1,1903.8415,1841.464,-0.0614511467574,-0.0406836560801,0.111943590953,-0.0,0.0,0.0
FKH2,SMY128,01/01/2015,P,GEV,30.0,CDH1,1630.274,1804.0155,0.13220905852,0.190492116395,0.124622814275,0.0,0.0,0.0
FKH2,SMY128,01/01/2015,P,GEV,45.0,CDH1,1402.449,1501.2785,0.0848047108672,0.126522609623,0.133912836826,0.0,0.0,0.0
FKH2,SMY128,01/01/2015,P,GEV,60.0,CDH1,1455.7565,1595.617,0.118946081166,0.160663979921,0.12312431739,0.0,0.0,0.0
FKH2,SMY128,01/01/2015,P,GEV,90.0,CDH1,1897.5975,1995.2175,0.0595017491721,0.147267188658,0.14458386485,0.0,0.0,0.0
FKH2,SMY128,01/01/2015,P,GEV,0.0,CLB2,2865.7855,2209.8635,0.0,0.0,0.137887672,0.0,0.0,0.0
FKH2,SMY128,01/01/2015,P,GEV,5.0,CLB2,2880.312,2726.676,0.296086117224,0.304115304279,0.135539020825,0.304115304279,0.304115304279,0.1081780441101208
FKH2,SMY128,01/01/2015,P,GEV,8.0,CLB2,3248.295,2378.7905,-0.072201655639,-0.0316672456484,0.162795584079,-0.0316672456484,-0.0316672456484,-0.0
FKH2,SMY128,01/01/2015,P,GEV,15.0,CLB2,3094.052,3520.6685,0.562520057906,0.686199214953,0.152275869481,0.686199214953,0.686199214952,0.6859687526985251
FKH2,SMY128,01/01/2015,P,GEV,30.0,CLB2,3011.9975,2047.456,-0.181687213205,0.106651431101,0.161825272157,0.106651431101,0.106651431101,0.0209179049436216
FKH2,SMY128,01/01/2015,P,GEV,45.0,CLB2,2388.13,1224.9135,-0.587973172801,-0.136629445882,0.169083472692,-0.136629445882,-0.136629445882,-0.0212139220585302
FKH2,SMY128,01/01/2015,P,GEV,60.0,CLB2,2378.6715,951.34135,-0.946910535387,-0.495566808467,0.160674112426,-0.495566808467,-0.495566808467,-0.4942096715370558
FKH2,SMY128,01/01/2015,P,GEV,90.0,CLB2,2890.912,967.0827,-1.2040188101,-0.727765200015,0.177654346544,-0.727765200015,-0.727765200015,-0.7277394317940202
FKH2,SMY128,01/01/2015,P,GEV,0.0,CLB3,2636.546,2387.206,0.0,0.0,0.069999547616,0.0,0.0,0.0
FKH2,SMY128,01/01/2015,P,GEV,5.0,CLB3,2573.423,2674.736,0.186203065792,0.218628768711,0.0813014861295,0.0,0.0,0.0
FKH2,SMY128,01/01/2015,P,GEV,8.0,CLB3,2782.334,3152.764,0.314262509411,0.373661446173,0.121414610638,0.0,0.0,0.0
FKH2,SMY128,01/01/2015,P,GEV,15.0,CLB3,3111.993,2900.117,0.0322132332462,0.0441915253243,0.106897361553,0.0,0.0,0.0
FKH2,SMY128,01/01/2015,P,GEV,30.0,CLB3,2656.344,2140.776,-0.183153540239,-0.153690217404,0.120110466611,-0.0,0.0,0.0
FKH2,SMY128,01/01/2015,P,GEV,45.0,CLB3,2115.511,1509.682,-0.325161379547,-0.311307279995,0.129724038707,-0.0,0.0,0.0
FKH2,SMY128,01/01/2015,P,GEV,60.0,CLB3,2059.211,1576.374,-0.271857423456,-0.258003323905,0.118554948797,-0.0,0.0,0.0
FKH2,SMY128,01/01/2015,P,GEV,90.0,CLB3,2626.698,2255.513,-0.137797445045,-0.237586385202,0.140713085128,-0.0,0.0,0.0
FKH2,SMY128,01/01/2015,P,GEV,0.0,CLB5,1280.456,1409.304,0.0,0.0,0.127833498907,0.0,0.0,0.0
FKH2,SMY128,01/01/2015,P,GEV,5.0,CLB5,1209.151,1181.9395,-0.172843070038,-0.0247755539457,0.127060958967,-0.0247755539457,-0.0247755539458,-0.0
FKH2,SMY128,01/01/2015,P,GEV,8.0,CLB5,1334.542,1440.1345,-0.0304989124381,0.0768978073718,0.155807776837,0.0768978073718,0.0768978073718,0.0
FKH2,SMY128,01/01/2015,P,GEV,15.0,CLB5,1481.4275,1580.7785,-0.0452539880333,0.0869291379926,0.144781219618,0.0869291379926,0.0869291379927,0.0
FKH2,SMY128,01/01/2015,P,GEV,30.0,CLB5,1380.2625,1617.677,0.0885547047874,0.0845475245379,0.154793668592,0.0845475245379,0.0845475245379,0.0096236005826236
FKH2,SMY128,01/01/2015,P,GEV,45.0,CLB5,1096.034,1542.237,0.354632339499,0.324267799985,0.162366504752,0.324267799985,0.324267799985,0.3002627461697619
FKH2,SMY128,01/01/2015,P,GEV,60.0,CLB5,1083.7695,1639.0865,0.456654866313,0.426290326799,0.153589815845,0.426290326799,0.4262903268,0.4230825622939371
FKH2,SMY128,01/01/2015,P,GEV,90.0,CLB5,1344.5495,2569.433,0.808605595867,0.765868536506,0.171273839139,0.765868536506,0.765868536506,0.7658621869623966
FKH2,SMY128,01/01/2015,P,GEV,0.0,CLB6,130.51045,178.28355,0.0,0.0,0.152662031968,0.0,0.0,0.0
FKH2,SMY128,01/01/2015,P,GEV,5.0,CLB6,135.9253,169.98695,-0.124000101046,0.0314862953707,0.148148791519,0.0314862953707,0.0314862953708,0.0
FKH2,SMY128,01/01/2015,P,GEV,8.0,CLB6,159.1801,213.5622,-0.0243533678544,0.171961901795,0.173434830579,0.171961901795,0.171961901795,0.0
FKH2,SMY128,01/01/2015,P,GEV,15.0,CLB6,149.409,125.7785,-0.69720374188,-0.488010873025,0.163600668364,-0.488010873025,-0.488010873026,-0.4640949144094149
FKH2,SMY128,01/01/2015,P,GEV,30.0,CLB6,118.2589,89.68229,-0.846740092019,-0.929976051268,0.172524366312,-0.929976051268,-0.929976051268,-0.9299757328471492
FKH2,SMY128,01/01/2015,P,GEV,45.0,CLB6,96.39635,73.84813,-0.834867264715,-1.06825936036,0.179350101757,-1.06825936036,-1.06825936036,-1.0682593483516984
FKH2,SMY128,01/01/2015,P,GEV,60.0,CLB6,108.52125,84.82275,-0.80466471988,-1.03805681552,0.171445060198,-1.03805681552,-1.03805681552,-1.0380568053345645
FKH2,SMY128,01/01/2015,P,GEV,90.0,CLB6,147.04915,155.9907,-0.364985079966,-0.743722585565,0.187452140847,-0.743722585565,-0.743722585565,-0.7436757137852189
FKH2,SMY128,01/01/2015,P,GEV,0.0,CLN1,5086.026,3738.571,0.0,0.0,0.162598350277,0.0,0.0,0.0
FKH2,SMY128,01/01/2015,P,GEV,5.0,CLN1,5100.805,3871.547,0.0462371130736,0.126618535507,0.156711531225,0.0,0.0,0.0
FKH2,SMY128,01/01/2015,P,GEV,8.0,CLN1,5588.851,5014.894,0.267961959195,0.590198585131,0.180803982391,0.0,0.0,0.0
FKH2,SMY128,01/01/2015,P,GEV,15.0,CLN1,5839.871,3075.133,-0.48123578707,-0.109472060256,0.171393168706,-0.0,0.0,0.0
FKH2,SMY128,01/01/2015,P,GEV,30.0,CLN1,5443.777,2755.92,-0.533361112674,-0.223227640537,0.179930810484,-0.0,0.0,0.0
FKH2,SMY128,01/01/2015,P,GEV,45.0,CLN1,4357.499,1801.921,-0.828466629601,-0.553995520642,0.186485652505,-0.0,0.0,0.0
FKH2,SMY128,01/01/2015,P,GEV,60.0,CLN1,4436.387,1834.586,-0.807947280874,-0.533476171914,0.178896194081,-0.0,0.0,0.0
FKH2,SMY128,01/01/2015,P,GEV,90.0,CLN1,5413.299,2437.076,-0.707304929144,-0.530442743227,0.194290361826,-0.0,0.0,0.0
FKH2,SMY128,01/01/2015,P,GEV,0.0,CLN2,1646.691,1721.037,0.0,0.0,0.134670106728,0.0,0.0,0.0
FKH2,SMY128,01/01/2015,P,GEV,5.0,CLN2,1589.676,1657.952,-0.0258960330972,0.0589046525259,0.132815721195,0.0589046525259,0.0589046525259,0.0
FKH2,SMY128,01/01/2015,P,GEV,8.0,CLN2,1863.311,1774.972,-0.127888665672,-0.0113805374695,0.160535328902,-0.0113805374695,-0.0113805374695,-0.0
FKH2,SMY128,01/01/2015,P,GEV,15.0,CLN2,1956.706,1765.818,-0.231268169863,-0.162952594817,0.149857032056,-0.162952594817,-0.162952594816,-0.0264816511926757
FKH2,SMY128,01/01/2015,P,GEV,30.0,CLN2,1775.824,1305.259,-0.512332964265,-0.615241467275,0.159551271819,-0.615241467275,-0.615241467275,-0.6150000179987718
FKH2,SMY128,01/01/2015,P,GEV,45.0,CLN2,1467.077,897.9286,-0.788769532364,-0.974904984851,0.166908389148,-0.974904984851,-0.974904984851,-0.9749049738920949
FKH2,SMY128,01/01/2015,P,GEV,60.0,CLN2,1468.434,954.1151,-0.740410886684,-0.92654633917,0.158383585116,-0.92654633917,-0.92654633917,-0.9265463300787076
FKH2,SMY128,01/01/2015,P,GEV,90.0,CLN2,1905.113,1279.81,-0.665747260008,-0.979786201191,0.175585467724,-0.979786201191,-0.979786201191,-0.979786187025569
FKH2,SMY128,01/01/2015,P,GEV,0.0,CLN3,522.8533,605.9621,0.0,0.0,0.178445054883,0.0,0.0,0.0
FKH2,SMY128,01/01/2015,P,GEV,5.0,CLN3,477.6284,577.5597,0.0259112563845,-0.185028685836,0.170476339811,-0.0,0.0,0.0
FKH2,SMY128,01/01/2015,P,GEV,8.0,CLN3,531.3594,581.9748,-0.116083307423,-0.599728803864,0.192856834114,-0.0,0.0,0.0
FKH2,SMY128,01/01/2015,P,GEV,15.0,CLN3,586.1987,840.3672,0.25622917198,-0.250892853987,0.184063295351,-0.0,0.0,0.0
FKH2,SMY128,01/01/2015,P,GEV,30.0,CLN3,607.8171,963.6382,0.417502328663,-0.263388581592,0.192038472649,-0.0,0.0,0.0
FKH2,SMY128,01/01/2015,P,GEV,45.0,CLN3,422.306,650.8714,0.376731784247,-0.257845544291,0.198193281942,-0.0,0.0,0.0
FKH2,SMY128,01/01/2015,P,GEV,60.0,CLN3,478.3415,711.6509,0.349415615742,-0.285161712796,0.191069428933,-0.0,0.0,0.0
FKH2,SMY128,01/01/2015,P,GEV,90.0,CLN3,619.5274,874.1398,0.257852448919,-0.363135291419,0.205553942105,-0.0,0.0,0.0
FKH2,SMY128,01/01/2015,P,GEV,0.0,FKH1,1228.819,1923.601,0.0,0.0,0.116238764797,0.0,0.0,0.0
FKH2,SMY128,01/01/2015,P,GEV,5.0,FKH1,1292.579,1967.792,-0.0839852586785,-0.0766360046583,0.117414620581,-0.0766360046583,-0.0766360046583,-0.0
FKH2,SMY128,01/01/2015,P,GEV,8.0,FKH1,1542.277,2617.78,0.140071372099,0.161515117727,0.148046510109,0.161515117727,0.161515117727,0.0
FKH2,SMY128,01/01/2015,P,GEV,15.0,FKH1,1356.077,1015.068,-1.06439987449,-1.00399675713,0.136393941898,-1.00399675713,-1.00399675713,-1.003996362795721
FKH2,SMY128,01/01/2015,P,GEV,30.0,FKH1,1186.489,353.2328,-2.38207036183,-2.34713969096,0.146978861299,-2.34713969096,-2.34713969097,-2.347139614233821
FKH2,SMY128,01/01/2015,P,GEV,45.0,FKH1,957.2001,181.5565,-3.0266927751,-2.93616489862,0.154934139871,-2.93616489862,-2.93616489862,-2.936164865614576
FKH2,SMY128,01/01/2015,P,GEV,60.0,FKH1,929.1279,197.7842,-2.87947293494,-2.78894505846,0.14571045729,-2.78894505846,-2.78894505846,-2.7889450310948116
FKH2,SMY128,01/01/2015,P,GEV,90.0,FKH1,1171.215,265.2791,-2.77020642897,-2.78851371932,0.164245041952,-2.78851371932,-2.78851371932,-2.7885137042943566
FKH2,SMY128,01/01/2015,P,GEV,0.0,FKH2,1103.193,379.2266,0.0,0.0,0.109990774675,0.0,0.0,0.0
FKH2,SMY128,01/01/2015,P,GEV,5.0,FKH2,1680.829,14212.09,4.53032977958,4.54647984028,0.112286656314,4.54647984028,4.54647984028,4.546462868908623
FKH2,SMY128,01/01/2015,P,GEV,8.0,FKH2,2531.667,45652.7,5.65608870966,5.61180517174,0.14401343415,5.61180517174,5.61180517174,5.6117955670956725
FKH2,SMY128,01/01/2015,P,GEV,15.0,FKH2,2929.511,46473.54,5.49634408188,5.41675067583,0.132005331129,5.41675067583,5.41675067583,5.4167485483226585
FKH2,SMY128,01/01/2015,P,GEV,30.0,FKH2,3505.853,53607.68,5.38990430083,5.23661027659,0.142915659495,5.23661027659,5.23661027659,5.236610105386953
FKH2,SMY128,01/01/2015,P,GEV,45.0,FKH2,2313.33,35378.33,5.43224124634,5.37509498332,0.151085034857,5.37509498332,5.37509498332,5.375094922898568
FKH2,SMY128,01/01/2015,P,GEV,60.0,FKH2,2725.76,33681.62,5.12968938227,5.07254311925,0.141610866192,5.07254311925,5.07254311925,5.072543069478098
FKH2,SMY128,01/01/2015,P,GEV,90.0,FKH2,2886.897,40067.74,5.278397679,5.19721823866,0.160619220101,5.19721823866,5.19721823866,5.1972182106552784
FKH2,SMY128,01/01/2015,P,GEV,0.0,HCM1,4155.9465,4421.311,0.0,0.0,0.136650100165,0.0,0.0,0.0
FKH2,SMY128,01/01/2015,P,GEV,5.0,HCM1,4102.9015,4378.7045,0.00487003615849,0.0279239639148,0.134490492802,0.0,0.0,0.0
FKH2,SMY128,01/01/2015,P,GEV,8.0,HCM1,4379.2985,3885.768,-0.261315252281,-0.169094848975,0.161923650784,-0.0,0.0,0.0
FKH2,SMY128,01/01/2015,P,GEV,15.0,HCM1,4737.694,4903.0605,-0.039336730765,0.0607678939252,0.151343341162,0.0,0.0,0.0
FKH2,SMY128,01/01/2015,P,GEV,30.0,HCM1,4338.589,4146.9965,-0.153990154749,-0.0716650898501,0.160948082302,-0.0,0.0,0.0
FKH2,SMY128,01/01/2015,P,GEV,45.0,HCM1,3425.7055,2639.651,-0.465005681689,-0.422099010778,0.168244129839,-0.0,0.0,0.0
FKH2,SMY128,01/01/2015,P,GEV,60.0,HCM1,3595.5605,3347.564,-0.192132414311,-0.1492257434,0.159790603265,-0.0,0.0,0.0
FKH2,SMY128,01/01/2015,P,GEV,90.0,HCM1,4615.3845,4707.1315,-0.0601392404712,-0.0795756788894,0.176855685048,-0.0,0.0,0.0
FKH2,SMY128,01/01/2015,P,GEV,0.0,MBP1,2133.859,2732.504,0.0,0.0,0.0906779477523,0.0,0.0,0.0
FKH2,SMY128,01/01/2015,P,GEV,5.0,MBP1,2470.603,2823.462,-0.0451301894999,-0.0559732351876,0.0968438240947,-0.0559732351876,-0.0559732351876,-0.0
FKH2,SMY128,01/01/2015,P,GEV,8.0,MBP1,2510.911,3297.551,0.163144065103,0.156518192547,0.132326498838,0.156518192547,0.156518192547,0.0
FKH2,SMY128,01/01/2015,P,GEV,15.0,MBP1,2566.598,2528.457,-0.314604551368,-0.278365558315,0.119146298832,-0.278365558315,-0.278365558315,-0.2244728897903036
FKH2,SMY128,01/01/2015,P,GEV,30.0,MBP1,2404.558,1832.621,-0.658736936814,-0.561176030233,0.131130922394,-0.561176030233,-0.561176030233,-0.5611329943746369
FKH2,SMY128,01/01/2015,P,GEV,45.0,MBP1,1879.699,1219.232,-0.891402652794,-0.762288199325,0.139989716897,-0.762288199325,-0.762288199325,-0.7622881311816374
FKH2,SMY128,01/01/2015,P,GEV,60.0,MBP1,1859.171,1073.052,-1.05256936598,-0.923454912509,0.129707634713,-0.923454912509,-0.923454912509,-0.9234549034480408
FKH2,SMY128,01/01/2015,P,GEV,90.0,MBP1,2429.617,1347.64,-1.07731079285,-1.04845030348,0.150229713921,-1.04845030348,-1.04845030348,-1.048450297830524
FKH2,SMY128,01/01/2015,P,GEV,0.0,MCM1,2870.8405,2723.2925,0.0,0.0,0.122569735252,0.0,0.0,0.0
FKH2,SMY128,01/01/2015,P,GEV,5.0,MCM1,2971.6,3081.8125,0.128615283913,0.00665822725835,0.122662549669,0.0,0.0,0.0
FKH2,SMY128,01/01/2015,P,GEV,8.0,MCM1,3963.0945,4888.4615,0.378132991777,0.203481598612,0.15224216604,0.0,0.0,0.0
FKH2,SMY128,01/01/2015,P,GEV,15.0,MCM1,3917.2725,4453.421,0.261239334651,0.0161492445794,0.14093691976,0.0,0.0,0.0
FKH2,SMY128,01/01/2015,P,GEV,30.0,MCM1,3516.346,4379.359,0.392470486768,0.0936277615804,0.151204145557,0.0,0.0,0.0
FKH2,SMY128,01/01/2015,P,GEV,45.0,MCM1,2904.6015,2960.7635,0.104294143228,-0.122069896225,0.158948091095,-0.0,0.0,0.0
FKH2,SMY128,01/01/2015,P,GEV,60.0,MCM1,2992.102,2863.652,0.0125486877854,-0.213815351668,0.149971481718,-0.0,0.0,0.0
FKH2,SMY128,01/01/2015,P,GEV,90.0,MCM1,3841.877,3428.492,-0.0864184936009,-0.25464865411,0.168036727446,-0.0,0.0,0.0
FKH2,SMY128,01/01/2015,P,GEV,0.0,NDD1,1598.9255,1706.772,0.0,0.0,0.119336290356,0.0,0.0,0.0
FKH2,SMY128,01/01/2015,P,GEV,5.0,NDD1,1721.306,2155.17,0.230400456949,0.216737424162,0.119976148691,0.216737424162,0.216737424162,0.0188253222587966
FKH2,SMY128,01/01/2015,P,GEV,8.0,NDD1,1832.5655,2441.965,0.320584180777,0.32833064736,0.150086149542,0.32833064736,0.32833064736,0.1980162590353414
FKH2,SMY128,01/01/2015,P,GEV,15.0,NDD1,1797.8465,1342.015,-0.515320858918,-0.462516282285,0.138605160492,-0.462516282285,-0.462516282285,-0.453567103590727
FKH2,SMY128,01/01/2015,P,GEV,30.0,NDD1,1588.234,732.9176,-1.20899538423,-1.13052648775,0.149033113091,-1.13052648775,-1.13052648775,-1.130526450789148
FKH2,SMY128,01/01/2015,P,GEV,45.0,NDD1,1258.4095,375.315,-1.8386570437,-1.67675821327,0.156884259333,-1.67675821327,-1.67675821327,-1.6767581944215642
FKH2,SMY128,01/01/2015,P,GEV,60.0,NDD1,1290.297,347.04965,-1.98799521892,-1.82609638847,0.147782341612,-1.82609638847,-1.82609638847,-1.8260963705523032
FKH2,SMY128,01/01/2015,P,GEV,90.0,NDD1,1513.72,403.65075,-1.99891619993,-2.02086327613,0.166085872169,-2.02086327613,-2.02086327614,-2.0208632652507688
FKH2,SMY128,01/01/2015,P,GEV,0.0,NRM1,849.2795,793.52865,0.0,0.0,0.130877122453,0.0,0.0,0.0
FKH2,SMY128,01/01/2015,P,GEV,5.0,NRM1,816.07335,750.1266,-0.0218046616004,0.0468086148025,0.129617393674,0.0468086148025,0.0468086148025,0.0
FKH2,SMY128,01/01/2015,P,GEV,8.0,NRM1,952.8434,871.55475,-0.0302800093955,-0.011980832048,0.157899476795,-0.011980832048,-0.011980832048,-0.0
FKH2,SMY128,01/01/2015,P,GEV,15.0,NRM1,920.44725,734.60245,-0.224116043227,-0.213330710708,0.147029871124,-0.213330710708,-0.213330710709,-0.077478408299024
FKH2,SMY128,01/01/2015,P,GEV,30.0,NRM1,827.2883,403.66585,-0.934205323467,-0.971097278,0.156898888733,-0.971097278,-0.971097278001,-0.9710972462524444
FKH2,SMY128,01/01/2015,P,GEV,45.0,NRM1,597.02175,171.0236,-1.70281335017,-1.71471437457,0.164374764834,-1.71471437457,-1.71471437457,-1.714714355294899
FKH2,SMY128,01/01/2015,P,GEV,60.0,NRM1,621.23885,180.07885,-1.68555394812,-1.69745497252,0.155711312949,-1.69745497252,-1.69745497252,-1.6974549558645358
FKH2,SMY128,01/01/2015,P,GEV,90.0,NRM1,759.50195,223.62805,-1.66154588359,-1.83789341643,0.173178836531,-1.83789341643,-1.83789341643,-1.8378934065266843
FKH2,SMY128,01/01/2015,P,GEV,0.0,PLM2,158.059,217.4742,0.0,0.0,0.14923602336,0.0,0.0,0.0
FKH2,SMY128,01/01/2015,P,GEV,5.0,PLM2,154.7216,213.0092,0.0054700190681,-0.0482837302146,0.145210685954,-0.0482837302146,-0.0482837302146,-0.0
FKH2,SMY128,01/01/2015,P,GEV,8.0,PLM2,178.4903,276.9991,0.190565530059,0.274533290553,0.170931914354,0.274533290553,0.274533290554,0.0319188058506001
FKH2,SMY128,01/01/2015,P,GEV,15.0,PLM2,164.9482,106.0395,-1.07571122757,-0.933327146136,0.16094488987,-0.933327146136,-0.933327146136,-0.9333267795582352
FKH2,SMY128,01/01/2015,P,GEV,30.0,PLM2,143.8423,49.27208,-1.98394567937,-1.85278071842,0.17000804645,-1.85278071842,-1.85278071843,-1.852780657856139
FKH2,SMY128,01/01/2015,P,GEV,45.0,PLM2,112.5819,27.34631,-2.47985678717,-2.33613193276,0.17693088449,-2.33613193276,-2.33613193276,-2.336131906499545
FKH2,SMY128,01/01/2015,P,GEV,60.0,PLM2,109.6652,34.00165,-2.07330292783,-1.9295780734,0.168912662499,-1.9295780734,-1.92957807341,-1.929578054476939
FKH2,SMY128,01/01/2015,P,GEV,90.0,PLM2,159.0056,81.01718,-1.41107776773,-1.50562070132,0.185138823575,-1.50562070132,-1.50562070132,-1.5056206932071046
FKH2,SMY128,01/01/2015,P,GEV,0.0,STB1,382.8228,277.5927,0.0,0.0,0.138298054866,0.0,0.0,0.0
FKH2,SMY128,01/01/2015,P,GEV,5.0,STB1,372.147,312.1202,0.180070461294,0.176425563916,0.135887003577,0.176425563916,0.176425563916,0.0
FKH2,SMY128,01/01/2015,P,GEV,8.0,STB1,447.19,457.0405,0.491322368795,0.494653772574,0.163085418633,0.494653772574,0.494653772574,0.4640960400105273
FKH2,SMY128,01/01/2015,P,GEV,15.0,STB1,444.3315,421.9781,0.385419987951,0.338778666269,0.152585687407,0.338778666269,0.338778666268,0.2584991727107562
FKH2,SMY128,01/01/2015,P,GEV,30.0,STB1,428.3992,586.6035,0.913318175714,0.715538056468,0.162116841457,0.715538056468,0.715538056467,0.715504644406003
FKH2,SMY128,01/01/2015,P,GEV,45.0,STB1,332.8655,395.2781,0.70507246207,0.453831067729,0.16936254696,0.453831067729,0.453831067729,0.4486931033728267
FKH2,SMY128,01/01/2015,P,GEV,60.0,STB1,354.3335,423.2889,0.73946003787,0.488218643529,0.160967766893,0.488218643529,0.488218643529,0.4866274389055539
FKH2,SMY128,01/01/2015,P,GEV,90.0,STB1,426.6252,679.166,1.05481890302,0.767571349216,0.177919977576,0.767571349216,0.767571349217,0.7675597851182772
FKH2,SMY128,01/01/2015,P,GEV,0.0,SWI4,975.155,1356.616,0.0,0.0,0.103721921536,0.0,0.0,0.0
FKH2,SMY128,01/01/2015,P,GEV,5.0,SWI4,1077.254,1530.015,0.0990084122175,0.0408133854283,0.1072000401,0.0,0.0,0.0
FKH2,SMY128,01/01/2015,P,GEV,8.0,SWI4,1170.689,1785.031,0.140198868122,0.0993129943372,0.140083634401,0.0,0.0,0.0
FKH2,SMY128,01/01/2015,P,GEV,15.0,SWI4,1244.11,1800.777,0.0865829985941,0.0509115702303,0.127706549784,0.0,0.0,0.0
FKH2,SMY128,01/01/2015,P,GEV,30.0,SWI4,1083.198,1955.254,0.410683099054,0.24062122768,0.138954816901,0.0,0.0,0.0
FKH2,SMY128,01/01/2015,P,GEV,45.0,SWI4,862.7939,1597.135,0.412089425969,0.137219677992,0.147343962106,0.0,0.0,0.0
FKH2,SMY128,01/01/2015,P,GEV,60.0,SWI4,892.8445,1940.667,0.643762791554,0.368893043576,0.137612473399,0.0,0.0,0.0
FKH2,SMY128,01/01/2015,P,GEV,90.0,SWI4,1183.476,3052.608,0.890702932486,0.543896285562,0.157105344522,0.0,0.0,0.0
FKH2,SMY128,01/01/2015,P,GEV,0.0,SWI5,1393.861,2208.951,0.0,0.0,0.0932792030842,0.0,0.0,0.0
FKH2,SMY128,01/01/2015,P,GEV,5.0,SWI5,1592.955,2388.956,-0.061657562888,-0.110158799875,0.0988812041367,-0.110158799875,-0.110158799875,-0.0
FKH2,SMY128,01/01/2015,P,GEV,8.0,SWI5,1747.563,3143.636,0.135823713543,0.0602463633974,0.133824768115,0.0602463633974,0.0602463633973,0.0
FKH2,SMY128,01/01/2015,P,GEV,15.0,SWI5,1973.477,1899.674,-0.698558976909,-0.679394012326,0.12080814042,-0.679394012326,-0.679394012326,-0.6793935112365285
FKH2,SMY128,01/01/2015,P,GEV,30.0,SWI5,1357.804,830.4516,-1.36012631625,-1.37735746789,0.132642697025,-1.37735746789,-1.37735746789,-1.3773574228593826
FKH2,SMY128,01/01/2015,P,GEV,45.0,SWI5,1208.516,504.0701,-1.89741744684,-1.8601693452,0.141406814203,-1.8601693452,-1.8601693452,-1.86016932428984
FKH2,SMY128,01/01/2015,P,GEV,60.0,SWI5,1282.526,434.0486,-2.2070018512,-2.16975374956,0.131235805972,-2.16975374956,-2.16975374956,-2.16975372827033
FKH2,SMY128,01/01/2015,P,GEV,90.0,SWI5,1703.821,456.2107,-2.55873426738,-2.53285384065,0.151551091092,-2.53285384065,-2.53285384065,-2.5328538270019556
FKH2,SMY128,01/01/2015,P,GEV,0.0,SWI6,1871.351,2364.62,0.0,0.0,0.108397013727,0.0,0.0,0.0
FKH2,SMY128,01/01/2015,P,GEV,5.0,SWI6,1923.4535,2523.598,0.0536335777861,0.00113645012929,0.110987589001,0.00113645012929,0.00113645012929,0.0
FKH2,SMY128,01/01/2015,P,GEV,8.0,SWI6,2047.6175,2952.933,0.189473264176,0.158251778106,0.143002870397,0.158251778106,0.158251778106,0.0
FKH2,SMY128,01/01/2015,P,GEV,15.0,SWI6,2020.03,2457.205,-0.0546054480663,-0.0619606421372,0.130902097663,-0.0619606421372,-0.0619606421372,-0.0
FKH2,SMY128,01/01/2015,P,GEV,30.0,SWI6,1894.5265,1537.598,-0.638145294971,-0.599268602213,0.141897277828,-0.599268602213,-0.599268602213,-0.5992119818866779
FKH2,SMY128,01/01/2015,P,GEV,45.0,SWI6,1426.199,980.12185,-0.878901553893,-0.831506245596,0.150122081934,-0.831506245596,-0.831506245596,-0.8315062115440924
FKH2,SMY128,01/01/2015,P,GEV,60.0,SWI6,1459.5625,835.3845,-1.1421533115,-1.0947580032,0.140583032937,-1.0947580032,-1.0947580032,-1.0947579924582111
FKH2,SMY128,01/01/2015,P,GEV,90.0,SWI6,1741.365,929.25055,-1.24327795454,-1.24796939779,0.159713761436,-1.24796939779,-1.24796939779,-1.2479693910654344
FKH2,SMY128,01/01/2015,P,GEV,0.0,TOS4,3434.183,2928.123,0.0,0.0,0.0918693694751,0.0,0.0,0.0
FKH2,SMY128,01/01/2015,P,GEV,5.0,TOS4,3866.4105,3453.7915,0.0677281392458,0.101164754947,0.0977750920802,0.101164754947,0.0,0.0
FKH2,SMY128,01/01/2015,P,GEV,8.0,TOS4,3775.6755,3628.513,0.17344559143,0.34858494782,0.133009566049,0.34858494782,0.0,0.0
FKH2,SMY128,01/01/2015,P,GEV,15.0,TOS4,3780.58,2953.893,-0.125631934406,-0.00833766460663,0.119904474026,-0.00833766460663,0.0,0.0
FKH2,SMY128,01/01/2015,P,GEV,30.0,TOS4,3766.766,2840.0885,-0.177867405686,-0.256015910457,0.131820185002,-0.256015910457,0.0,0.0
FKH2,SMY128,01/01/2015,P,GEV,45.0,TOS4,3082.2025,2141.9985,-0.294896729132,-0.571706464484,0.140635568768,-0.571706464484,0.0,0.0
FKH2,SMY128,01/01/2015,P,GEV,60.0,TOS4,3100.08,2399.592,-0.139154208056,-0.41596394341,0.130404420434,-0.41596394341,0.0,0.0
FKH2,SMY128,01/01/2015,P,GEV,90.0,TOS4,3391.3015,4168.8525,0.529222205625,0.0809043888108,0.150831725148,0.0809043888108,0.0,0.0
FKH2,SMY128,01/01/2015,P,GEV,0.0,WHI5,80.873945,57.90491,0.0,0.0,0.268002273752,0.0,0.0,0.0
FKH2,SMY128,01/01/2015,P,GEV,5.0,WHI5,66.532615,75.72819,0.672918111942,0.570210747792,0.249761886681,0.0,0.0,0.0
FKH2,SMY128,01/01/2015,P,GEV,8.0,WHI5,77.00908,93.393375,0.762409772989,0.619513660833,0.265542041996,0.0,0.0,0.0
FKH2,SMY128,01/01/2015,P,GEV,15.0,WHI5,72.59856,78.6794,0.599992352036,0.465175801123,0.259225990786,0.0,0.0,0.0
FKH2,SMY128,01/01/2015,P,GEV,30.0,WHI5,63.10396,45.23405,0.00329004718148,-0.164661070422,0.264948282842,-0.0,0.0,0.0
FKH2,SMY128,01/01/2015,P,GEV,45.0,WHI5,48.72041,24.82553,-0.486517634407,-0.582946616366,0.269442748296,-0.0,0.0,0.0
FKH2,SMY128,01/01/2015,P,GEV,60.0,WHI5,52.87369,25.647055,-0.56044883661,-0.656877818568,0.264246748846,-0.0,0.0,0.0
FKH2,SMY128,01/01/2015,P,GEV,90.0,WHI5,66.407495,33.27555,-0.514247901705,-0.513868504411,0.274902238474,-0.0,0.0,0.0
FKH2,SMY128,01/01/2015,P,GEV,0.0,YHP1,2597.89,2386.54,0.0,0.0,0.130670172301,0.0,0.0,0.0
FKH2,SMY128,01/01/2015,P,GEV,5.0,YHP1,2703.583,2488.127,0.00228913902128,0.0557870625504,0.129443279853,0.0557870625504,0.0557870625503,0.0
FKH2,SMY128,01/01/2015,P,GEV,8.0,YHP1,2981.51,2748.767,0.0191692059798,0.0383838385939,0.157756580619,0.0383838385939,0.0383838385938,0.0
FKH2,SMY128,01/01/2015,P,GEV,15.0,YHP1,3108.434,2754.302,-0.0520813639822,0.0404234434321,0.14687640028,0.0404234434321,0.0404234434321,0.0
FKH2,SMY128,01/01/2015,P,GEV,30.0,YHP1,2712.604,1406.325,-0.814371097108,-0.683889979401,0.156755080434,-0.683889979401,-0.6838899794,-0.6838514220436708
FKH2,SMY128,01/01/2015,P,GEV,45.0,YHP1,2171.897,782.4427,-1.36771673188,-1.20405913649,0.164237502631,-1.20405913649,-1.20405913649,-1.2040591229551734
FKH2,SMY128,01/01/2015,P,GEV,60.0,YHP1,2179.319,858.0988,-1.22224188776,-1.05858429238,0.155566406839,-1.05858429238,-1.05858429238,-1.0585842819931484
FKH2,SMY128,01/01/2015,P,GEV,90.0,YHP1,2802.226,1118.859,-1.17333601742,-1.13539273467,0.173048557863,-1.13539273467,-1.13539273467,-1.135392728552043
FKH2,SMY128,01/01/2015,P,GEV,0.0,YOX1,1284.8325,1313.662,0.0,0.0,0.147233191494,0.0,0.0,0.0
FKH2,SMY128,01/01/2015,P,GEV,5.0,YOX1,1305.001,1100.2909,-0.283094397227,0.00127171861975,0.143496788546,0.00127171861975,0.00127171861975,0.0
FKH2,SMY128,01/01/2015,P,GEV,8.0,YOX1,1743.825,1444.4695,-0.30920657566,-0.0805814762746,0.169478330038,-0.0805814762746,-0.0805814762747,-0.0
FKH2,SMY128,01/01/2015,P,GEV,15.0,YOX1,1642.001,995.6471,-0.756006441607,-0.545177142465,0.159400259043,-0.545177142465,-0.545177142465,-0.5369185674791437
FKH2,SMY128,01/01/2015,P,GEV,30.0,YOX1,1161.5154,770.42855,-0.624373473784,-0.467630907185,0.16854649467,-0.467630907185,-0.467630907186,-0.4606717481717317
FKH2,SMY128,01/01/2015,P,GEV,45.0,YOX1,1067.5425,527.3217,-1.05162660096,-0.870185937996,0.175526986228,-0.870185937996,-0.870185937996,-0.8701839848668578
FKH2,SMY128,01/01/2015,P,GEV,60.0,YOX1,1168.966,608.12475,-0.976277573805,-0.794836910846,0.167441549684,-0.794836910846,-0.794836910846,-0.7948338425954147
FKH2,SMY128,01/01/2015,P,GEV,90.0,YOX1,1646.5415,784.97405,-1.101267909,-1.0177684303,0.183797630568,-1.0177684303,-1.0177684303,-1.0177684096521842
HCM1,SMY2077,02/09/2016,P,ZEV,0.0,ACE2,1368.03925,1452.7788,0.0,0.0,0.129406918687,0.0,0.0,0.0
HCM1,SMY2077,02/09/2016,P,ZEV,5.0,ACE2,1812.943,2033.105,0.0713892158216,-0.0053117201898,0.119792700094,-0.0,0.0,0.0
HCM1,SMY2077,02/09/2016,P,ZEV,10.0,ACE2,1780.4085,1983.296,0.0630951135467,-0.0138753920549,0.121633722691,-0.0,0.0,0.0
HCM1,SMY2077,02/09/2016,P,ZEV,15.0,ACE2,1920.396,2003.1965,-0.0332771584301,-0.0970447863201,0.125077677461,-0.0,0.0,0.0
HCM1,SMY2077,02/09/2016,P,ZEV,20.0,ACE2,1493.7485,1573.936,-0.0193188880742,-0.060224553488,0.132524899635,-0.0,0.0,0.0
HCM1,SMY2077,02/09/2016,P,ZEV,30.0,ACE2,1662.491,1709.87,-0.0528578766377,-0.065932014147,0.14031965869,-0.0,0.0,0.0
HCM1,SMY2077,02/09/2016,P,ZEV,45.0,ACE2,1600.001,1743.5465,0.0307568450932,0.00734908657159,0.149086354032,0.0,0.0,0.0
HCM1,SMY2077,02/09/2016,P,ZEV,90.0,ACE2,1748.383,1783.9675,-0.0643663122272,-0.0765448936268,0.142696008398,-0.0,0.0,0.0
HCM1,SMY2077,02/09/2016,P,ZEV,0.0,CDC20,613.22615,684.16405,0.0,0.0,0.113114244853,0.0,0.0,0.0
HCM1,SMY2077,02/09/2016,P,ZEV,5.0,CDC20,705.59815,736.7444,-0.0977527317714,-0.0498493769397,0.105154770774,-0.0,0.0,0.0
HCM1,SMY2077,02/09/2016,P,ZEV,10.0,CDC20,731.16735,747.8132,-0.122840913043,-0.0902992827491,0.107247365079,-0.0,0.0,0.0
HCM1,SMY2077,02/09/2016,P,ZEV,15.0,CDC20,749.5006,697.75725,-0.259136026802,-0.202947171733,0.111138023285,-0.0,0.0,0.0
HCM1,SMY2077,02/09/2016,P,ZEV,20.0,CDC20,622.223,566.51885,-0.289850602838,-0.201443160534,0.119457456209,-0.0,0.0,0.0
HCM1,SMY2077,02/09/2016,P,ZEV,30.0,CDC20,620.7256,607.8072,-0.184608727088,-0.139870618881,0.128050152032,-0.0,0.0,0.0
HCM1,SMY2077,02/09/2016,P,ZEV,45.0,CDC20,625.14005,675.72265,-0.0440624613473,0.0291572701641,0.137600784079,0.0,0.0,0.0
HCM1,SMY2077,02/09/2016,P,ZEV,90.0,CDC20,711.74905,735.9155,-0.110404696956,-0.0118189366642,0.13064985891,-0.0,0.0,0.0
HCM1,SMY2077,02/09/2016,P,ZEV,0.0,CDH1,1113.981,1107.4765,0.0,0.0,0.0788994464146,0.0,0.0,0.0
HCM1,SMY2077,02/09/2016,P,ZEV,5.0,CDH1,1091.2276,1096.91675,0.0201195373026,-0.037480533556,0.074717920851,-0.0,0.0,0.0
HCM1,SMY2077,02/09/2016,P,ZEV,10.0,CDH1,1137.273,1131.633,0.00796442308713,-0.0274912199428,0.0776352960718,-0.0,0.0,0.0
HCM1,SMY2077,02/09/2016,P,ZEV,15.0,CDH1,1159.754,1110.869,-0.0526060466998,-0.0838582235646,0.0829270890576999,-0.0,0.0,0.0
HCM1,SMY2077,02/09/2016,P,ZEV,20.0,CDH1,935.02875,854.13035,-0.119535028913,-0.142153815752,0.0937833979107,-0.0,0.0,0.0
HCM1,SMY2077,02/09/2016,P,ZEV,30.0,CDH1,921.31575,870.1338,-0.0744239844491,-0.0944833817131,0.104508771475,-0.0,0.0,0.0
HCM1,SMY2077,02/09/2016,P,ZEV,45.0,CDH1,986.9127,909.23825,-0.109304450409,-0.120781230276,0.116013868391,-0.0,0.0,0.0
HCM1,SMY2077,02/09/2016,P,ZEV,90.0,CDH1,1063.40285,938.98115,-0.169923676225,-0.153236896052,0.10767835211,-0.0,0.0,0.0
HCM1,SMY2077,02/09/2016,P,ZEV,0.0,CLB2,1841.6525,1729.291,0.0,0.0,0.137887672,0.0,0.0,0.0
HCM1,SMY2077,02/09/2016,P,ZEV,5.0,CLB2,2038.4505,1921.857,0.0065528762667,-0.0463797520953,0.127433671246,-0.0,0.0,0.0
HCM1,SMY2077,02/09/2016,P,ZEV,10.0,CLB2,1846.0825,1730.115,-0.0025089065104,-0.0735951854237,0.129165831655,-0.0,0.0,0.0
HCM1,SMY2077,02/09/2016,P,ZEV,15.0,CLB2,2140.5345,1806.5295,-0.153296670999,-0.189106947996,0.132414028601,-0.0,0.0,0.0
HCM1,SMY2077,02/09/2016,P,ZEV,20.0,CLB2,1682.1335,1430.8055,-0.142180903931,-0.15313797961,0.139470063435,-0.0,0.0,0.0
HCM1,SMY2077,02/09/2016,P,ZEV,30.0,CLB2,1765.531,1606.339,-0.0441233420547,-0.045206321619,0.146896753491,-0.0,0.0,0.0
HCM1,SMY2077,02/09/2016,P,ZEV,45.0,CLB2,1821.086,1516.8055,-0.172861015744,-0.17710535506,0.155292596507,-0.0,0.0,0.0
HCM1,SMY2077,02/09/2016,P,ZEV,90.0,CLB2,1775.622,1575.515,-0.0813014686168,-0.0515171144566,0.149168362544,-0.0,0.0,0.0
HCM1,SMY2077,02/09/2016,P,ZEV,0.0,CLB3,2522.08,2039.5185,0.0,0.0,0.069999547616,0.0,0.0,0.0
HCM1,SMY2077,02/09/2016,P,ZEV,5.0,CLB3,2624.28,2118.0965,-0.00307548086648,0.0238292963683,0.066921192816,0.0238292963683,0.0238292963683,0.0
HCM1,SMY2077,02/09/2016,P,ZEV,10.0,CLB3,2605.3285,2386.153,0.179094550467,0.208148875651,0.0701635058116,0.208148875651,0.208148875651,0.1759608330511182
HCM1,SMY2077,02/09/2016,P,ZEV,15.0,CLB3,2497.099,3042.2835,0.591962662193,0.612125861159,0.0759774996376,0.612125861159,0.612125861159,0.6121256207376955
HCM1,SMY2077,02/09/2016,P,ZEV,20.0,CLB3,2131.6055,2849.4765,0.724079741062,0.734487513601,0.0876983698553,0.734487513601,0.734487513601,0.7344874229835979
HCM1,SMY2077,02/09/2016,P,ZEV,30.0,CLB3,2133.233,3031.342,0.813968534534,0.819133009635,0.09908461872,0.819133009635,0.819133009635,0.8191329828546863
HCM1,SMY2077,02/09/2016,P,ZEV,45.0,CLB3,2152.579,3088.379,0.826411014094,0.830621105056,0.111152579865,0.830621105056,0.830621105055,0.8306210957179897
HCM1,SMY2077,02/09/2016,P,ZEV,90.0,CLB3,2459.785,3096.6915,0.637865472727,0.630232946934,0.102422194199,0.630232946934,0.630232946933,0.6302329435370492
HCM1,SMY2077,02/09/2016,P,ZEV,0.0,CLB5,1383.5415,1509.083,0.0,0.0,0.127833498907,0.0,0.0,0.0
HCM1,SMY2077,02/09/2016,P,ZEV,5.0,CLB5,1424.129,1468.133,-0.0819533289134,0.0108224523841,0.1183765251,0.0108224523841,0.0108224523841,0.0
HCM1,SMY2077,02/09/2016,P,ZEV,10.0,CLB5,1377.015,1467.0415,-0.0340707204638,0.0342712696387,0.120239233176,0.0342712696387,0.0342712696388,0.0001269160726426024
HCM1,SMY2077,02/09/2016,P,ZEV,15.0,CLB5,1464.7525,1516.2475,-0.0754291905884,-0.0437451584936,0.123722011372,-0.0437451584936,-0.0437451584936,-0.0
HCM1,SMY2077,02/09/2016,P,ZEV,20.0,CLB5,1210.6595,1177.0635,-0.165703958538,-0.149676878891,0.131246179838,-0.149676878891,-0.14967687889,-0.0629692290902895
HCM1,SMY2077,02/09/2016,P,ZEV,30.0,CLB5,1197.078,1041.091,-0.327078538939,-0.341356896206,0.139112606595,-0.341356896206,-0.341356896206,-0.3295358248144351
HCM1,SMY2077,02/09/2016,P,ZEV,45.0,CLB5,1242.214,1062.696,-0.35052289181,-0.380764174691,0.147950842031,-0.380764174691,-0.38076417469,-0.3748044150165405
HCM1,SMY2077,02/09/2016,P,ZEV,90.0,CLB5,1317.5945,970.94025,-0.566945665103,-0.563349415017,0.141509227655,-0.563349415017,-0.563349415016,-0.5633161074271741
HCM1,SMY2077,02/09/2016,P,ZEV,0.0,CLB6,360.87745,340.38365,0.0,0.0,0.152662031968,0.0,0.0,0.0
HCM1,SMY2077,02/09/2016,P,ZEV,5.0,CLB6,358.5863,307.91625,-0.128042823926,-0.115871116327,0.140771370775,-0.0,0.0,0.0
HCM1,SMY2077,02/09/2016,P,ZEV,10.0,CLB6,361.69385,332.9289,-0.0338014435108,0.0149162414113,0.142341316313,0.0,0.0,0.0
HCM1,SMY2077,02/09/2016,P,ZEV,15.0,CLB6,386.12465,386.73755,0.0908941674004,0.0989791423921,0.145295262252,0.0,0.0,0.0
HCM1,SMY2077,02/09/2016,P,ZEV,20.0,CLB6,320.2517,351.3878,0.219461552638,0.186281632872,0.15175353985,0.0,0.0,0.0
HCM1,SMY2077,02/09/2016,P,ZEV,30.0,CLB6,343.36985,363.7949,0.169799484724,0.0819787331663,0.158606098396,0.0,0.0,0.0
HCM1,SMY2077,02/09/2016,P,ZEV,45.0,CLB6,334.7597,309.84015,-0.0245683522784,-0.118129210505,0.16641222549,-0.0,0.0,0.0
HCM1,SMY2077,02/09/2016,P,ZEV,90.0,CLB6,349.7874,285.7753,-0.206568031954,-0.218627367395,0.1607122853,-0.0,0.0,0.0
HCM1,SMY2077,02/09/2016,P,ZEV,0.0,CLN1,5568.215,6755.157,0.0,0.0,0.162598350277,0.0,0.0,0.0
HCM1,SMY2077,02/09/2016,P,ZEV,5.0,CLN1,6131.6635,7350.909,-0.0171373167029,-0.0404504206702,0.149756530475,-0.0404504206702,-0.0404504206702,-0.0
HCM1,SMY2077,02/09/2016,P,ZEV,10.0,CLN1,5959.236,7203.667,-0.00516042477523,0.00411206438844,0.15123323021,0.00411206438844,0.00411206438844,1.522812163467263e-05
HCM1,SMY2077,02/09/2016,P,ZEV,15.0,CLN1,5548.7195,6470.2375,-0.0571806482803,-0.0602141007092,0.154016729037,-0.0602141007092,-0.0602141007092,-0.0
HCM1,SMY2077,02/09/2016,P,ZEV,20.0,CLN1,5093.136,5813.6515,-0.0879632318045,-0.0667564934518,0.160123628634,-0.0667564934518,-0.0667564934518,-9.489809482334888e-05
HCM1,SMY2077,02/09/2016,P,ZEV,30.0,CLN1,5166.8975,5656.032,-0.147971991999,-0.220080663108,0.166632331914,-0.220080663108,-0.220080663108,-0.143532795206503
HCM1,SMY2077,02/09/2016,P,ZEV,45.0,CLN1,5341.0975,5101.2835,-0.345081716744,-0.348238161728,0.174078914239,-0.348238161728,-0.348238161728,-0.3226655849064588
HCM1,SMY2077,02/09/2016,P,ZEV,90.0,CLN1,5866.758,4636.213,-0.618490098056,-0.663312931707,0.168638305959,-0.663312931707,-0.663312931707,-0.663263571389419
HCM1,SMY2077,02/09/2016,P,ZEV,0.0,CLN2,771.22945,1105.8185,0.0,0.0,0.134670106728,0.0,0.0,0.0
HCM1,SMY2077,02/09/2016,P,ZEV,5.0,CLN2,840.60375,1154.2625,-0.0631940089962,0.0542660124779,0.124533249366,0.0,0.0,0.0
HCM1,SMY2077,02/09/2016,P,ZEV,10.0,CLN2,858.688,1215.412,-0.0188055361944,0.0235406012217,0.126305192678,0.0,0.0,0.0
HCM1,SMY2077,02/09/2016,P,ZEV,15.0,CLN2,842.8661,1208.8105,0.00144234745403,0.00858036161357,0.129625092481,0.0,0.0,0.0
HCM1,SMY2077,02/09/2016,P,ZEV,20.0,CLN2,657.06985,904.6134,-0.0599822309708,-0.023551180763,0.136825027772,-0.0,0.0,0.0
HCM1,SMY2077,02/09/2016,P,ZEV,30.0,CLN2,720.8408,951.619,-0.119811902738,-0.148464051222,0.144387831261,-0.0,0.0,0.0
HCM1,SMY2077,02/09/2016,P,ZEV,45.0,CLN2,723.0846,812.6408,-0.351784427968,-0.355025398357,0.152921483646,-0.0,0.0,0.0
HCM1,SMY2077,02/09/2016,P,ZEV,90.0,CLN2,813.2982,773.05025,-0.594776105946,-0.490800200766,0.146698295881,-0.0,0.0,0.0
HCM1,SMY2077,02/09/2016,P,ZEV,0.0,CLN3,969.85555,960.15685,0.0,0.0,0.178445054883,0.0,0.0,0.0
HCM1,SMY2077,02/09/2016,P,ZEV,5.0,CLN3,920.87585,1037.73675,0.186950571204,0.123217660991,0.164105748944,0.0,0.0,0.0
HCM1,SMY2077,02/09/2016,P,ZEV,10.0,CLN3,1012.757,1088.8305,0.118044005149,0.0719632432052,0.165454429787,0.0,0.0,0.0
HCM1,SMY2077,02/09/2016,P,ZEV,15.0,CLN3,990.85515,942.93675,-0.0525977233736,-0.0522380124107,0.168002473909,-0.0,0.0,0.0
HCM1,SMY2077,02/09/2016,P,ZEV,20.0,CLN3,840.0329,761.9213,-0.125158991782,-0.124651755882,0.173618129421,-0.0,0.0,0.0
HCM1,SMY2077,02/09/2016,P,ZEV,30.0,CLN3,862.4166,801.7987,-0.0911141644047,-0.0593874118746,0.179638560602,-0.0,0.0,0.0
HCM1,SMY2077,02/09/2016,P,ZEV,45.0,CLN3,892.7635,834.31865,-0.0841243284393,-0.00656575940582,0.18656673551,-0.0,0.0,0.0
HCM1,SMY2077,02/09/2016,P,ZEV,90.0,CLN3,998.86085,944.5917,-0.0650346742907,0.0335543167972,0.181500844772,0.0,0.0,0.0
HCM1,SMY2077,02/09/2016,P,ZEV,0.0,FKH1,1033.08505,853.5199,0.0,0.0,0.116238764797,0.0,0.0,0.0
HCM1,SMY2077,02/09/2016,P,ZEV,5.0,FKH1,1129.428,871.5693,-0.101687614644,-0.0854662602395,0.107956970721,-0.0854662602395,-0.0854662602395,-0.0
HCM1,SMY2077,02/09/2016,P,ZEV,10.0,FKH1,1064.326,868.7983,-0.0191624858771,-0.00834539029718,0.109996268242,-0.00834539029718,-0.00834539029718,-3.090530850916128e-05
HCM1,SMY2077,02/09/2016,P,ZEV,15.0,FKH1,1173.593,1448.196,0.57684169827,0.565108245266,0.113792978388,0.565108245266,0.565108245266,0.5650776790755043
HCM1,SMY2077,02/09/2016,P,ZEV,20.0,FKH1,979.7619,1550.393,0.934486837896,0.900934469158,0.121931396919,0.900934469158,0.900934469158,0.9009343580052036
HCM1,SMY2077,02/09/2016,P,ZEV,30.0,FKH1,1064.968,1956.8925,1.15166672643,1.09102277685,0.130361125901,1.09102277685,1.09102277685,1.091022741180662
HCM1,SMY2077,02/09/2016,P,ZEV,45.0,FKH1,1003.0906,1766.8865,1.09114544074,1.0322186407,0.139753917619,1.0322186407,1.0322186407,1.0322186290968325
HCM1,SMY2077,02/09/2016,P,ZEV,90.0,FKH1,1089.551,1725.8305,0.937668411437,0.885900607669,0.132915639952,0.885900607669,0.885900607669,0.8859006028954081
HCM1,SMY2077,02/09/2016,P,ZEV,0.0,FKH2,589.44895,537.32965,0.0,0.0,0.109990774675,0.0,0.0,0.0
HCM1,SMY2077,02/09/2016,P,ZEV,5.0,FKH2,627.1763,539.86635,-0.0802825508697,0.00329190729126,0.102356277713,0.00329190729126,0.00329190729126,0.0
HCM1,SMY2077,02/09/2016,P,ZEV,10.0,FKH2,606.5253,564.85785,0.0302769291133,0.0635050944276,0.104504923746,0.0635050944276,0.0635050944277,0.0002351770816344787
HCM1,SMY2077,02/09/2016,P,ZEV,15.0,FKH2,624.12505,714.72115,0.331448281089,0.33015299129,0.108493972139,0.33015299129,0.33015299129,0.3161947198379272
HCM1,SMY2077,02/09/2016,P,ZEV,20.0,FKH2,502.8312,677.0674,0.562493763915,0.532272998457,0.117001562445,0.532272998457,0.532272998458,0.5322277325775085
HCM1,SMY2077,02/09/2016,P,ZEV,30.0,FKH2,553.00515,789.4028,0.647403064711,0.612564562945,0.125762169217,0.612564562945,0.612564562945,0.6125598192936151
HCM1,SMY2077,02/09/2016,P,ZEV,45.0,FKH2,563.106,813.06305,0.663924809541,0.668642635617,0.135474195145,0.668642635617,0.668642635617,0.6686409811270159
HCM1,SMY2077,02/09/2016,P,ZEV,90.0,FKH2,607.86185,767.81505,0.471527441225,0.457734652085,0.12840820614,0.457734652085,0.457734652085,0.4574821207393886
HCM1,SMY2077,02/09/2016,P,ZEV,0.0,HCM1,1272.739,342.6557,0.0,0.0,0.136650100165,0.0,0.0,0.0
HCM1,SMY2077,02/09/2016,P,ZEV,5.0,HCM1,1179.5509,4661.902,3.88440202708,3.86952662146,0.126317880979,3.86952662146,3.86952662147,3.869512177070013
HCM1,SMY2077,02/09/2016,P,ZEV,10.0,HCM1,1238.6795,8915.1225,4.74057110238,4.74606874473,0.128065134033,4.74606874473,4.74606874472,4.74606082973576
HCM1,SMY2077,02/09/2016,P,ZEV,15.0,HCM1,1191.2145,8875.2035,4.79916229541,4.79438363762,0.131340555269,4.79438363762,4.79438363762,4.794381754556333
HCM1,SMY2077,02/09/2016,P,ZEV,20.0,HCM1,956.98985,7229.5205,4.82314050556,4.79436592845,0.138451309429,4.79436592845,4.79436592845,4.794365336945071
HCM1,SMY2077,02/09/2016,P,ZEV,30.0,HCM1,919.34265,7361.777,4.89684814493,4.87816537522,0.145929855321,4.87816537522,4.87816537521,4.878165215725767
HCM1,SMY2077,02/09/2016,P,ZEV,45.0,HCM1,1016.8574,7357.177,4.74891174769,4.71824570672,0.154378291926,4.71824570672,4.71824570672,4.718245653682209
HCM1,SMY2077,02/09/2016,P,ZEV,90.0,HCM1,1101.8965,8243.2125,4.79896886879,4.76210250366,0.148216284099,4.76210250366,4.76210250366,4.76210247799986
HCM1,SMY2077,02/09/2016,P,ZEV,0.0,MBP1,1891.3675,1620.431,0.0,0.0,0.0906779477523,0.0,0.0,0.0
HCM1,SMY2077,02/09/2016,P,ZEV,5.0,MBP1,2085.9365,1881.363,0.074434292094,-0.0060752033964,0.0851307269226,-0.0060752033964,-0.0060752033964,-0.0
HCM1,SMY2077,02/09/2016,P,ZEV,10.0,MBP1,2029.5585,1872.2485,0.10663202796,0.0548698347996,0.0877024068438,0.0548698347996,0.0548698347996,0.00020319830612372563
HCM1,SMY2077,02/09/2016,P,ZEV,15.0,MBP1,2035.2735,2357.9665,0.43553803278,0.396765245139,0.0924195599947,0.396765245139,0.396765245138,0.3964772854836049
HCM1,SMY2077,02/09/2016,P,ZEV,20.0,MBP1,1109.00195,1432.61345,0.568269996815,0.591657659601,0.102273157249,0.591657659601,0.591657659601,0.5916575866052322
HCM1,SMY2077,02/09/2016,P,ZEV,30.0,MBP1,1770.9185,2563.5085,0.756981845336,0.775495573189,0.112189822557,0.775495573189,0.77549557319,0.7754955478363461
HCM1,SMY2077,02/09/2016,P,ZEV,45.0,MBP1,1799.361,2596.3335,0.752052397886,0.758372689616,0.122978415298,0.758372689616,0.758372689616,0.758372681091134
HCM1,SMY2077,02/09/2016,P,ZEV,90.0,MBP1,2004.176,2768.3985,0.689286422671,0.699676883336,0.115148167519,0.699676883336,0.699676883336,0.699676879565857
HCM1,SMY2077,02/09/2016,P,ZEV,0.0,MCM1,1770.9815,1883.3785,0.0,0.0,0.122569735252,0.0,0.0,0.0
HCM1,SMY2077,02/09/2016,P,ZEV,5.0,MCM1,1777.4495,1925.7455,0.027915828128,-0.0602005728122,0.113642489819,-0.0,0.0,0.0
HCM1,SMY2077,02/09/2016,P,ZEV,10.0,MCM1,1962.858,2103.396,0.0221942705259,-0.0122210241134,0.115581516654,-0.0,0.0,0.0
HCM1,SMY2077,02/09/2016,P,ZEV,15.0,MCM1,1864.254,1893.239,-0.0712256979633,-0.101110792887,0.11920046097,-0.0,0.0,0.0
HCM1,SMY2077,02/09/2016,P,ZEV,20.0,MCM1,1529.752,1530.5955,-0.0767670706874,-0.0773036448096,0.126992808929,-0.0,0.0,0.0
HCM1,SMY2077,02/09/2016,P,ZEV,30.0,MCM1,1536.529,1578.8485,-0.052022078844,-0.0766982370618,0.135107109773,-0.0,0.0,0.0
HCM1,SMY2077,02/09/2016,P,ZEV,45.0,MCM1,1579.576,1518.2445,-0.147808492647,-0.12921640701,0.14419107273,-0.0,0.0,0.0
HCM1,SMY2077,02/09/2016,P,ZEV,90.0,MCM1,1950.273,1838.205,-0.177849243838,-0.156931358443,0.137573526919,-0.0,0.0,0.0
HCM1,SMY2077,02/09/2016,P,ZEV,0.0,NDD1,1354.1635,1063.63535,0.0,0.0,0.119336290356,0.0,0.0,0.0
HCM1,SMY2077,02/09/2016,P,ZEV,5.0,NDD1,1466.8645,1203.408,0.0572311384352,-0.0263264887311,0.110737485324,-0.0263264887311,-0.0263264887311,-0.0
HCM1,SMY2077,02/09/2016,P,ZEV,10.0,NDD1,1449.6535,1338.3375,0.225329558006,0.156075554279,0.112726492697,0.156075554279,0.156075554279,0.0161757336473658
HCM1,SMY2077,02/09/2016,P,ZEV,15.0,NDD1,1370.5375,1813.7975,0.748653894305,0.700478648671,0.116434209144,0.700478648671,0.700478648672,0.7004783735488576
HCM1,SMY2077,02/09/2016,P,ZEV,20.0,NDD1,882.4337,1415.082,1.01952557119,1.01859584141,0.124399954514,1.01859584141,1.0185958414,1.018595715730731
HCM1,SMY2077,02/09/2016,P,ZEV,30.0,NDD1,1216.488,2081.274,1.11883077615,1.08436323163,0.132672929699,1.08436323163,1.08436323163,1.0843631961783855
HCM1,SMY2077,02/09/2016,P,ZEV,45.0,NDD1,1252.125,1938.284,0.973199381807,0.987189236312,0.141912792301,0.987189236312,0.987189236312,0.9871892252150076
HCM1,SMY2077,02/09/2016,P,ZEV,90.0,NDD1,1451.673,2002.031,0.806623421234,0.806477680164,0.135183765566,0.806477680164,0.806477680163,0.806477675817371
HCM1,SMY2077,02/09/2016,P,ZEV,0.0,NRM1,978.3028,715.87755,0.0,0.0,0.130877122453,0.0,0.0,0.0
HCM1,SMY2077,02/09/2016,P,ZEV,5.0,NRM1,945.16335,699.3616,0.00616716592663,0.00811270876463,0.121116403281,0.00811270876463,0.00811270876463,0.0
HCM1,SMY2077,02/09/2016,P,ZEV,10.0,NRM1,1051.406,897.04995,0.213588247192,0.184922989522,0.122937604677,0.184922989522,0.184922989523,0.0287303833746559
HCM1,SMY2077,02/09/2016,P,ZEV,15.0,NRM1,971.7264,1248.1805,0.805386611085,0.793408272498,0.126346023076,0.793408272498,0.793408272497,0.7934079608744007
HCM1,SMY2077,02/09/2016,P,ZEV,20.0,NRM1,868.3765,1281.6345,1.00525478787,0.972645164587,0.133722627745,0.972645164587,0.972645164587,0.9726450445868962
HCM1,SMY2077,02/09/2016,P,ZEV,30.0,NRM1,930.96515,1459.482,1.10156882176,1.07143636662,0.14145140071,1.07143636662,1.07143636662,1.0714363315910098
HCM1,SMY2077,02/09/2016,P,ZEV,45.0,NRM1,891.76855,1374.926,1.06739837675,1.03709129957,0.150152033308,1.03709129957,1.03709129957,1.0370912879120586
HCM1,SMY2077,02/09/2016,P,ZEV,90.0,NRM1,974.8999,1064.1525,0.568935784292,0.562236952132,0.143809050343,0.562236952132,0.562236952133,0.5621898310204796
HCM1,SMY2077,02/09/2016,P,ZEV,0.0,PLM2,273.58265,363.7909,0.0,0.0,0.14923602336,0.0,0.0,0.0
HCM1,SMY2077,02/09/2016,P,ZEV,5.0,PLM2,282.19005,405.5171,0.11009298724,0.0309185553342,0.137675915526,0.0,0.0,0.0
HCM1,SMY2077,02/09/2016,P,ZEV,10.0,PLM2,259.7952,380.3643,0.136861585186,0.161423066291,0.139280756804,0.0,0.0,0.0
HCM1,SMY2077,02/09/2016,P,ZEV,15.0,PLM2,273.27735,435.9764,0.260448254421,0.314862662729,0.142298250584,0.0,0.0,0.0
HCM1,SMY2077,02/09/2016,P,ZEV,20.0,PLM2,227.8086,402.46145,0.411559258522,0.452387863147,0.148886586848,0.0,0.0,0.0
HCM1,SMY2077,02/09/2016,P,ZEV,30.0,PLM2,226.2883,397.25065,0.398846005282,0.415976818033,0.155865240946,0.0,0.0,0.0
HCM1,SMY2077,02/09/2016,P,ZEV,45.0,PLM2,240.4853,368.18325,0.203764045784,0.161458605003,0.163802038078,0.0,0.0,0.0
HCM1,SMY2077,02/09/2016,P,ZEV,90.0,PLM2,256.7795,276.5055,-0.3062452899,-0.306448237672,0.158007966675,-0.0,0.0,0.0
HCM1,SMY2077,02/09/2016,P,ZEV,0.0,STB1,395.9403,458.24065,0.0,0.0,0.138298054866,0.0,0.0,0.0
HCM1,SMY2077,02/09/2016,P,ZEV,5.0,STB1,438.91165,489.8633,-0.0513330477164,0.0092581206401,0.127803725072,0.0,0.0,0.0
HCM1,SMY2077,02/09/2016,P,ZEV,10.0,STB1,426.85295,468.3228,-0.0737486237197,-0.00151595684491,0.129530937008,-0.0,0.0,0.0
HCM1,SMY2077,02/09/2016,P,ZEV,15.0,STB1,428.60925,472.3714,-0.0632324203082,-0.0145502910006,0.132770202024,-0.0,0.0,0.0
HCM1,SMY2077,02/09/2016,P,ZEV,20.0,STB1,348.05735,382.50685,-0.0714552630308,-0.0155470946825,0.139808262165,-0.0,0.0,0.0
HCM1,SMY2077,02/09/2016,P,ZEV,30.0,STB1,366.40305,374.76135,-0.177050256035,-0.143138867489,0.147217892123,-0.0,0.0,0.0
HCM1,SMY2077,02/09/2016,P,ZEV,45.0,STB1,362.54935,331.5486,-0.33713850402,-0.328713236267,0.155596407751,-0.0,0.0,0.0
HCM1,SMY2077,02/09/2016,P,ZEV,90.0,STB1,404.38715,365.7769,-0.34614869919,-0.300707169529,0.149484621145,-0.0,0.0,0.0
HCM1,SMY2077,02/09/2016,P,ZEV,0.0,SWI4,799.76415,849.2246,0.0,0.0,0.103721921536,0.0,0.0,0.0
HCM1,SMY2077,02/09/2016,P,ZEV,5.0,SWI4,853.6687,937.65675,0.0486016194364,-0.0131125151199,0.0967489689792,-0.0,0.0,0.0
HCM1,SMY2077,02/09/2016,P,ZEV,10.0,SWI4,897.19755,1018.2865,0.0981936095561,0.0266987861926,0.0990193642596,0.0,0.0,0.0
HCM1,SMY2077,02/09/2016,P,ZEV,15.0,SWI4,793.6129,846.5865,0.00492935568455,-0.0593956865297,0.103220624886,-0.0,0.0,0.0
HCM1,SMY2077,02/09/2016,P,ZEV,20.0,SWI4,698.1157,722.17025,-0.0331411558163,-0.057546207854,0.112129037389,-0.0,0.0,0.0
HCM1,SMY2077,02/09/2016,P,ZEV,30.0,SWI4,717.9112,675.042,-0.177888992038,-0.22349739816,0.121242231163,-0.0,0.0,0.0
HCM1,SMY2077,02/09/2016,P,ZEV,45.0,SWI4,752.14045,629.4213,-0.346600587001,-0.379411169271,0.131289043569,-0.0,0.0,0.0
HCM1,SMY2077,02/09/2016,P,ZEV,90.0,SWI4,894.5702,774.2986,-0.292912301481,-0.32848646352,0.123984768481,-0.0,0.0,0.0
HCM1,SMY2077,02/09/2016,P,ZEV,0.0,SWI5,1486.0035,1385.904,0.0,0.0,0.0932792030842,0.0,0.0,0.0
HCM1,SMY2077,02/09/2016,P,ZEV,5.0,SWI5,1581.353,1520.3385,0.0450628563936,-0.0122334043244,0.087441448596,-0.0,0.0,0.0
HCM1,SMY2077,02/09/2016,P,ZEV,10.0,SWI5,1625.23,1610.4815,0.0883948112482,0.0169143472752,0.0899470868479,0.0,0.0,0.0
HCM1,SMY2077,02/09/2016,P,ZEV,15.0,SWI5,1544.355,1607.5085,0.159488563218,0.103070726571,0.0945523206264,0.0,0.0,0.0
HCM1,SMY2077,02/09/2016,P,ZEV,20.0,SWI5,1371.974,1473.025,0.203037318616,0.161643979851,0.104204438293,0.0,0.0,0.0
HCM1,SMY2077,02/09/2016,P,ZEV,30.0,SWI5,1335.464,1559.4415,0.325709511984,0.280494927167,0.113953159463,0.0,0.0,0.0
HCM1,SMY2077,02/09/2016,P,ZEV,45.0,SWI5,1365.802,1733.3065,0.445182138539,0.401077347938,0.124589152398,0.0,0.0,0.0
HCM1,SMY2077,02/09/2016,P,ZEV,90.0,SWI5,1617.268,1835.209,0.277715242319,0.2118501822589999,0.116866876185,0.0,0.0,0.0
HCM1,SMY2077,02/09/2016,P,ZEV,0.0,SWI6,869.95925,810.56575,0.0,0.0,0.108397013727,0.0,0.0,0.0
HCM1,SMY2077,02/09/2016,P,ZEV,5.0,SWI6,927.0657,893.2256,0.0492956696644,-0.0570446464866,0.10092947693,-0.0570446464866,-0.0570446464866,-0.0
HCM1,SMY2077,02/09/2016,P,ZEV,10.0,SWI6,886.0365,867.6404,0.0719399843782,-0.0162222124548,0.103107860094,-0.0162222124548,-0.0162222124548,-6.0075378474049935e-05
HCM1,SMY2077,02/09/2016,P,ZEV,15.0,SWI6,912.5495,1101.3775,0.373496916585,0.320264304709,0.10714893241,0.320264304709,0.320264304709,0.3047973400055664
HCM1,SMY2077,02/09/2016,P,ZEV,20.0,SWI6,804.37515,1090.4915,0.543760862873,0.543687252246,0.115755420351,0.543687252246,0.543687252247,0.5436611671627692
HCM1,SMY2077,02/09/2016,P,ZEV,30.0,SWI6,794.8439,1175.6175,0.667159885576,0.651734568484,0.124603671424,0.651734568484,0.651734568484,0.651733825108536
HCM1,SMY2077,02/09/2016,P,ZEV,45.0,SWI6,810.97405,1138.3545,0.591951357109,0.594805742773,0.13439943927,0.594805742773,0.594805742774,0.5947942695880554
HCM1,SMY2077,02/09/2016,P,ZEV,90.0,SWI6,864.3868,1154.8645,0.520508824837,0.517176162498,0.127273795929,0.517176162498,0.517176162497,0.5171550860755911
HCM1,SMY2077,02/09/2016,P,ZEV,0.0,TOS4,2653.267,3433.3745,0.0,0.0,0.0918693694751,0.0,0.0,0.0
HCM1,SMY2077,02/09/2016,P,ZEV,5.0,TOS4,2819.5405,3583.913,-0.0246507714529,0.0182854653059,0.0861886479319,0.0182854653059,0.0182854653059,0.0
HCM1,SMY2077,02/09/2016,P,ZEV,10.0,TOS4,2535.531,3137.7745,-0.0634359000888,0.0692085269491,0.0887296710925,0.0692085269491,0.0692085269491,0.0002562984834333392
HCM1,SMY2077,02/09/2016,P,ZEV,15.0,TOS4,2771.034,3344.6475,-0.0990581791994,0.0299510140033,0.0933949540157,0.0299510140033,0.0299510140033,0.0
HCM1,SMY2077,02/09/2016,P,ZEV,20.0,TOS4,2319.283,2785.0445,-0.107073641815,-0.0152271416079,0.103155421863,-0.0152271416079,-0.0152271416079,-0.0
HCM1,SMY2077,02/09/2016,P,ZEV,30.0,TOS4,2295.1465,2646.582,-0.16541515733,-0.181890114349,0.112994684173,-0.181890114349,-0.18189011435,-0.1431262259684851
HCM1,SMY2077,02/09/2016,P,ZEV,45.0,TOS4,2475.146,2378.985,-0.428658313491,-0.494979945125,0.123713107612,-0.494979945125,-0.494979945125,-0.4949325724795191
HCM1,SMY2077,02/09/2016,P,ZEV,90.0,TOS4,2406.573,1928.5575,-0.689692844472,-0.676809109585,0.115932492637,-0.676809109585,-0.676809109585,-0.6768091059380777
HCM1,SMY2077,02/09/2016,P,ZEV,0.0,WHI5,70.892815,53.14495,0.0,0.0,0.268002273752,0.0,0.0,0.0
HCM1,SMY2077,02/09/2016,P,ZEV,5.0,WHI5,76.460385,60.269535,0.0597173746719,0.00869833981507,0.245457765083,0.0,0.0,0.0
HCM1,SMY2077,02/09/2016,P,ZEV,10.0,WHI5,73.55138,60.41283,0.119092039946,0.0956479097814,0.246361494433,0.0,0.0,0.0
HCM1,SMY2077,02/09/2016,P,ZEV,15.0,WHI5,77.70198,81.867295,0.492539648105,0.497338537087,0.248079924304,0.0,0.0,0.0
HCM1,SMY2077,02/09/2016,P,ZEV,20.0,WHI5,54.339345,63.224905,0.633077782457,0.752848616385,0.251916796714,0.0,0.0,0.0
HCM1,SMY2077,02/09/2016,P,ZEV,30.0,WHI5,58.816445,76.21996,0.782864400981,0.878535867446,0.256103162922,0.0,0.0,0.0
HCM1,SMY2077,02/09/2016,P,ZEV,45.0,WHI5,67.394435,76.295415,0.581515452108,0.600548334736,0.261009510176,0.0,0.0,0.0
HCM1,SMY2077,02/09/2016,P,ZEV,90.0,WHI5,68.61856,66.052645,0.36405232162,0.367908418342,0.257412847884,0.0,0.0,0.0
HCM1,SMY2077,02/09/2016,P,ZEV,0.0,YHP1,1812.2715,1526.772,0.0,0.0,0.130670172301,0.0,0.0,0.0
HCM1,SMY2077,02/09/2016,P,ZEV,5.0,YHP1,1882.4635,1620.8395,0.0315319091279,0.0294951634681,0.120930050443,0.0294951634681,0.0294951634682,0.0
HCM1,SMY2077,02/09/2016,P,ZEV,10.0,YHP1,1882.205,1779.2735,0.166120391173,0.061429599051,0.122754016635,0.061429599051,0.0614295990509,0.0002274909432221127
HCM1,SMY2077,02/09/2016,P,ZEV,15.0,YHP1,1899.476,2337.9555,0.546948419268,0.434550420144,0.126167394772,0.434550420144,0.434550420144,0.4284314291286601
HCM1,SMY2077,02/09/2016,P,ZEV,20.0,YHP1,1571.2145,2093.001,0.661116107977,0.562204151888,0.133553866015,0.562204151888,0.562204151887,0.5620374059207834
HCM1,SMY2077,02/09/2016,P,ZEV,30.0,YHP1,1568.784,2293.5345,0.795388335412,0.723106873415,0.141291870676,0.723106873415,0.723106873414,0.7231051873788552
HCM1,SMY2077,02/09/2016,P,ZEV,45.0,YHP1,1606.105,2322.5175,0.779487444288,0.710923645401,0.150001756866,0.710923645401,0.710923645401,0.7109196210073163
HCM1,SMY2077,02/09/2016,P,ZEV,90.0,YHP1,1736.1575,2161.863,0.563362313762,0.467591984359,0.143652138574,0.467591984359,0.467591984359,0.4666130222699783
HCM1,SMY2077,02/09/2016,P,ZEV,0.0,YOX1,2735.8505,2762.895,0.0,0.0,0.147233191494,0.0,0.0,0.0
HCM1,SMY2077,02/09/2016,P,ZEV,5.0,YOX1,2897.135,2715.099,-0.107516258732,0.10621332734,0.135867003809,0.0,0.0,0.0
HCM1,SMY2077,02/09/2016,P,ZEV,10.0,YOX1,2811.054,2880.771,0.0238676939213,0.048086190859,0.137492960634,0.0,0.0,0.0
HCM1,SMY2077,02/09/2016,P,ZEV,15.0,YOX1,2886.625,2778.193,-0.0679870714692,-0.0760114263509,0.140548842497,-0.0,0.0,0.0
HCM1,SMY2077,02/09/2016,P,ZEV,20.0,YOX1,2318.0775,2143.389,-0.128696952712,-0.154403255634,0.147215490867,-0.0,0.0,0.0
HCM1,SMY2077,02/09/2016,P,ZEV,30.0,YOX1,2478.963,2273.0835,-0.138871174411,-0.191558578173,0.154269758354,-0.0,0.0,0.0
HCM1,SMY2077,02/09/2016,P,ZEV,45.0,YOX1,2484.9195,1997.48,-0.328862758068,-0.346532069247,0.162284603973,-0.0,0.0,0.0
HCM1,SMY2077,02/09/2016,P,ZEV,90.0,YOX1,2707.2765,1825.4785,-0.581824889274,-0.544819697208,0.156434339392,-0.0,0.0,0.0
MBP1,SMY2085,12/10/2015,P,ZEV,0.0,ACE2,1948.8,1211.8745,0.0,0.0,0.129406918687,0.0,0.0,0.0
MBP1,SMY2085,12/10/2015,P,ZEV,5.0,ACE2,1884.658,1091.4465,-0.0626468616472,-0.139347797659,0.138765809752,-0.0,0.0,0.0
MBP1,SMY2085,12/10/2015,P,ZEV,30.0,ACE2,1585.2535,1316.4045,0.416056515634,0.402982378124,0.169636812205,0.0,0.0,0.0
MBP1,SMY2085,12/10/2015,P,ZEV,45.0,ACE2,1592.3515,1080.453,0.126840281803,0.103432523282,0.161459064835,0.0,0.0,0.0
MBP1,SMY2085,12/10/2015,P,ZEV,90.0,ACE2,1498.77,1012.64935,0.0980567268384,0.0858781454389,0.16537800843,0.0,0.0,0.0
MBP1,SMY2085,12/10/2015,P,ZEV,0.0,CDC20,703.9705,891.5939,0.0,0.0,0.113114244853,0.0,0.0,0.0
MBP1,SMY2085,12/10/2015,P,ZEV,5.0,CDC20,709.123,764.44875,-0.223010026966,-0.175106672134,0.126345497651,-0.175106672134,-0.175106672134,-0.0
MBP1,SMY2085,12/10/2015,P,ZEV,30.0,CDC20,586.4236,515.73345,-0.525634139846,-0.480896031639,0.159636721576,-0.480896031639,-0.480896031638,-0.4772606709372874
MBP1,SMY2085,12/10/2015,P,ZEV,45.0,CDC20,611.1264,474.1765,-0.693250969471,-0.620031237958,0.15091807194,-0.620031237958,-0.620031237959,-0.619992161659689
MBP1,SMY2085,12/10/2015,P,ZEV,90.0,CDC20,582.4492,452.9983,-0.744698958148,-0.646113197855,0.155103579885,-0.646113197855,-0.646113197856,-0.6460959464506292
MBP1,SMY2085,12/10/2015,P,ZEV,0.0,CDH1,1311.856,1189.678,0.0,0.0,0.0788994464146,0.0,0.0,0.0
MBP1,SMY2085,12/10/2015,P,ZEV,5.0,CDH1,1322.162,1161.5385,-0.103520586906,-0.161120657764,0.102413019956,-0.0,0.0,0.0
MBP1,SMY2085,12/10/2015,P,ZEV,30.0,CDH1,1137.588,1236.868,0.283122205477,0.263062808213,0.141453613441,0.0,0.0,0.0
MBP1,SMY2085,12/10/2015,P,ZEV,45.0,CDH1,1170.199,1226.4445,0.208994854842,0.197518074976,0.131535190416,0.0,0.0,0.0
MBP1,SMY2085,12/10/2015,P,ZEV,90.0,CDH1,1114.293,1175.875,0.191475286883,0.208162067057,0.136317138955,0.0,0.0,0.0
MBP1,SMY2085,12/10/2015,P,ZEV,0.0,CLB2,1386.392,1584.364,0.0,0.0,0.137887672,0.0,0.0,0.0
MBP1,SMY2085,12/10/2015,P,ZEV,5.0,CLB2,1379.6465,1769.129,0.153398880086,0.100466251724,0.145413202728,0.0,0.0,0.0
MBP1,SMY2085,12/10/2015,P,ZEV,30.0,CLB2,1106.3665,1433.3595,0.174679673423,0.173596693859,0.175116240327,0.0,0.0,0.0
MBP1,SMY2085,12/10/2015,P,ZEV,45.0,CLB2,1215.7665,1554.8265,0.154159765966,0.14991542665,0.167206696004,0.0,0.0,0.0
MBP1,SMY2085,12/10/2015,P,ZEV,90.0,CLB2,1234.159,1483.258,0.088623448185,0.118407802345,0.170993962594,0.0,0.0,0.0
MBP1,SMY2085,12/10/2015,P,ZEV,0.0,CLB3,2622.8845,2428.4085,0.0,0.0,0.069999547616,0.0,0.0,0.0
MBP1,SMY2085,12/10/2015,P,ZEV,5.0,CLB3,2619.903,2462.897,0.0734511920983,0.100355969333,0.0968715903048,0.0,0.0,0.0
MBP1,SMY2085,12/10/2015,P,ZEV,30.0,CLB3,2244.825,1878.8025,-0.118921176387,-0.113756701287,0.13749473847,-0.0,0.0,0.0
MBP1,SMY2085,12/10/2015,P,ZEV,45.0,CLB3,2240.1795,1972.296,-0.0506980126207,-0.0464879216592,0.12726816047,-0.0,0.0,0.0
MBP1,SMY2085,12/10/2015,P,ZEV,90.0,CLB3,2212.267,2133.8475,0.0975814208788,0.0899488950852,0.13220454124,0.0,0.0,0.0
MBP1,SMY2085,12/10/2015,P,ZEV,0.0,CLB5,1492.12,739.89905,0.0,0.0,0.127833498907,0.0,0.0,0.0
MBP1,SMY2085,12/10/2015,P,ZEV,5.0,CLB5,1595.5435,868.9154,0.152613476732,0.24538925803,0.137545122251,0.24538925803,0.245389258029,0.0179029009688713
MBP1,SMY2085,12/10/2015,P,ZEV,30.0,CLB5,1395.3195,1155.138,0.753838056454,0.739559699187,0.168639730651,0.739559699187,0.739559699187,0.739521352238792
MBP1,SMY2085,12/10/2015,P,ZEV,45.0,CLB5,1419.878,1608.9585,1.20698135159,1.17674006871,0.160411160199,1.17674006871,1.17674006871,1.1767400554822671
MBP1,SMY2085,12/10/2015,P,ZEV,90.0,CLB5,1413.323,1653.617,1.26154936891,1.26514561899,0.16435509232,1.26514561899,1.26514561899,1.265145612172882
MBP1,SMY2085,12/10/2015,P,ZEV,0.0,CLB6,467.158,179.7432,0.0,0.0,0.152662031968,0.0,0.0,0.0
MBP1,SMY2085,12/10/2015,P,ZEV,5.0,CLB6,418.64655,175.07485,0.110403793446,0.122575501044,0.157233068374,0.122575501044,0.122575501044,0.0
MBP1,SMY2085,12/10/2015,P,ZEV,30.0,CLB6,350.4604,352.26655,1.36534456543,1.27752381387,0.185048469026,1.27752381387,1.27752381387,1.2775237721032928
MBP1,SMY2085,12/10/2015,P,ZEV,45.0,CLB6,380.88215,340.26515,1.19710455405,1.10354369582,0.177581861267,1.10354369582,1.10354369582,1.1035436834150674
MBP1,SMY2085,12/10/2015,P,ZEV,90.0,CLB6,364.22945,341.42255,1.2902297038,1.27817036836,0.181152348884,1.27817036836,1.27817036836,1.2781703614726994
MBP1,SMY2085,12/10/2015,P,ZEV,0.0,CLN1,7016.4005,8036.395,0.0,0.0,0.162598350277,0.0,0.0,0.0
MBP1,SMY2085,12/10/2015,P,ZEV,5.0,CLN1,6833.243,7592.175,-0.0420494903512,-0.0653625943184,0.165325973096,-0.0,0.0,0.0
MBP1,SMY2085,12/10/2015,P,ZEV,30.0,CLN1,5890.2565,5033.429,-0.411931772631,-0.484040443741,0.191972329983,-0.0,0.0,0.0
MBP1,SMY2085,12/10/2015,P,ZEV,45.0,CLN1,6053.5165,6106.221,-0.174093776614,-0.177250221598,0.184785705728,-0.0,0.0,0.0
MBP1,SMY2085,12/10/2015,P,ZEV,90.0,CLN1,6068.731,5646.1635,-0.296014207563,-0.340837041214,0.188219587441,-0.0,0.0,0.0
MBP1,SMY2085,12/10/2015,P,ZEV,0.0,CLN2,901.6187,991.81315,0.0,0.0,0.134670106728,0.0,0.0,0.0
MBP1,SMY2085,12/10/2015,P,ZEV,5.0,CLN2,909.5939,918.42485,-0.111662554409,0.00579746706476,0.142878231924,0.0,0.0,0.0
MBP1,SMY2085,12/10/2015,P,ZEV,30.0,CLN2,798.46145,823.02095,-0.0745706533854,-0.103222801868,0.173017014356,-0.0,0.0,0.0
MBP1,SMY2085,12/10/2015,P,ZEV,45.0,CLN2,780.43665,781.5482,-0.114539617651,-0.117780588039,0.165006875066,-0.0,0.0,0.0
MBP1,SMY2085,12/10/2015,P,ZEV,90.0,CLN2,761.42325,613.7789,-0.453420110775,-0.349444205595,0.168843492247,-0.0,0.0,0.0
MBP1,SMY2085,12/10/2015,P,ZEV,0.0,CLN3,1048.5624,1825.839,0.0,0.0,0.178445054883,0.0,0.0,0.0
MBP1,SMY2085,12/10/2015,P,ZEV,5.0,CLN3,961.19115,1371.318,-0.274017967521,-0.337750877733,0.178427452474,-0.0,0.0,0.0
MBP1,SMY2085,12/10/2015,P,ZEV,30.0,CLN3,974.66375,1713.166,-0.0289740104651,0.00275274206515,0.203364337817,0.0,0.0,0.0
MBP1,SMY2085,12/10/2015,P,ZEV,45.0,CLN3,848.8543,1052.6555,-0.522139180494,-0.44458061146,0.196594596716,-0.0,0.0,0.0
MBP1,SMY2085,12/10/2015,P,ZEV,90.0,CLN3,815.75235,1049.952,-0.475107221443,-0.376518230355,0.19982565279,-0.0,0.0,0.0
MBP1,SMY2085,12/10/2015,P,ZEV,0.0,FKH1,878.3971,974.3294,0.0,0.0,0.116238764797,0.0,0.0,0.0
MBP1,SMY2085,12/10/2015,P,ZEV,5.0,FKH1,857.49795,886.61445,-0.0654627082426,-0.0492413538385,0.128687087493,-0.0,0.0,0.0
MBP1,SMY2085,12/10/2015,P,ZEV,30.0,FKH1,776.857,985.5103,0.222934225239,0.162290275657,0.161496329946,0.0,0.0,0.0
MBP1,SMY2085,12/10/2015,P,ZEV,45.0,FKH1,764.21485,825.25175,-0.0217362022199,-0.0806630022582,0.152883766793,-0.0,0.0,0.0
MBP1,SMY2085,12/10/2015,P,ZEV,90.0,FKH1,695.14095,751.67675,-0.0674795933036,-0.119247397072,0.157016885092,-0.0,0.0,0.0
MBP1,SMY2085,12/10/2015,P,ZEV,0.0,FKH2,722.76135,843.666,0.0,0.0,0.109990774675,0.0,0.0,0.0
MBP1,SMY2085,12/10/2015,P,ZEV,5.0,FKH2,691.78815,768.88735,-0.0526457585011,0.0309286996598,0.124026072048,0.0,0.0,0.0
MBP1,SMY2085,12/10/2015,P,ZEV,30.0,FKH2,650.59575,626.2481,-0.25374691513,-0.288585416896,0.157807365629,-0.0,0.0,0.0
MBP1,SMY2085,12/10/2015,P,ZEV,45.0,FKH2,667.09695,558.2678,-0.462710266123,-0.457992440046,0.148981697563,-0.0,0.0,0.0
MBP1,SMY2085,12/10/2015,P,ZEV,90.0,FKH2,621.15145,542.19285,-0.401989908416,-0.415782697557,0.153220110507,-0.0,0.0,0.0
MBP1,SMY2085,12/10/2015,P,ZEV,0.0,HCM1,1275.7475,1175.0005,0.0,0.0,0.136650100165,0.0,0.0,0.0
MBP1,SMY2085,12/10/2015,P,ZEV,5.0,HCM1,1205.2585,1367.025,0.289627173139,0.274751767534,0.144436373588,0.0,0.0,0.0
MBP1,SMY2085,12/10/2015,P,ZEV,30.0,HCM1,1105.56985,964.8932,-0.0861980753352,-0.104880845057,0.174305949738,-0.0,0.0,0.0
MBP1,SMY2085,12/10/2015,P,ZEV,45.0,HCM1,1082.6651,969.2064,-0.0600511938673,-0.0907172348394,0.166357884324,-0.0,0.0,0.0
MBP1,SMY2085,12/10/2015,P,ZEV,90.0,HCM1,1082.3695,782.34475,-0.377177253757,-0.414043618884,0.170164043593,-0.0,0.0,0.0
MBP1,SMY2085,12/10/2015,P,ZEV,0.0,MBP1,2089.067,14815.2,0.0,0.0,0.0906779477523,0.0,0.0,0.0
MBP1,SMY2085,12/10/2015,P,ZEV,5.0,MBP1,2013.201,12923.1935,1.07397958358,0.993470088091,0.110240190614,0.993470088091,0.993470088091,0.9934663796065442
MBP1,SMY2085,12/10/2015,P,ZEV,30.0,MBP1,1296.6945,40377.92,2.07909800971,2.09761173756,0.147219556192,2.09761173756,2.09761173756,2.097611668981759
MBP1,SMY2085,12/10/2015,P,ZEV,45.0,MBP1,1383.725,45236.525,2.14948111832,2.15580141005,0.137717026136,2.15580141005,2.15580141005,2.1558013858166403
MBP1,SMY2085,12/10/2015,P,ZEV,90.0,MBP1,1314.7085,47823.805,2.30286536401,2.31325582466,0.142291374802,2.31325582466,2.31325582466,2.313255812195239
MBP1,SMY2085,12/10/2015,P,ZEV,0.0,MCM1,1765.737,1718.6745,0.0,0.0,0.122569735252,0.0,0.0,0.0
MBP1,SMY2085,12/10/2015,P,ZEV,5.0,MCM1,1697.1665,1785.2,0.0391897926399,-0.0489266083003,0.133492600741,-0.0,0.0,0.0
MBP1,SMY2085,12/10/2015,P,ZEV,30.0,MCM1,1537.6655,1754.383,0.250630534735,0.225954376517,0.165351058513,0.0,0.0,0.0
MBP1,SMY2085,12/10/2015,P,ZEV,45.0,MCM1,1453.005,1413.2955,0.00309137310171,0.0216834587382,0.156950164427,0.0,0.0,0.0
MBP1,SMY2085,12/10/2015,P,ZEV,90.0,MCM1,1443.8295,1434.2,0.0326950446202,0.0536129300154,0.160978912187,0.0,0.0,0.0
MBP1,SMY2085,12/10/2015,P,ZEV,0.0,NDD1,1336.642,1919.7265,0.0,0.0,0.119336290356,0.0,0.0,0.0
MBP1,SMY2085,12/10/2015,P,ZEV,5.0,NDD1,1242.1075,1753.6075,-0.11438899951,-0.197946626676,0.131028430564,-0.0,0.0,0.0
MBP1,SMY2085,12/10/2015,P,ZEV,30.0,NDD1,1111.5167,1177.4045,-0.477634000618,-0.512101545141,0.163368135556,-0.0,0.0,0.0
MBP1,SMY2085,12/10/2015,P,ZEV,45.0,NDD1,1112.164,1162.543,-0.514508982332,-0.500519127826,0.154859708373,-0.0,0.0,0.0
MBP1,SMY2085,12/10/2015,P,ZEV,90.0,NDD1,1104.505,1225.776,-0.426579822639,-0.426725563711,0.158941452531,-0.0,0.0,0.0
MBP1,SMY2085,12/10/2015,P,ZEV,0.0,NRM1,1111.17,1266.8005,0.0,0.0,0.130877122453,0.0,0.0,0.0
MBP1,SMY2085,12/10/2015,P,ZEV,5.0,NRM1,1043.8798,1001.90445,-0.335462225887,-0.333516683049,0.139910121521,-0.0,0.0,0.0
MBP1,SMY2085,12/10/2015,P,ZEV,30.0,NRM1,875.3591,887.84035,-0.1910854599,-0.22121791504,0.170574148694,-0.0,0.0,0.0
MBP1,SMY2085,12/10/2015,P,ZEV,45.0,NRM1,904.48355,781.1831,-0.420403472631,-0.450710549814,0.162443595643,-0.0,0.0,0.0
MBP1,SMY2085,12/10/2015,P,ZEV,90.0,NRM1,898.57685,717.61385,-0.466448316331,-0.473147148492,0.166339345377,-0.0,0.0,0.0
MBP1,SMY2085,12/10/2015,P,ZEV,0.0,PLM2,272.0738,637.427,0.0,0.0,0.14923602336,0.0,0.0,0.0
MBP1,SMY2085,12/10/2015,P,ZEV,5.0,PLM2,277.34685,632.7229,-0.088664790763,-0.167839222668,0.154467849976,-0.167839222668,-0.167839222669,-0.0
MBP1,SMY2085,12/10/2015,P,ZEV,30.0,PLM2,269.2058,257.20805,-1.28531851103,-1.26818769828,0.182704720177,-1.26818769828,-1.26818769828,-1.2681876568185229
MBP1,SMY2085,12/10/2015,P,ZEV,45.0,PLM2,247.83045,244.6303,-1.24672081069,-1.28902625147,0.175138220665,-1.28902625147,-1.28902625147,-1.2890262369800582
MBP1,SMY2085,12/10/2015,P,ZEV,90.0,PLM2,263.1371,235.783,-1.38870467553,-1.3889076233,0.178757524017,-1.3889076233,-1.3889076233,-1.388907615816002
MBP1,SMY2085,12/10/2015,P,ZEV,0.0,STB1,372.25145,380.74495,0.0,0.0,0.138298054866,0.0,0.0,0.0
MBP1,SMY2085,12/10/2015,P,ZEV,5.0,STB1,403.7875,393.9696,-0.0410305810573,0.0195605872993,0.14573761046,0.0,0.0,0.0
MBP1,SMY2085,12/10/2015,P,ZEV,30.0,STB1,378.5848,362.0172,-0.0777598412363,-0.0438484526893,0.1753857155,-0.0,0.0,0.0
MBP1,SMY2085,12/10/2015,P,ZEV,45.0,STB1,356.912,337.75925,-0.0965100426264,-0.0880847748722,0.167488897435,-0.0,0.0,0.0
MBP1,SMY2085,12/10/2015,P,ZEV,90.0,STB1,356.8918,348.88755,-0.0598616071921,-0.0144200775309,0.17126992386,-0.0,0.0,0.0
MBP1,SMY2085,12/10/2015,P,ZEV,0.0,SWI4,711.70375,744.67985,0.0,0.0,0.103721921536,0.0,0.0,0.0
MBP1,SMY2085,12/10/2015,P,ZEV,5.0,SWI4,715.0924,802.19805,0.0712654899434,0.00955135538705,0.119440453611,0.00955135538705,0.00955135538705,0.0
MBP1,SMY2085,12/10/2015,P,ZEV,30.0,SWI4,676.1742,840.412,0.247292228495,0.201683822374,0.154229439659,0.201683822374,0.201683822374,0.130059829355357
MBP1,SMY2085,12/10/2015,P,ZEV,45.0,SWI4,641.6002,1032.2044,0.620793704254,0.587983121984,0.145186437453,0.587983121984,0.587983121985,0.5879366890669091
MBP1,SMY2085,12/10/2015,P,ZEV,90.0,SWI4,673.2532,1189.037,0.75071768023,0.715143518191,0.149532463617,0.715143518191,0.715143518191,0.71514179507182
MBP1,SMY2085,12/10/2015,P,ZEV,0.0,SWI5,1599.7795,843.17755,0.0,0.0,0.0932792030842,0.0,0.0,0.0
MBP1,SMY2085,12/10/2015,P,ZEV,5.0,SWI5,1615.6235,858.16515,0.0810937175999,0.0237974568819,0.112034217509,0.0,0.0,0.0
MBP1,SMY2085,12/10/2015,P,ZEV,30.0,SWI5,1398.412,769.897,0.0996877935338,0.0544732087175,0.148567708442,0.0,0.0,0.0
MBP1,SMY2085,12/10/2015,P,ZEV,45.0,SWI5,1405.838,895.0854,0.313006742884,0.268901952283,0.139157269139,0.0,0.0,0.0
MBP1,SMY2085,12/10/2015,P,ZEV,90.0,SWI5,1361.7785,829.27145,0.271226799767,0.205361739709,0.143685773858,0.0,0.0,0.0
MBP1,SMY2085,12/10/2015,P,ZEV,0.0,SWI6,793.41305,1394.143,0.0,0.0,0.108397013727,0.0,0.0,0.0
MBP1,SMY2085,12/10/2015,P,ZEV,5.0,SWI6,771.91505,1364.927,0.0328515681476,-0.0734887480033,0.122851203794,-0.0734887480033,-0.0734887480033,-0.0
MBP1,SMY2085,12/10/2015,P,ZEV,30.0,SWI6,779.52325,855.0158,-0.64388933499,-0.659314652083,0.15688567931,-0.659314652083,-0.659314652083,-0.6592473506557941
MBP1,SMY2085,12/10/2015,P,ZEV,45.0,SWI6,723.5937,871.78385,-0.514974977752,-0.512120592087,0.148005060504,-0.512120592087,-0.512120592088,-0.5116747775054171
MBP1,SMY2085,12/10/2015,P,ZEV,90.0,SWI6,739.2496,961.6704,-0.431449813185,-0.434782475522,0.152270660306,-0.434782475522,-0.434782475523,-0.4313070871438874
MBP1,SMY2085,12/10/2015,P,ZEV,0.0,TOS4,2746.291,2057.194,0.0,0.0,0.0918693694751,0.0,0.0,0.0
MBP1,SMY2085,12/10/2015,P,ZEV,5.0,TOS4,2767.3555,2586.4355,0.301124131399,0.344060368158,0.111059182388,0.0,0.0,0.0
MBP1,SMY2085,12/10/2015,P,ZEV,30.0,TOS4,2435.7585,2041.8185,0.162577649641,0.14610269262,0.147833825938,0.0,0.0,0.0
MBP1,SMY2085,12/10/2015,P,ZEV,45.0,TOS4,2394.1865,2429.4715,0.436487425523,0.370165793891,0.138373486094,0.0,0.0,0.0
MBP1,SMY2085,12/10/2015,P,ZEV,90.0,TOS4,2524.8345,2507.6595,0.405062247969,0.417945982855,0.142926826415,0.0,0.0,0.0
MBP1,SMY2085,12/10/2015,P,ZEV,0.0,WHI5,76.813735,66.76858,0.0,0.0,0.268002273752,0.0,0.0,0.0
MBP1,SMY2085,12/10/2015,P,ZEV,5.0,WHI5,83.57262,77.08804,0.160040398256,0.1090213634,0.255255114345,0.0,0.0,0.0
MBP1,SMY2085,12/10/2015,P,ZEV,30.0,WHI5,291.3957,267.0583,0.0925789031413,0.188250369606,0.273268863024,0.0,0.0,0.0
MBP1,SMY2085,12/10/2015,P,ZEV,45.0,WHI5,72.03105,39.24941,-0.673413548068,-0.65438066544,0.268268993849,-0.0,0.0,0.0
MBP1,SMY2085,12/10/2015,P,ZEV,90.0,WHI5,71.676825,38.650255,-0.71705500052,-0.713198903799,0.270645726211,-0.0,0.0,0.0
MBP1,SMY2085,12/10/2015,P,ZEV,0.0,YHP1,1596.69,1359.179,0.0,0.0,0.130670172301,0.0,0.0,0.0
MBP1,SMY2085,12/10/2015,P,ZEV,5.0,YHP1,1582.8405,1545.479,0.191946411806,0.189909666146,0.139748832054,0.0,0.0,0.0
MBP1,SMY2085,12/10/2015,P,ZEV,30.0,YHP1,1417.4915,1265.771,0.072281461997,0.0,0.170441879124,0.0,0.0,0.0
MBP1,SMY2085,12/10/2015,P,ZEV,45.0,YHP1,1417.2185,1458.5905,0.277034870761,0.208471071874,0.162304700246,0.0,0.0,0.0
MBP1,SMY2085,12/10/2015,P,ZEV,90.0,YHP1,1407.1425,1281.458,0.121231589283,0.0254612598792,0.166203705666,0.0,0.0,0.0
MBP1,SMY2085,12/10/2015,P,ZEV,0.0,YOX1,2943.701,1788.1265,0.0,0.0,0.147233191494,0.0,0.0,0.0
MBP1,SMY2085,12/10/2015,P,ZEV,5.0,YOX1,2913.377,1914.5675,0.12076060666,0.334490192732,0.152857782544,0.0,0.0,0.0
MBP1,SMY2085,12/10/2015,P,ZEV,30.0,YOX1,2576.6065,2157.493,0.458293153967,0.405605750203,0.181345525952,0.0,0.0,0.0
MBP1,SMY2085,12/10/2015,P,ZEV,45.0,YOX1,2542.9885,2467.6595,0.671565889024,0.653896577845,0.173719835785,0.0,0.0,0.0
MBP1,SMY2085,12/10/2015,P,ZEV,90.0,YOX1,2542.6285,2141.8555,0.453707372127,0.490712564195,0.177368084504,0.0,0.0,0.0
NRM1,SMY2203,08/01/2016,P,ZEV,0.0,ACE2,1586.616,1621.6355,0.0,0.0,0.129406918687,0.0,0.0,0.0
NRM1,SMY2203,08/01/2016,P,ZEV,5.0,ACE2,1312.62465,1162.4455,-0.159277685811,-0.235978621823,0.13782403199,-0.0,0.0,0.0
NRM1,SMY2203,08/01/2016,P,ZEV,10.0,ACE2,1362.316,1357.2265,-0.0383594210752,-0.115329926677,0.127727884526,-0.0,0.0,0.0
NRM1,SMY2203,08/01/2016,P,ZEV,15.0,ACE2,1402.392,1620.4325,0.175606462654,0.111838834764,0.125230707461,0.0,0.0,0.0
NRM1,SMY2203,08/01/2016,P,ZEV,20.0,ACE2,1319.77105,1430.361,0.0728987673113,0.0319931018976,0.125364557895,0.0,0.0,0.0
NRM1,SMY2203,08/01/2016,P,ZEV,30.0,ACE2,1243.9925,1263.7625,-0.0114054972617,-0.0244796347709,0.12942639795,-0.0,0.0,0.0
NRM1,SMY2203,08/01/2016,P,ZEV,45.0,ACE2,920.4524,819.8212,-0.2006072941,-0.224015052621,0.137261680768,-0.0,0.0,0.0
NRM1,SMY2203,08/01/2016,P,ZEV,90.0,ACE2,1238.726,1169.585,-0.118870902269,-0.131049483668,0.12807041768,-0.0,0.0,0.0
NRM1,SMY2203,08/01/2016,P,ZEV,0.0,CDC20,458.45815,475.91525,0.0,0.0,0.113114244853,0.0,0.0,0.0
NRM1,SMY2203,08/01/2016,P,ZEV,5.0,CDC20,510.44235,574.4167,0.116255881792,0.164159236623,0.125310409044,0.0,0.0,0.0
NRM1,SMY2203,08/01/2016,P,ZEV,10.0,CDC20,553.55525,509.64955,-0.1640028569,-0.131461226606,0.114112432741,-0.0,0.0,0.0
NRM1,SMY2203,08/01/2016,P,ZEV,15.0,CDC20,591.9044,608.02965,-0.00593851750499,0.0502503375642,0.11131021926,0.0,0.0,0.0
NRM1,SMY2203,08/01/2016,P,ZEV,20.0,CDC20,460.70865,492.2342,0.0302487896004,0.118656231905,0.11146078771,0.0,0.0,0.0
NRM1,SMY2203,08/01/2016,P,ZEV,30.0,CDC20,221.35575,217.4859,-0.0691268542994,-0.0243887460925,0.116010462058,-0.0,0.0,0.0
NRM1,SMY2203,08/01/2016,P,ZEV,45.0,CDC20,398.75055,405.45355,-0.00892125785754,0.0642984736539,0.124691634956,0.0,0.0,0.0
NRM1,SMY2203,08/01/2016,P,ZEV,90.0,CDC20,510.9287,491.0423,-0.103958439325,-0.00537267903404,0.114495706056,-0.0,0.0,0.0
NRM1,SMY2203,08/01/2016,P,ZEV,0.0,CDH1,1416.341,1472.379,0.0,0.0,0.0788994464146,0.0,0.0,0.0
NRM1,SMY2203,08/01/2016,P,ZEV,5.0,CDH1,1301.2595,1321.548,-0.031548339681,-0.0891484105396,0.101133280845,-0.0,0.0,0.0
NRM1,SMY2203,08/01/2016,P,ZEV,10.0,CDH1,1140.5875,1297.808,0.136584547669,0.101128904639,0.0868728334165,0.0,0.0,0.0
NRM1,SMY2203,08/01/2016,P,ZEV,15.0,CDH1,1114.645,1257.761,0.119305427363,0.0880532504982,0.0831577223805,0.0,0.0,0.0
NRM1,SMY2203,08/01/2016,P,ZEV,20.0,CDH1,955.2606,1078.3607,0.12114843612,0.0985296492806,0.0833591571259,0.0,0.0,0.0
NRM1,SMY2203,08/01/2016,P,ZEV,30.0,CDH1,927.1262,1061.80625,0.153961126381,0.133901729117,0.0893513804417,0.0,0.0,0.0
NRM1,SMY2203,08/01/2016,P,ZEV,45.0,CDH1,818.46305,975.18025,0.20191950113,0.190442721262,0.100365560367,0.0,0.0,0.0
NRM1,SMY2203,08/01/2016,P,ZEV,90.0,CDH1,998.32975,1155.042,0.154265378386,0.170952158559,0.0873756750192,0.0,0.0,0.0
NRM1,SMY2203,08/01/2016,P,ZEV,0.0,CLB2,1040.9918,1192.3799,0.0,0.0,0.137887672,0.0,0.0,0.0
NRM1,SMY2203,08/01/2016,P,ZEV,5.0,CLB2,1351.653,1461.935,-0.0760410183934,-0.128973646755,0.144514751377,-0.0,0.0,0.0
NRM1,SMY2203,08/01/2016,P,ZEV,10.0,CLB2,1224.277,1387.721,-0.0104661297151,-0.0815524086285,0.134920206258,-0.0,0.0,0.0
NRM1,SMY2203,08/01/2016,P,ZEV,15.0,CLB2,1224.83,1195.3815,-0.226874977665,-0.262685254663,0.132558589546,-0.0,0.0,0.0
NRM1,SMY2203,08/01/2016,P,ZEV,20.0,CLB2,994.75545,992.7824,-0.199836465841,-0.21079354152,0.132685047943,-0.0,0.0,0.0
NRM1,SMY2203,08/01/2016,P,ZEV,30.0,CLB2,1267.7915,1336.838,-0.11696531127,-0.118048290834,0.136529271798,-0.0,0.0,0.0
NRM1,SMY2203,08/01/2016,P,ZEV,45.0,CLB2,896.32645,857.74195,-0.255471415142,-0.259715754457,0.143978535131,-0.0,0.0,0.0
NRM1,SMY2203,08/01/2016,P,ZEV,90.0,CLB2,1170.486,1028.84615,-0.376384244821,-0.346599890661,0.13524452468,-0.0,0.0,0.0
NRM1,SMY2203,08/01/2016,P,ZEV,0.0,CLB3,2839.0585,3063.5205,0.0,0.0,0.069999547616,0.0,0.0,0.0
NRM1,SMY2203,08/01/2016,P,ZEV,5.0,CLB3,2577.9665,2751.5435,-0.0245167966559,0.00238798057889,0.0955176363094,0.0,0.0,0.0
NRM1,SMY2203,08/01/2016,P,ZEV,10.0,CLB3,2447.211,2546.288,-0.0530753221269,-0.0240209969433,0.0802656061923,-0.0,0.0,0.0
NRM1,SMY2203,08/01/2016,P,ZEV,15.0,CLB3,2361.7385,2335.855,-0.126559722113,-0.106396523148,0.0762291620255,-0.0,0.0,0.0
NRM1,SMY2203,08/01/2016,P,ZEV,20.0,CLB3,2042.9825,1916.4075,-0.175156739772,-0.164748967233,0.076448854984,-0.0,0.0,0.0
NRM1,SMY2203,08/01/2016,P,ZEV,30.0,CLB3,2141.9345,1987.629,-0.219626526545,-0.214462051445,0.0829418322587,-0.0,0.0,0.0
NRM1,SMY2203,08/01/2016,P,ZEV,45.0,CLB3,1620.282,1442.488,-0.279329187402,-0.275119096442,0.09470440359,-0.0,0.0,0.0
NRM1,SMY2203,08/01/2016,P,ZEV,90.0,CLB3,2250.3685,2014.5645,-0.26919828108,-0.276830806873,0.0808095720609,-0.0,0.0,0.0
NRM1,SMY2203,08/01/2016,P,ZEV,0.0,CLB5,901.91475,857.54775,0.0,0.0,0.127833498907,0.0,0.0,0.0
NRM1,SMY2203,08/01/2016,P,ZEV,5.0,CLB5,1539.4355,1425.0245,-0.0480660371345,0.0447097441629,0.136594928504,0.0447097441629,0.044709744163,0.0
NRM1,SMY2203,08/01/2016,P,ZEV,10.0,CLB5,1383.7065,1152.1745,-0.197327042586,-0.128985052484,0.126400645506,-0.128985052484,-0.128985052484,-0.001533372419195
NRM1,SMY2203,08/01/2016,P,ZEV,15.0,CLB5,1345.226,898.62345,-0.513824888557,-0.482140856461,0.123876716093,-0.482140856461,-0.482140856462,-0.480679316591337
NRM1,SMY2203,08/01/2016,P,ZEV,20.0,CLB5,664.84405,379.62545,-0.739566008179,-0.72353892853,0.124012027946,-0.72353892853,-0.72353892853,-0.7235388392633797
NRM1,SMY2203,08/01/2016,P,ZEV,30.0,CLB5,1477.978,975.26395,-0.532979275522,-0.54725763279,0.128116756068,-0.54725763279,-0.547257632789,-0.5472144105134976
NRM1,SMY2203,08/01/2016,P,ZEV,45.0,CLB5,1033.00045,738.66115,-0.418176165997,-0.448417448877,0.13602749614,-0.448417448877,-0.448417448877,-0.4477196364565732
NRM1,SMY2203,08/01/2016,P,ZEV,90.0,CLB5,1233.481,889.8176,-0.40250506384,-0.398908813754,0.126746765574,-0.398908813754,-0.398908813753,-0.3976828560669707
NRM1,SMY2203,08/01/2016,P,ZEV,0.0,CLB6,399.19845,436.338,0.0,0.0,0.152662031968,0.0,0.0,0.0
NRM1,SMY2203,08/01/2016,P,ZEV,5.0,CLB6,350.88965,344.0057,-0.157902824866,-0.145731117266,0.156402530759,-0.145731117266,-0.145731117266,-0.0
NRM1,SMY2203,08/01/2016,P,ZEV,10.0,CLB6,306.50245,253.1529,-0.404806219058,-0.356088534136,0.147582859165,-0.356088534136,-0.356088534136,-0.2254351855300721
NRM1,SMY2203,08/01/2016,P,ZEV,15.0,CLB6,290.9177,176.5266,-0.848394040804,-0.840309065811,0.145427019239,-0.840309065811,-0.840309065812,-0.8403087357684345
NRM1,SMY2203,08/01/2016,P,ZEV,20.0,CLB6,348.5761,152.65415,-1.31998383638,-1.35316375615,0.14554229698,-1.35316375615,-1.35316375615,-1.3531635892034124
NRM1,SMY2203,08/01/2016,P,ZEV,30.0,CLB6,191.40829,92.853375,-1.11333744914,-1.2011582007,0.149055292829,-1.2011582007,-1.2011582007,-1.201158161429951
NRM1,SMY2203,08/01/2016,P,ZEV,45.0,CLB6,189.80015,122.805415,-0.772577214687,-0.866138072913,0.155907205867,-0.866138072913,-0.866138072913,-0.8661380417902245
NRM1,SMY2203,08/01/2016,P,ZEV,90.0,CLB6,297.2722,152.32305,-1.09469236149,-1.10675169693,0.147879409379,-1.10675169693,-1.10675169693,-1.1067516909663726
NRM1,SMY2203,08/01/2016,P,ZEV,0.0,CLN1,6935.589,6768.618,0.0,0.0,0.162598350277,0.0,0.0,0.0
NRM1,SMY2203,08/01/2016,P,ZEV,5.0,CLN1,5328.4145,4730.8405,-0.136632296923,-0.159945400891,0.164536291493,-0.0,0.0,0.0
NRM1,SMY2203,08/01/2016,P,ZEV,10.0,CLN1,5276.148,5260.0685,0.0309384402195,0.0402109293831,0.156176630485,0.0,0.0,0.0
NRM1,SMY2203,08/01/2016,P,ZEV,15.0,CLN1,5355.908,5202.6445,-0.00671487623887,-0.00974832866769,0.154141031251,-0.0,0.0,0.0
NRM1,SMY2203,08/01/2016,P,ZEV,20.0,CLN1,5704.7685,5153.5115,-0.111454331468,-0.0902475931153,0.15424979676,-0.0,0.0,0.0
NRM1,SMY2203,08/01/2016,P,ZEV,30.0,CLN1,2877.573,2583.0925,-0.119994363727,-0.192103034837,0.157568778349,-0.0,0.0,0.0
NRM1,SMY2203,08/01/2016,P,ZEV,45.0,CLN1,3377.5065,3165.0695,-0.0575172933489,-0.0606737383323,0.164065524811,-0.0,0.0,0.0
NRM1,SMY2203,08/01/2016,P,ZEV,90.0,CLN1,4648.1495,3861.753,-0.232263488141,-0.277086321791,0.156456892814,-0.0,0.0,0.0
NRM1,SMY2203,08/01/2016,P,ZEV,0.0,CLN2,484.8437,558.47715,0.0,0.0,0.134670106728,0.0,0.0,0.0
NRM1,SMY2203,08/01/2016,P,ZEV,5.0,CLN2,367.71165,399.5923,-0.0706796927008,0.0467803287735,0.141963738313,0.0,0.0,0.0
NRM1,SMY2203,08/01/2016,P,ZEV,10.0,CLN2,643.37565,694.62535,-0.0982231059893,-0.0558769685731,0.13218415823,-0.0,0.0,0.0
NRM1,SMY2203,08/01/2016,P,ZEV,15.0,CLN2,670.2465,715.00735,-0.117547047034,-0.110409032875,0.129772760211,-0.0,0.0,0.0
NRM1,SMY2203,08/01/2016,P,ZEV,20.0,CLN2,577.33055,610.94905,-0.14127864633,-0.104847596122,0.129901930617,-0.0,0.0,0.0
NRM1,SMY2203,08/01/2016,P,ZEV,30.0,CLN2,449.32285,453.3342,-0.189984835879,-0.218636984363,0.133826124834,-0.0,0.0,0.0
NRM1,SMY2203,08/01/2016,P,ZEV,45.0,CLN2,836.454,818.4912,-0.245150268983,-0.248391239371,0.141417849683,-0.0,0.0,0.0
NRM1,SMY2203,08/01/2016,P,ZEV,90.0,CLN2,545.8597,537.71335,-0.230319393733,-0.126343488551,0.132515173042,-0.0,0.0,0.0
NRM1,SMY2203,08/01/2016,P,ZEV,0.0,CLN3,1256.5745,1409.6485,0.0,0.0,0.178445054883,0.0,0.0,0.0
NRM1,SMY2203,08/01/2016,P,ZEV,5.0,CLN3,1128.7075,1228.5095,-0.0430773342767,-0.106810244489,0.177696003428,-0.0,0.0,0.0
NRM1,SMY2203,08/01/2016,P,ZEV,10.0,CLN3,968.15785,1110.388,0.0316378390886,-0.0144429228546,0.169984759098,-0.0,0.0,0.0
NRM1,SMY2203,08/01/2016,P,ZEV,15.0,CLN3,924.6511,1134.358,0.12782609789,0.128185808853,0.168116435638,0.0,0.0,0.0
NRM1,SMY2203,08/01/2016,P,ZEV,20.0,CLN3,1081.8535,1293.2495,0.0928593436005,0.0933665795009,0.168216165147,0.0,0.0,0.0
NRM1,SMY2203,08/01/2016,P,ZEV,30.0,CLN3,880.56185,1005.12965,0.025376565931,0.0571033184613,0.171264702513,0.0,0.0,0.0
NRM1,SMY2203,08/01/2016,P,ZEV,45.0,CLN3,651.5,762.7544,0.0627770209701,0.140335590004,0.177260189687,0.0,0.0,0.0
NRM1,SMY2203,08/01/2016,P,ZEV,90.0,CLN3,906.1607,1131.0645,0.151990062102,0.250579053189,0.170242291236,0.0,0.0,0.0
NRM1,SMY2203,08/01/2016,P,ZEV,0.0,FKH1,768.7167,875.7896,0.0,0.0,0.116238764797,0.0,0.0,0.0
NRM1,SMY2203,08/01/2016,P,ZEV,5.0,FKH1,916.8392,877.66915,-0.251058522939,-0.234837168534,0.127670984665,-0.0,0.0,0.0
NRM1,SMY2203,08/01/2016,P,ZEV,10.0,FKH1,812.35765,776.13635,-0.253319768023,-0.242502672443,0.116699738717,-0.0,0.0,0.0
NRM1,SMY2203,08/01/2016,P,ZEV,15.0,FKH1,810.5838,827.8803,-0.157343781564,-0.169077234568,0.113961162781,-0.0,0.0,0.0
NRM1,SMY2203,08/01/2016,P,ZEV,20.0,FKH1,746.0091,776.98735,-0.135774951193,-0.169327319931,0.114108233304,-0.0,0.0,0.0
NRM1,SMY2203,08/01/2016,P,ZEV,30.0,FKH1,786.5667,752.2351,-0.255514465788,-0.316158415371,0.118556353764,-0.0,0.0,0.0
NRM1,SMY2203,08/01/2016,P,ZEV,45.0,FKH1,550.59955,481.32185,-0.38177314593,-0.440699945969,0.127063706615,-0.0,0.0,0.0
NRM1,SMY2203,08/01/2016,P,ZEV,90.0,FKH1,788.48655,701.48475,-0.353562086501,-0.40532989027,0.117074542134,-0.0,0.0,0.0
NRM1,SMY2203,08/01/2016,P,ZEV,0.0,FKH2,343.69555,343.4321,0.0,0.0,0.109990774675,0.0,0.0,0.0
NRM1,SMY2203,08/01/2016,P,ZEV,5.0,FKH2,687.8522,633.456,-0.137089551945,-0.053515093784,0.122971461671,-0.0,0.0,0.0
NRM1,SMY2203,08/01/2016,P,ZEV,10.0,FKH2,614.65585,549.67545,-0.178240047517,-0.145011882202,0.111538912837,-0.0,0.0,0.0
NRM1,SMY2203,08/01/2016,P,ZEV,15.0,FKH2,583.85885,611.0558,0.0486203157867,0.0473250259887,0.108670357883,0.0,0.0,0.0
NRM1,SMY2203,08/01/2016,P,ZEV,20.0,FKH2,223.8852,242.6457,0.0995705413691,0.0693497759118,0.108824578877,0.0,0.0,0.0
NRM1,SMY2203,08/01/2016,P,ZEV,30.0,FKH2,633.303,671.25585,0.0669106519971,0.0320721502316,0.113479994174,0.0,0.0,0.0
NRM1,SMY2203,08/01/2016,P,ZEV,45.0,FKH2,406.02675,390.3108,-0.0744128828604,-0.0696950567842,0.122340858256,-0.0,0.0,0.0
NRM1,SMY2203,08/01/2016,P,ZEV,90.0,FKH2,506.0518,502.33695,-0.0276011249066,-0.0413939140473,0.111930998727,-0.0,0.0,0.0
NRM1,SMY2203,08/01/2016,P,ZEV,0.0,HCM1,1028.1685,1219.1527,0.0,0.0,0.136650100165,0.0,0.0,0.0
NRM1,SMY2203,08/01/2016,P,ZEV,5.0,HCM1,1153.293,1252.3715,-0.123667682204,-0.13854308781,0.14353180781,-0.13854308781,-0.138543087811,-0.0
NRM1,SMY2203,08/01/2016,P,ZEV,10.0,HCM1,1053.04525,1012.72215,-0.292574363591,-0.287076721246,0.133866831383,-0.287076721246,-0.287076721247,-0.1434975488767688
NRM1,SMY2203,08/01/2016,P,ZEV,15.0,HCM1,964.3475,825.7379,-0.454720607135,-0.459499264918,0.131486296435,-0.459499264918,-0.459499264917,-0.453967041060788
NRM1,SMY2203,08/01/2016,P,ZEV,20.0,HCM1,806.1839,639.1104,-0.587330061874,-0.616104638982,0.131613785127,-0.616104638982,-0.616104638982,-0.6160731813686923
NRM1,SMY2203,08/01/2016,P,ZEV,30.0,HCM1,764.38735,602.21635,-0.5593345483,-0.578017318022,0.135488407422,-0.578017318022,-0.578017318022,-0.5779707482109218
NRM1,SMY2203,08/01/2016,P,ZEV,45.0,HCM1,722.5244,532.5557,-0.670508711967,-0.701174752938,0.142991905598,-0.701174752938,-0.701174752939,-0.701172758154795
NRM1,SMY2203,08/01/2016,P,ZEV,90.0,HCM1,893.82915,710.1361,-0.565111430533,-0.601977795659,0.134193695619,-0.601977795659,-0.60197779566,-0.6019730710406046
NRM1,SMY2203,08/01/2016,P,ZEV,0.0,MBP1,1017.11755,1012.4676,0.0,0.0,0.0906779477523,0.0,0.0,0.0
NRM1,SMY2203,08/01/2016,P,ZEV,5.0,MBP1,1400.479,1936.3605,0.476853828018,0.396344332527,0.109052342774,0.0,0.0,0.0
NRM1,SMY2203,08/01/2016,P,ZEV,10.0,MBP1,1932.624,2214.6205,0.204999502402,0.153237309241,0.0959758415219,0.0,0.0,0.0
NRM1,SMY2203,08/01/2016,P,ZEV,15.0,MBP1,1923.2785,2120.4275,0.149027075715,0.110254288074,0.0926265607779,0.0,0.0,0.0
NRM1,SMY2203,08/01/2016,P,ZEV,20.0,MBP1,691.01485,748.0601,0.102477136368,0.125864799155,0.0928074460741,0.0,0.0,0.0
NRM1,SMY2203,08/01/2016,P,ZEV,30.0,MBP1,421.727,459.2916,0.131610273042,0.150124000895,0.0982249568943,0.0,0.0,0.0
NRM1,SMY2203,08/01/2016,P,ZEV,45.0,MBP1,1264.139,1288.536,0.0363973236191,0.0427176153481,0.108340752618,0.0,0.0,0.0
NRM1,SMY2203,08/01/2016,P,ZEV,90.0,MBP1,1652.962,1659.1035,0.0134604747104,0.0238509353744,0.0964312270746,0.0,0.0,0.0
NRM1,SMY2203,08/01/2016,P,ZEV,0.0,MCM1,1711.802,1860.375,0.0,0.0,0.122569735252,0.0,0.0,0.0
NRM1,SMY2203,08/01/2016,P,ZEV,5.0,MCM1,1568.3075,1726.0225,0.0107793133146,-0.0773370876256,0.132513351367,-0.0,0.0,0.0
NRM1,SMY2203,08/01/2016,P,ZEV,10.0,MCM1,1461.208,1440.168,-0.146779062842,-0.181194357481,0.121978428346,-0.0,0.0,0.0
NRM1,SMY2203,08/01/2016,P,ZEV,15.0,MCM1,1423.5515,1493.649,-0.0619919104411,-0.0918770053647,0.11936102625,-0.0,0.0,0.0
NRM1,SMY2203,08/01/2016,P,ZEV,20.0,MCM1,1631.2535,1583.2535,-0.173950727719,-0.174487301842,0.119501451342,-0.0,0.0,0.0
NRM1,SMY2203,08/01/2016,P,ZEV,30.0,MCM1,1348.332,1380.2291,-0.119490950021,-0.144167108239,0.123755876559,-0.0,0.0,0.0
NRM1,SMY2203,08/01/2016,P,ZEV,45.0,MCM1,982.1119,972.1955,-0.144913179697,-0.126321094061,0.131928365046,-0.0,0.0,0.0
NRM1,SMY2203,08/01/2016,P,ZEV,90.0,MCM1,1308.1005,1465.678,0.0299163038827,0.0508341892778999,0.122337060538,0.0,0.0,0.0
NRM1,SMY2203,08/01/2016,P,ZEV,0.0,NDD1,1251.1745,1372.9955,0.0,0.0,0.119336290356,0.0,0.0,0.0
NRM1,SMY2203,08/01/2016,P,ZEV,5.0,NDD1,932.1699,1017.583,0.0105179150808,-0.0730397120855,0.130030625062,-0.0,0.0,0.0
NRM1,SMY2203,08/01/2016,P,ZEV,10.0,NDD1,1155.7975,1166.1605,-0.124499465582,-0.19375346931,0.11927662028,-0.0,0.0,0.0
NRM1,SMY2203,08/01/2016,P,ZEV,15.0,NDD1,1087.86075,1101.3725,-0.116402484421,-0.164577730056,0.116598583829,-0.0,0.0,0.0
NRM1,SMY2203,08/01/2016,P,ZEV,20.0,NDD1,743.698,687.01715,-0.233231804455,-0.234161534244,0.116742331809,-0.0,0.0,0.0
NRM1,SMY2203,08/01/2016,P,ZEV,30.0,NDD1,509.4133,448.65835,-0.282488311032,-0.316955855554,0.121093732895,-0.0,0.0,0.0
NRM1,SMY2203,08/01/2016,P,ZEV,45.0,NDD1,734.5981,612.63965,-0.40233995087,-0.388350096364,0.129434418403,-0.0,0.0,0.0
NRM1,SMY2203,08/01/2016,P,ZEV,90.0,NDD1,932.77985,849.87015,-0.277913117182,-0.278058858252,0.119643351443,-0.0,0.0,0.0
NRM1,SMY2203,08/01/2016,P,ZEV,0.0,NRM1,985.21785,428.1891,0.0,0.0,0.130877122453,0.0,0.0,0.0
NRM1,SMY2203,08/01/2016,P,ZEV,5.0,NRM1,846.74125,8806.799,4.58125202573,4.58319756858,0.138976098456,4.58319756858,4.58319756857,4.583180460136496
NRM1,SMY2203,08/01/2016,P,ZEV,10.0,NRM1,766.17485,15639.97,5.55424051612,5.52557525844,0.128970169548,5.52557525844,5.52557525844,5.525566043478431
NRM1,SMY2203,08/01/2016,P,ZEV,15.0,NRM1,814.17305,16544.065,5.54651913122,5.53454079264,0.126497518707,5.53454079264,5.53454079263,5.534538618858882
NRM1,SMY2203,08/01/2016,P,ZEV,20.0,NRM1,889.3188,18535.675,5.58700440889,5.55439478561,0.126630030104,5.55439478561,5.55439478561,5.554394100336506
NRM1,SMY2203,08/01/2016,P,ZEV,30.0,NRM1,540.59735,11278.0935,5.60905368772,5.57892123258,0.130652533976,5.57892123258,5.57892123258,5.578921050185615
NRM1,SMY2203,08/01/2016,P,ZEV,45.0,NRM1,487.729,11022.545,5.7013437009,5.67103662371,0.138418427802,5.67103662371,5.67103662371,5.671036559961888
NRM1,SMY2203,08/01/2016,P,ZEV,90.0,NRM1,712.9204,14962.43,5.59159240609,5.58489357393,0.129309412003,5.58489357393,5.58489357393,5.584893543836326
NRM1,SMY2203,08/01/2016,P,ZEV,0.0,PLM2,235.3014,262.0863,0.0,0.0,0.14923602336,0.0,0.0,0.0
NRM1,SMY2203,08/01/2016,P,ZEV,5.0,PLM2,337.4496,461.0694,0.281943525589,0.202769093683,0.153622363327,0.202769093683,0.202769093683,0.0
NRM1,SMY2203,08/01/2016,P,ZEV,10.0,PLM2,315.42695,296.04905,-0.259721941919,-0.235160460815,0.144633257605,-0.235160460815,-0.235160460815,-0.0509894316502018
NRM1,SMY2203,08/01/2016,P,ZEV,15.0,PLM2,300.38655,182.29915,-0.886474039614,-0.832059631307,0.142432779974,-0.832059631307,-0.832059631306,-0.8320593045025194
NRM1,SMY2203,08/01/2016,P,ZEV,20.0,PLM2,182.6429,96.268855,-1.07255216849,-1.03172356386,0.142550479117,-1.03172356386,-1.03172356387,-1.031723436581098
NRM1,SMY2203,08/01/2016,P,ZEV,30.0,PLM2,297.73215,148.0847,-1.18158642922,-1.16445561647,0.146135413936,-1.16445561647,-1.16445561647,-1.1644555783998862
NRM1,SMY2203,08/01/2016,P,ZEV,45.0,PLM2,205.05925,111.5513,-1.04863453397,-1.09093997475,0.153118045074,-1.09093997475,-1.09093997475,-1.0909399624867455
NRM1,SMY2203,08/01/2016,P,ZEV,90.0,PLM2,284.9304,166.525,-0.943463570846,-0.94366651862,0.144935843064,-0.94366651862,-0.943666518619,-0.9436665135341418
NRM1,SMY2203,08/01/2016,P,ZEV,0.0,STB1,319.36465,358.1429,0.0,0.0,0.138298054866,0.0,0.0,0.0
NRM1,SMY2203,08/01/2016,P,ZEV,5.0,STB1,371.16115,350.31455,-0.230181527651,-0.169590359293,0.144841171428,-0.169590359293,-0.169590359293,-0.0
NRM1,SMY2203,08/01/2016,P,ZEV,10.0,STB1,341.16685,285.80665,-0.424220095359,-0.351987428485,0.135269780926,-0.351987428485,-0.351987428484,-0.2529052939179915
NRM1,SMY2203,08/01/2016,P,ZEV,15.0,STB1,353.2896,273.30185,-0.539536260068,-0.490854130761,0.132914375586,-0.490854130761,-0.490854130761,-0.4878079155190645
NRM1,SMY2203,08/01/2016,P,ZEV,20.0,STB1,344.6293,234.96315,-0.747614245959,-0.691706077611,0.1330404958,-0.691706077611,-0.691706077611,-0.6917031468517281
NRM1,SMY2203,08/01/2016,P,ZEV,30.0,STB1,245.1278,170.84035,-0.672432883471,-0.638521494925,0.136874737014,-0.638521494925,-0.638521494924,-0.6385100264760363
NRM1,SMY2203,08/01/2016,P,ZEV,45.0,STB1,252.8877,147.81935,-0.945411632383,-0.936986364629,0.144306168107,-0.936986364629,-0.93698636463,-0.936986354097338
NRM1,SMY2203,08/01/2016,P,ZEV,90.0,STB1,316.3289,268.70535,-0.400515410207,-0.355073880546,0.135593263221,-0.355073880546,-0.355073880546,-0.3493779574453894
NRM1,SMY2203,08/01/2016,P,ZEV,0.0,SWI4,446.05325,534.6654,0.0,0.0,0.103721921536,0.0,0.0,0.0
NRM1,SMY2203,08/01/2016,P,ZEV,5.0,SWI4,781.2899,1041.1175,0.159599923972,0.0978857894162,0.118344986361,0.0978857894162,0.0978857894162,0.0
NRM1,SMY2203,08/01/2016,P,ZEV,10.0,SWI4,680.24115,726.26615,-0.160713821907,-0.232208645271,0.106416561155,-0.232208645271,-0.23220864527,-0.1205876515936795
NRM1,SMY2203,08/01/2016,P,ZEV,15.0,SWI4,645.99835,511.61625,-0.591781870886,-0.6561069131,0.103406006082,-0.6561069131,-0.6561069131,-0.6561066554044999
NRM1,SMY2203,08/01/2016,P,ZEV,20.0,SWI4,287.6364,302.15265,-0.0968610705821,-0.12126612262,0.103568066406,-0.12126612262,-0.12126612262,-0.0532843241076958
NRM1,SMY2203,08/01/2016,P,ZEV,30.0,SWI4,498.3289,311.77155,-0.955137007524,-1.00074541365,0.10844936371,-1.00074541365,-1.00074541365,-1.0007453809321436
NRM1,SMY2203,08/01/2016,P,ZEV,45.0,SWI4,469.83075,308.266,-0.873689917669,-0.906500499939,0.117689596014,-0.906500499939,-0.906500499939,-0.9065004897490296
NRM1,SMY2203,08/01/2016,P,ZEV,90.0,SWI4,581.04105,418.0517,-0.733046266495,-0.768620428534,0.106827449128,-0.768620428534,-0.768620428533,-0.7686204243913612
NRM1,SMY2203,08/01/2016,P,ZEV,0.0,SWI5,681.38085,682.34645,0.0,0.0,0.0932792030842,0.0,0.0,0.0
NRM1,SMY2203,08/01/2016,P,ZEV,5.0,SWI5,978.73065,1053.90555,0.032030513589,-0.025265747129,0.110865593088,-0.0,0.0,0.0
NRM1,SMY2203,08/01/2016,P,ZEV,10.0,SWI5,1169.4675,1168.911,-0.00695832505352,-0.0784387890266,0.098031262473,-0.0,0.0,0.0
NRM1,SMY2203,08/01/2016,P,ZEV,15.0,SWI5,1110.7265,1191.363,0.0954588940189,0.0390410573725999,0.0947546623009,0.0,0.0,0.0
NRM1,SMY2203,08/01/2016,P,ZEV,20.0,SWI5,519.0721,552.42915,0.0928781185234,0.0514847797586,0.0949314927356,0.0,0.0,0.0
NRM1,SMY2203,08/01/2016,P,ZEV,30.0,SWI5,1100.49985,1141.7804,0.042731822286,-0.00248276253038,0.100234267709,-0.0,0.0,0.0
NRM1,SMY2203,08/01/2016,P,ZEV,45.0,SWI5,861.77635,814.21335,-0.0959674507906,-0.140072241391,0.110165715828,-0.0,0.0,0.0
NRM1,SMY2203,08/01/2016,P,ZEV,90.0,SWI5,1018.28385,840.88835,-0.28818714403,-0.354052204089,0.0984771436493,-0.0,0.0,0.0
NRM1,SMY2203,08/01/2016,P,ZEV,0.0,SWI6,778.86895,876.1101,0.0,0.0,0.108397013727,0.0,0.0,0.0
NRM1,SMY2203,08/01/2016,P,ZEV,5.0,SWI6,610.56075,792.85135,0.210887682858,0.104547366708,0.121786420062,0.0,0.0,0.0
NRM1,SMY2203,08/01/2016,P,ZEV,10.0,SWI6,656.24205,775.1273,0.0708664897083,-0.0172957071247,0.110231033756,-0.0,0.0,0.0
NRM1,SMY2203,08/01/2016,P,ZEV,15.0,SWI6,657.47715,736.28045,-0.00392576295217,-0.0571583748288,0.107327528662,-0.0,0.0,0.0
NRM1,SMY2203,08/01/2016,P,ZEV,20.0,SWI6,488.19825,535.58225,-0.0272205556513,-0.0272941662771,0.107483676406,-0.0,0.0,0.0
NRM1,SMY2203,08/01/2016,P,ZEV,30.0,SWI6,287.2568,290.249,-0.118689257813,-0.134114574906,0.112194744992,-0.0,0.0,0.0
NRM1,SMY2203,08/01/2016,P,ZEV,45.0,SWI6,437.0431,416.2599,-0.239393889367,-0.236539503702,0.121149648472,-0.0,0.0,0.0
NRM1,SMY2203,08/01/2016,P,ZEV,90.0,SWI6,549.67055,555.75045,-0.157649912689,-0.160982575028,0.110627755117,-0.0,0.0,0.0
NRM1,SMY2203,08/01/2016,P,ZEV,0.0,TOS4,2810.102,3161.0355,0.0,0.0,0.0918693694751,0.0,0.0,0.0
NRM1,SMY2203,08/01/2016,P,ZEV,5.0,TOS4,2924.318,3256.8115,-0.000183076426517,0.0427531603322,0.109880188526,0.0427531603322,0.0427531603322,0.0
NRM1,SMY2203,08/01/2016,P,ZEV,10.0,TOS4,2673.204,2408.3035,-0.308084733439,-0.175440306402,0.0969154503773,-0.175440306402,-0.175440306402,-0.0560875729260055
NRM1,SMY2203,08/01/2016,P,ZEV,15.0,TOS4,2627.034,1751.405,-0.742382957668,-0.613373764464,0.0935997976896,-0.613373764464,-0.613373764465,-0.6133735235535633
NRM1,SMY2203,08/01/2016,P,ZEV,20.0,TOS4,2632.397,1510.3845,-0.967892503268,-0.87604600306,0.0937788057761,-0.87604600306,-0.87604600306,-0.8760458949778184
NRM1,SMY2203,08/01/2016,P,ZEV,30.0,TOS4,2570.046,1576.128,-0.863761025841,-0.88023598286,0.0991432525332,-0.88023598286,-0.880235982861,-0.880235954083017
NRM1,SMY2203,08/01/2016,P,ZEV,45.0,TOS4,1925.2765,1128.8665,-0.926950880836,-0.99327251247,0.109173994357,-0.99327251247,-0.993272512469,-0.9932725013036257
NRM1,SMY2203,08/01/2016,P,ZEV,90.0,TOS4,2519.626,1453.7805,-0.947263027609,-0.934379292722,0.0973664414524,-0.934379292722,-0.934379292722,-0.9343792876871851
NRM1,SMY2203,08/01/2016,P,ZEV,0.0,WHI5,104.8039,131.23225,0.0,0.0,0.268002273752,0.0,0.0,0.0
NRM1,SMY2203,08/01/2016,P,ZEV,5.0,WHI5,173.10935,245.45445,0.179543063383,0.128524028526,0.254744356635,0.0,0.0,0.0
NRM1,SMY2203,08/01/2016,P,ZEV,10.0,WHI5,63.130655,71.56125,-0.144663588893,-0.168107719057,0.249426614315,-0.0,0.0,0.0
NRM1,SMY2203,08/01/2016,P,ZEV,15.0,WHI5,68.119735,75.23544,-0.173595315642,-0.16879642666,0.248157114616,-0.0,0.0,0.0
NRM1,SMY2203,08/01/2016,P,ZEV,20.0,WHI5,32.86345,29.25313,-0.490470473084,-0.370699639157,0.248224688175,-0.0,0.0,0.0
NRM1,SMY2203,08/01/2016,P,ZEV,30.0,WHI5,43.27595,47.430595,-0.184098266597,-0.0884268001334,0.250300651078,-0.0,0.0,0.0
NRM1,SMY2203,08/01/2016,P,ZEV,45.0,WHI5,38.262345,31.66406,-0.595617449168,-0.576584566539,0.254440547969,-0.0,0.0,0.0
NRM1,SMY2203,08/01/2016,P,ZEV,90.0,WHI5,67.39601,80.80142,-0.0619503534001,-0.0580942566792,0.249602194158,-0.0,0.0,0.0
NRM1,SMY2203,08/01/2016,P,ZEV,0.0,YHP1,828.23685,1003.25605,0.0,0.0,0.130670172301,0.0,0.0,0.0
NRM1,SMY2203,08/01/2016,P,ZEV,5.0,YHP1,1535.775,1752.4795,-0.0854277582534,-0.0874645039132,0.13881372374,-0.0874645039132,-0.0874645039132,-0.0
NRM1,SMY2203,08/01/2016,P,ZEV,10.0,YHP1,1359.709,1422.7905,-0.210295801828,-0.314986593951,0.128795180771,-0.314986593951,-0.314986593951,-0.2042823059635809
NRM1,SMY2203,08/01/2016,P,ZEV,15.0,YHP1,1288.09,1020.811,-0.611137839085,-0.723535838208,0.126319104634,-0.723535838208,-0.723535838208,-0.7235355496614982
NRM1,SMY2203,08/01/2016,P,ZEV,20.0,YHP1,672.2282,504.4133,-0.689272043047,-0.788183999137,0.126451802995,-0.788183999137,-0.788183999137,-0.7881839018947937
NRM1,SMY2203,08/01/2016,P,ZEV,30.0,YHP1,1427.062,1008.75835,-0.776074065732,-0.848355527729,0.130479801466,-0.848355527729,-0.848355527729,-0.8483554999933003
NRM1,SMY2203,08/01/2016,P,ZEV,45.0,YHP1,1017.5903,761.95325,-0.694336621953,-0.76290042084,0.138255398128,-0.76290042084,-0.76290042084,-0.7629003838869834
NRM1,SMY2203,08/01/2016,P,ZEV,90.0,YHP1,1148.9975,733.85465,-0.922603968879,-1.01837429828,0.129134882929,-1.01837429828,-1.01837429828,-1.0183742927925858
NRM1,SMY2203,08/01/2016,P,ZEV,0.0,YOX1,2651.487,2518.065,0.0,0.0,0.147233191494,0.0,0.0,0.0
NRM1,SMY2203,08/01/2016,P,ZEV,5.0,YOX1,2031.5375,1434.4495,-0.433101019998,-0.219371433926,0.152003340497,-0.219371433926,-0.219371433925,-0.0
NRM1,SMY2203,08/01/2016,P,ZEV,10.0,YOX1,2031.595,1540.757,-0.326303235724,-0.302084738786,0.142912435475,-0.302084738786,-0.302084738786,-0.1461486963602385
NRM1,SMY2203,08/01/2016,P,ZEV,15.0,YOX1,1919.3635,1317.4135,-0.471348350404,-0.479372705285,0.14068504476,-0.479372705285,-0.479372705286,-0.4718273608878571
NRM1,SMY2203,08/01/2016,P,ZEV,20.0,YOX1,2370.2235,1586.434,-0.503588457323,-0.529294760245,0.140804204854,-0.529294760245,-0.529294760245,-0.5284435209739812
NRM1,SMY2203,08/01/2016,P,ZEV,30.0,YOX1,1767.5455,1185.861,-0.530675611746,-0.58336301551,0.144432490162,-0.58336301551,-0.58336301551,-0.5832521241083128
NRM1,SMY2203,08/01/2016,P,ZEV,45.0,YOX1,1512.3545,927.4034,-0.644376827179,-0.662046138357,0.151493632656,-0.662046138357,-0.662046138357,-0.6620304179287597
NRM1,SMY2203,08/01/2016,P,ZEV,90.0,YOX1,1880.248,1259.396,-0.507667285487,-0.470662093419,0.14321865665,-0.470662093419,-0.47066209342,-0.4697846847794965
STB1,SMY2224,11/01/2016,P,ZEV,0.0,ACE2,1460.5473,1340.0601,0.0,0.0,0.129406918687,0.0,0.0,0.0
STB1,SMY2224,11/01/2016,P,ZEV,5.0,ACE2,1356.3805,1290.7726,0.0309257471349,-0.0457751888764,0.119602133398,-0.0,0.0,0.0
STB1,SMY2224,11/01/2016,P,ZEV,10.0,ACE2,1272.0945,1266.793,0.118064688605,0.0410941830032,0.119986147453,0.0,0.0,0.0
STB1,SMY2224,11/01/2016,P,ZEV,15.0,ACE2,1302.7945,1222.0815,0.0304118104427,-0.0333558174472,0.119973016053,-0.0,0.0,0.0
STB1,SMY2224,11/01/2016,P,ZEV,20.0,ACE2,1205.99965,1077.5131,-0.0484427448903,-0.089348410304,0.121053901166,-0.0,0.0,0.0
STB1,SMY2224,11/01/2016,P,ZEV,30.0,ACE2,995.01075,885.14765,-0.0461333081037,-0.059207445613,0.123153322156,-0.0,0.0,0.0
STB1,SMY2224,11/01/2016,P,ZEV,45.0,ACE2,1096.3965,1012.89055,0.00797434520174,-0.0154334133199,0.124537292889,-0.0,0.0,0.0
STB1,SMY2224,11/01/2016,P,ZEV,90.0,ACE2,935.9188,865.7688,0.0100395316552,-0.00213904974433,0.126078383038,-0.0,0.0,0.0
STB1,SMY2224,11/01/2016,P,ZEV,0.0,CDC20,545.60155,549.0271,0.0,0.0,0.113114244853,0.0,0.0,0.0
STB1,SMY2224,11/01/2016,P,ZEV,5.0,CDC20,388.9152,405.67135,0.0566730051683,0.10457636,0.104937624969,0.0,0.0,0.0
STB1,SMY2224,11/01/2016,P,ZEV,10.0,CDC20,545.4217,548.68425,0.0051506035116,0.0376922338057,0.105375093837,0.0,0.0,0.0
STB1,SMY2224,11/01/2016,P,ZEV,15.0,CDC20,594.96435,581.4726,-0.0316713210974,0.0245175339719,0.105360141427,0.0,0.0,0.0
STB1,SMY2224,11/01/2016,P,ZEV,20.0,CDC20,389.2317,392.67815,0.00309653105386,0.0915039733587,0.106589313761,0.0,0.0,0.0
STB1,SMY2224,11/01/2016,P,ZEV,30.0,CDC20,430.6741,419.3418,-0.0406782193032,0.00405988890376,0.108967773119,0.0,0.0,0.0
STB1,SMY2224,11/01/2016,P,ZEV,45.0,CDC20,408.4931,393.0626,-0.0568606004832,0.016359131028,0.110529508009,0.0,0.0,0.0
STB1,SMY2224,11/01/2016,P,ZEV,90.0,CDC20,403.29915,422.4995,0.0657322022872,0.164317962579,0.112263054876,0.0,0.0,0.0
STB1,SMY2224,11/01/2016,P,ZEV,0.0,CDH1,906.5986,905.90905,0.0,0.0,0.0788994464146,0.0,0.0,0.0
STB1,SMY2224,11/01/2016,P,ZEV,5.0,CDH1,1010.0932,1017.94945,0.0152435400136,-0.0423565308448,0.0744120085325,-0.0,0.0,0.0
STB1,SMY2224,11/01/2016,P,ZEV,10.0,CDH1,1060.2295,1082.414,0.0632511950394,0.0277955520095,0.0750276767666,0.0,0.0,0.0
STB1,SMY2224,11/01/2016,P,ZEV,15.0,CDH1,1073.37445,1069.57875,0.0313218029052,6.9626040373e-05,0.0750066749122,0.0,0.0,0.0
STB1,SMY2224,11/01/2016,P,ZEV,20.0,CDH1,880.32995,889.80685,0.036502741677,0.0138839548379,0.076723684009,0.0,0.0,0.0
STB1,SMY2224,11/01/2016,P,ZEV,30.0,CDH1,828.25825,791.97285,-0.029686627214,-0.049746024478,0.0799951089653,-0.0,0.0,0.0
STB1,SMY2224,11/01/2016,P,ZEV,45.0,CDH1,826.1911,779.436,-0.0516626727802,-0.0631394526469,0.0821097681191,-0.0,0.0,0.0
STB1,SMY2224,11/01/2016,P,ZEV,90.0,CDH1,871.2044,840.45315,-0.0201685885738,-0.00348180839929,0.0844288775824,-0.0,0.0,0.0
STB1,SMY2224,11/01/2016,P,ZEV,0.0,CLB2,953.78675,1344.30405,0.0,0.0,0.137887672,0.0,0.0,0.0
STB1,SMY2224,11/01/2016,P,ZEV,5.0,CLB2,1277.728,1889.7495,0.0862048667234,0.0332722383615,0.127254547599,0.0,0.0,0.0
STB1,SMY2224,11/01/2016,P,ZEV,10.0,CLB2,974.70565,1404.075,0.0463855322551,-0.0247007466583,0.127615536483,-0.0,0.0,0.0
STB1,SMY2224,11/01/2016,P,ZEV,15.0,CLB2,996.2013,1475.875,0.0863418191267,0.0505315421291,0.127603190212,0.0,0.0,0.0
STB1,SMY2224,11/01/2016,P,ZEV,20.0,CLB2,745.15515,1080.45745,0.0466650697318,0.0357079940532,0.128619969518,0.0,0.0,0.0
STB1,SMY2224,11/01/2016,P,ZEV,30.0,CLB2,775.09325,1104.6895,0.0307456822991,0.0296627027348,0.130597819006,0.0,0.0,0.0
STB1,SMY2224,11/01/2016,P,ZEV,45.0,CLB2,761.68665,1121.9265,0.0755379708395,0.0712936315239,0.1319037031,0.0,0.0,0.0
STB1,SMY2224,11/01/2016,P,ZEV,90.0,CLB2,753.8201,1103.5335,0.0689416963842,0.0987260505443,0.133359694963,0.0,0.0,0.0
STB1,SMY2224,11/01/2016,P,ZEV,0.0,CLB3,2512.739,2182.4555,0.0,0.0,0.069999547616,0.0,0.0,0.0
STB1,SMY2224,11/01/2016,P,ZEV,5.0,CLB3,2858.1075,2502.0585,0.00772838476024,0.034633161995,0.0665794665452,0.0,0.0,0.0
STB1,SMY2224,11/01/2016,P,ZEV,10.0,CLB3,2200.8085,1862.3995,-0.0422068487243,-0.0131525235408,0.0672668613257,-0.0,0.0,0.0
STB1,SMY2224,11/01/2016,P,ZEV,15.0,CLB3,2303.2785,1923.429,-0.0607981672222,-0.0406349682573,0.0672434356127,-0.0,0.0,0.0
STB1,SMY2224,11/01/2016,P,ZEV,20.0,CLB3,2299.896,1999.1525,0.00195129290004,0.0123590654385,0.0691534672992,0.0,0.0,0.0
STB1,SMY2224,11/01/2016,P,ZEV,30.0,CLB3,1765.0765,1547.284,0.00915710262584,0.0143215777261,0.0727660347277,0.0,0.0,0.0
STB1,SMY2224,11/01/2016,P,ZEV,45.0,CLB3,1632.7135,1430.6015,0.00885370404423,0.0130637950056,0.0750845681361,0.0,0.0,0.0
STB1,SMY2224,11/01/2016,P,ZEV,90.0,CLB3,1693.967,1325.2975,-0.155313843936,-0.162946369729,0.0776138758306,-0.0,0.0,0.0
STB1,SMY2224,11/01/2016,P,ZEV,0.0,CLB5,1113.73265,921.33385,0.0,0.0,0.127833498907,0.0,0.0,0.0
STB1,SMY2224,11/01/2016,P,ZEV,5.0,CLB5,1403.015,1079.10715,-0.103534033564,-0.0107582522666,0.118183674898,-0.0,0.0,0.0
STB1,SMY2224,11/01/2016,P,ZEV,10.0,CLB5,1383.452,1086.526,-0.0694710544602,-0.0011290643577,0.118572282931,-0.0,0.0,0.0
STB1,SMY2224,11/01/2016,P,ZEV,15.0,CLB5,1387.1435,1224.8945,0.0980362603524,0.129720292447,0.118558994934,0.0,0.0,0.0
STB1,SMY2224,11/01/2016,P,ZEV,20.0,CLB5,582.45825,550.69695,0.198329509965,0.214356589612,0.119652654322,0.0,0.0,0.0
STB1,SMY2224,11/01/2016,P,ZEV,30.0,CLB5,1117.6975,1072.7815,0.220711126236,0.206432768967,0.121776235189,0.0,0.0,0.0
STB1,SMY2224,11/01/2016,P,ZEV,45.0,CLB5,1067.3595,903.7867,0.0380632558074,0.00782197292683,0.123175679495,0.0,0.0,0.0
STB1,SMY2224,11/01/2016,P,ZEV,90.0,CLB5,1052.35235,804.52015,-0.111543078586,-0.107946828499,0.124733593584,-0.0,0.0,0.0
STB1,SMY2224,11/01/2016,P,ZEV,0.0,CLB6,433.9784,316.5596,0.0,0.0,0.152662031968,0.0,0.0,0.0
STB1,SMY2224,11/01/2016,P,ZEV,5.0,CLB6,377.6675,279.52665,0.016741087008,0.0289127946066,0.140609239196,0.0289127946066,0.0289127946066,0.0
STB1,SMY2224,11/01/2016,P,ZEV,10.0,CLB6,279.92435,233.64145,0.190667968665,0.239385653587,0.140936025964,0.239385653587,0.239385653587,0.0614543948916692
STB1,SMY2224,11/01/2016,P,ZEV,15.0,CLB6,309.76165,332.63115,0.560627997317,0.568712972308,0.140924846691,0.568712972308,0.568712972308,0.5676863361582525
STB1,SMY2224,11/01/2016,P,ZEV,20.0,CLB6,328.9497,386.893,0.686957579587,0.653777659821,0.141846166044,0.653777659821,0.653777659822,0.6537334267876213
STB1,SMY2224,11/01/2016,P,ZEV,30.0,CLB6,216.7626,221.89975,0.48408598681,0.396265235252,0.143642015413,0.396265235252,0.396265235252,0.3901068038936283
STB1,SMY2224,11/01/2016,P,ZEV,45.0,CLB6,231.42925,178.2425,0.0757315469461,-0.0178293112802,0.1448303323,-0.0178293112802,-0.0178293112802,-0.0
STB1,SMY2224,11/01/2016,P,ZEV,90.0,CLB6,221.27405,138.34905,-0.226720270291,-0.23877960573,0.146157608435,-0.23877960573,-0.23877960573,-0.1981267915318138
STB1,SMY2224,11/01/2016,P,ZEV,0.0,CLN1,6725.304,6675.3485,0.0,0.0,0.162598350277,0.0,0.0,0.0
STB1,SMY2224,11/01/2016,P,ZEV,5.0,CLN1,3697.014,3508.3795,-0.0645388771143,-0.0878519810817,0.149604136765,-0.0,0.0,0.0
STB1,SMY2224,11/01/2016,P,ZEV,10.0,CLN1,5162.267,5124.061,0.000195134354568,0.00946762351824,0.149911317133,0.0,0.0,0.0
STB1,SMY2224,11/01/2016,P,ZEV,15.0,CLN1,4849.2625,5551.1165,0.206353824425,0.203320371995,0.14990080722,0.0,0.0,0.0
STB1,SMY2224,11/01/2016,P,ZEV,20.0,CLN1,5403.6125,6814.713,0.345565313479,0.366772051831,0.150767285614,0.0,0.0,0.0
STB1,SMY2224,11/01/2016,P,ZEV,30.0,CLN1,3744.612,4616.042,0.312492083331,0.240383412222,0.15245808664,0.0,0.0,0.0
STB1,SMY2224,11/01/2016,P,ZEV,45.0,CLN1,3865.926,3970.646,0.0494169326033,0.0462604876198,0.153578204001,0.0,0.0,0.0
STB1,SMY2224,11/01/2016,P,ZEV,90.0,CLN1,3789.9465,3368.607,-0.159221124552,-0.204043958203,0.154830507632,-0.0,0.0,0.0
STB1,SMY2224,11/01/2016,P,ZEV,0.0,CLN2,273.0863,334.3685,0.0,0.0,0.134670106728,0.0,0.0,0.0
STB1,SMY2224,11/01/2016,P,ZEV,5.0,CLN2,268.2915,286.43535,-0.189587354224,-0.0721273327499,0.124349947789,-0.0,0.0,0.0
STB1,SMY2224,11/01/2016,P,ZEV,10.0,CLN2,573.51995,684.37885,-0.0323377636198,0.0100083737963,0.124719344058,0.0,0.0,0.0
STB1,SMY2224,11/01/2016,P,ZEV,15.0,CLN2,591.377,826.22655,0.192867717343,0.200005731501,0.124706711057,0.0,0.0,0.0
STB1,SMY2224,11/01/2016,P,ZEV,20.0,CLN2,312.1073,466.07705,0.291012935266,0.327443985475,0.125746913239,0.0,0.0,0.0
STB1,SMY2224,11/01/2016,P,ZEV,30.0,CLN2,349.37175,449.74775,0.125271272248,0.0966191237649,0.127769244968,0.0,0.0,0.0
STB1,SMY2224,11/01/2016,P,ZEV,45.0,CLN2,426.4508,451.3592,-0.203839862407,-0.207080832795,0.129103743252,-0.0,0.0,0.0
STB1,SMY2224,11/01/2016,P,ZEV,90.0,CLN2,412.9268,398.01455,-0.33970503316,-0.235729127978,0.130590956314,-0.0,0.0,0.0
STB1,SMY2224,11/01/2016,P,ZEV,0.0,CLN3,1208.4035,1362.681,0.0,0.0,0.178445054883,0.0,0.0,0.0
STB1,SMY2224,11/01/2016,P,ZEV,5.0,CLN3,1134.4164,1315.261,0.0443779420478,-0.0193549681649,0.163966692208,-0.0,0.0,0.0
STB1,SMY2224,11/01/2016,P,ZEV,10.0,CLN3,892.45545,1055.997,0.0682987410115,0.0222179790681,0.164247013431,0.0,0.0,0.0
STB1,SMY2224,11/01/2016,P,ZEV,15.0,CLN3,941.214,1084.927,0.0313055788561,0.0316652898189,0.164237420892,0.0,0.0,0.0
STB1,SMY2224,11/01/2016,P,ZEV,20.0,CLN3,1032.077,1123.8,-0.0516942633585,-0.0511870274581,0.165028642447,-0.0,0.0,0.0
STB1,SMY2224,11/01/2016,P,ZEV,30.0,CLN3,685.553,684.6478,-0.175825730059,-0.144098977528,0.166574747781,-0.0,0.0,0.0
STB1,SMY2224,11/01/2016,P,ZEV,45.0,CLN3,697.40085,751.44435,-0.0662460302966,0.0113125387369,0.167600546421,0.0,0.0,0.0
STB1,SMY2224,11/01/2016,P,ZEV,90.0,CLN3,680.9874,860.485,0.160895118543,0.259484109631,0.168748820765,0.0,0.0,0.0
STB1,SMY2224,11/01/2016,P,ZEV,0.0,FKH1,922.21915,1060.09285,0.0,0.0,0.116238764797,0.0,0.0,0.0
STB1,SMY2224,11/01/2016,P,ZEV,5.0,FKH1,966.9508,1124.9675,0.0199095307961,0.0361308852004,0.107745472502,0.0,0.0,0.0
STB1,SMY2224,11/01/2016,P,ZEV,10.0,FKH1,716.891,835.53415,0.021132397467,0.0319494930468,0.108171586435,0.0,0.0,0.0
STB1,SMY2224,11/01/2016,P,ZEV,15.0,FKH1,757.12575,866.79405,-0.00559586691666,-0.0173293199206,0.108157020633,-0.0,0.0,0.0
STB1,SMY2224,11/01/2016,P,ZEV,20.0,FKH1,590.57715,691.02165,0.0292766630728,-0.00427570566545,0.109354759928,-0.0,0.0,0.0
STB1,SMY2224,11/01/2016,P,ZEV,30.0,FKH1,601.8529,752.2228,0.122022297951,0.0613783483681,0.111674335858,0.0,0.0,0.0
STB1,SMY2224,11/01/2016,P,ZEV,45.0,FKH1,601.0309,794.79775,0.204122651805,0.145195851767,0.113198736086,0.0,0.0,0.0
STB1,SMY2224,11/01/2016,P,ZEV,90.0,FKH1,595.9204,649.5099,-0.0753595199908,-0.127127323759,0.114892015392,-0.0,0.0,0.0
STB1,SMY2224,11/01/2016,P,ZEV,0.0,FKH2,308.9322,299.26495,0.0,0.0,0.109990774675,0.0,0.0,0.0
STB1,SMY2224,11/01/2016,P,ZEV,5.0,FKH2,641.07905,590.91705,-0.0841051632052,-0.000530705044126,0.102133182193,-0.0,0.0,0.0
STB1,SMY2224,11/01/2016,P,ZEV,10.0,FKH2,502.8872,470.47615,-0.0626202536553,-0.0293920883408,0.10258261145,-0.0,0.0,0.0
STB1,SMY2224,11/01/2016,P,ZEV,15.0,FKH2,536.15495,487.40325,-0.103961303846,-0.105256593644,0.102567251949,-0.0,0.0,0.0
STB1,SMY2224,11/01/2016,P,ZEV,20.0,FKH2,280.86865,289.0104,0.111106085344,0.0808853198865,0.103829492818,0.0,0.0,0.0
STB1,SMY2224,11/01/2016,P,ZEV,30.0,FKH2,413.71425,408.36555,0.0171463812534,-0.0176921205121,0.106269738634,-0.0,0.0,0.0
STB1,SMY2224,11/01/2016,P,ZEV,45.0,FKH2,380.2698,388.46675,0.0648224403794,0.0695402664556,0.107870542372,0.0,0.0,0.0
STB1,SMY2224,11/01/2016,P,ZEV,90.0,FKH2,397.58985,372.1719,-0.0606163748183,-0.074409163959,0.109646136552,-0.0,0.0,0.0
STB1,SMY2224,11/01/2016,P,ZEV,0.0,HCM1,896.4775,903.4169,0.0,0.0,0.136650100165,0.0,0.0,0.0
STB1,SMY2224,11/01/2016,P,ZEV,5.0,HCM1,911.3954,901.95205,-0.0301434159593,-0.0450188215657,0.126137172842,-0.0,0.0,0.0
STB1,SMY2224,11/01/2016,P,ZEV,10.0,HCM1,851.461,885.22145,0.0451922208315,0.0506898631758,0.126501350348,0.0,0.0,0.0
STB1,SMY2224,11/01/2016,P,ZEV,15.0,HCM1,889.7712,1008.52135,0.171690995374,0.166912337593,0.126488895324,0.0,0.0,0.0
STB1,SMY2224,11/01/2016,P,ZEV,20.0,HCM1,612.07065,799.266,0.346347981768,0.31757340466,0.127514560136,0.0,0.0,0.0
STB1,SMY2224,11/01/2016,P,ZEV,30.0,HCM1,678.62145,816.82925,0.255474975978,0.236792206256,0.129509292397,0.0,0.0,0.0
STB1,SMY2224,11/01/2016,P,ZEV,45.0,HCM1,682.24495,766.41135,0.155467654905,0.124801613933,0.130826042436,0.0,0.0,0.0
STB1,SMY2224,11/01/2016,P,ZEV,90.0,HCM1,640.6139,608.9647,-0.0877587757693,-0.124625140895,0.132293895281,-0.0,0.0,0.0
STB1,SMY2224,11/01/2016,P,ZEV,0.0,MBP1,809.09125,796.6951,0.0,0.0,0.0906779477523,0.0,0.0,0.0
STB1,SMY2224,11/01/2016,P,ZEV,5.0,MBP1,975.39055,1019.4492,0.0888641126084,0.00835461711817,0.0848623590521,0.0,0.0,0.0
STB1,SMY2224,11/01/2016,P,ZEV,10.0,MBP1,1876.3575,1923.796,0.0581270775248,0.00636488436424,0.0854027239088,0.0,0.0,0.0
STB1,SMY2224,11/01/2016,P,ZEV,15.0,MBP1,1967.623,1991.376,0.0395186513405,0.000745863698732,0.0853842740289,0.0,0.0,0.0
STB1,SMY2224,11/01/2016,P,ZEV,20.0,MBP1,1066.65515,1070.46865,0.0261534563486,0.049541119135,0.0868964709177,0.0,0.0,0.0
STB1,SMY2224,11/01/2016,P,ZEV,30.0,MBP1,1435.145,1454.1885,0.0410633966423,0.0595771244958,0.0897980535892,0.0,0.0,0.0
STB1,SMY2224,11/01/2016,P,ZEV,45.0,MBP1,1418.5075,1499.4865,0.101703828264,0.108024119993,0.0916868965045,0.0,0.0,0.0
STB1,SMY2224,11/01/2016,P,ZEV,90.0,MBP1,1344.2045,1331.961,0.00888076182803,0.019271222492,0.0937694424633,0.0,0.0,0.0
STB1,SMY2224,11/01/2016,P,ZEV,0.0,MCM1,1660.8125,1825.53,0.0,0.0,0.122569735252,0.0,0.0,0.0
STB1,SMY2224,11/01/2016,P,ZEV,5.0,MCM1,1828.3115,2093.0335,0.0591189939773,-0.0289974069631,0.113441592063,-0.0,0.0,0.0
STB1,SMY2224,11/01/2016,P,ZEV,10.0,MCM1,1305.171,1510.1055,0.0768915215061,0.0424762268667,0.113846388072,0.0,0.0,0.0
STB1,SMY2224,11/01/2016,P,ZEV,15.0,MCM1,1474.477,1639.987,0.0189137442083,-0.0109713507153,0.113832548409,-0.0,0.0,0.0
STB1,SMY2224,11/01/2016,P,ZEV,20.0,MCM1,1493.83,1640.0615,0.000536574122223,0.0,0.114971176753,0.0,0.0,0.0
STB1,SMY2224,11/01/2016,P,ZEV,30.0,MCM1,1103.8679,1163.40905,-0.0608753398886,-0.0855514981064,0.117179628154,-0.0,0.0,0.0
STB1,SMY2224,11/01/2016,P,ZEV,45.0,MCM1,1038.373,1104.1095,-0.0440640757425,-0.025471990106,0.118633308209,-0.0,0.0,0.0
STB1,SMY2224,11/01/2016,P,ZEV,90.0,MCM1,1049.2069,1132.918,-0.0249181878429,-0.00400030244797,0.120250085928,-0.0,0.0,0.0
STB1,SMY2224,11/01/2016,P,ZEV,0.0,NDD1,973.0164,1146.09065,0.0,0.0,0.119336290356,0.0,0.0,0.0
STB1,SMY2224,11/01/2016,P,ZEV,5.0,NDD1,1036.5071,1270.67155,0.0590159451853,-0.024541681981,0.110531307662,-0.0,0.0,0.0
STB1,SMY2224,11/01/2016,P,ZEV,10.0,NDD1,1087.9785,1258.693,-0.0302070981071,-0.0994611018351,0.110946722532,-0.0,0.0,0.0
STB1,SMY2224,11/01/2016,P,ZEV,15.0,NDD1,1051.0094,1249.337,0.0124798559575,-0.0356953896763,0.110932521115,-0.0,0.0,0.0
STB1,SMY2224,11/01/2016,P,ZEV,20.0,NDD1,758.1845,910.64335,0.0249694291575,0.0240396993678,0.112100609487,0.0,0.0,0.0
STB1,SMY2224,11/01/2016,P,ZEV,30.0,NDD1,794.9583,933.41175,-0.0108935518524,-0.0453610963754,0.11436450681,-0.0,0.0,0.0
STB1,SMY2224,11/01/2016,P,ZEV,45.0,NDD1,780.2939,913.35705,-0.0134063353475,0.000583519158046,0.115853515182,0.0,0.0,0.0
STB1,SMY2224,11/01/2016,P,ZEV,90.0,NDD1,743.23695,690.6713,-0.345339080809,-0.345484821881,0.117508545772,-0.0,0.0,0.0
STB1,SMY2224,11/01/2016,P,ZEV,0.0,NRM1,1027.66675,838.18385,0.0,0.0,0.130877122453,0.0,0.0,0.0
STB1,SMY2224,11/01/2016,P,ZEV,5.0,NRM1,908.5776,721.2306,-0.03448313782,-0.032537594982,0.120927922588,-0.032537594982,-0.0325375949821,-0.0
STB1,SMY2224,11/01/2016,P,ZEV,10.0,NRM1,733.8309,651.6835,0.122343503824,0.0936782461541,0.121307739771,0.0936782461541,0.0936782461541,0.00034691668033404226
STB1,SMY2224,11/01/2016,P,ZEV,15.0,NRM1,817.365,805.315,0.271133204599,0.259154866013,0.121294751448,0.259154866013,0.259154866012,0.1886940737579861
STB1,SMY2224,11/01/2016,P,ZEV,20.0,NRM1,915.4722,964.24715,0.369589101227,0.336979477945,0.122363961751,0.336979477945,0.336979477945,0.3251399027632869
STB1,SMY2224,11/01/2016,P,ZEV,30.0,NRM1,605.3839,700.1609,0.511301039971,0.481168584833,0.124441282964,0.481168584833,0.481168584832,0.4809875952576118
STB1,SMY2224,11/01/2016,P,ZEV,45.0,NRM1,582.3003,718.39,0.597327818567,0.567020741385,0.125811086427,0.567020741385,0.567020741385,0.5670127048916301
STB1,SMY2224,11/01/2016,P,ZEV,90.0,NRM1,576.27725,529.73355,0.171364156884,0.164665324723,0.127336761453,0.164665324723,0.164665324724,0.1113161569354608
STB1,SMY2224,11/01/2016,P,ZEV,0.0,PLM2,193.9618,151.73775,0.0,0.0,0.14923602336,0.0,0.0,0.0
STB1,SMY2224,11/01/2016,P,ZEV,5.0,PLM2,367.575,316.0524,0.137848127224,0.0586736953186,0.137510134294,0.0586736953186,0.0586736953186,0.0
STB1,SMY2224,11/01/2016,P,ZEV,10.0,PLM2,276.4521,229.3157,0.084632521153,0.109194002258,0.137844268291,0.109194002258,0.109194002258,0.0004043758538499851
STB1,SMY2224,11/01/2016,P,ZEV,15.0,PLM2,300.4564,295.38615,0.330509018842,0.384923427149,0.137832838254,0.384923427149,0.384923427149,0.3554606903585512
STB1,SMY2224,11/01/2016,P,ZEV,20.0,PLM2,146.44435,191.12685,0.738470288514,0.779298893138,0.13877468684,0.779298893138,0.779298893138,0.7792987063642061
STB1,SMY2224,11/01/2016,P,ZEV,30.0,PLM2,222.69345,321.04365,0.883047557058,0.900178369809,0.140609770209,0.900178369809,0.900178369809,0.9001783403790309
STB1,SMY2224,11/01/2016,P,ZEV,45.0,PLM2,205.73855,260.4389,0.694741003756,0.652435562975,0.14182349608,0.652435562975,0.652435562975,0.6524291228137789
STB1,SMY2224,11/01/2016,P,ZEV,90.0,PLM2,214.92535,187.50185,0.15723714601,0.157034198238,0.143178648511,0.157034198238,0.157034198238,0.0869169779686023
STB1,SMY2224,11/01/2016,P,ZEV,0.0,STB1,261.119,180.7653,0.0,0.0,0.138298054866,0.0,0.0,0.0
STB1,SMY2224,11/01/2016,P,ZEV,5.0,STB1,370.6015,3399.176,3.74522038212,3.80581155047,0.127625120802,3.80581155047,3.80581155047,3.805797343909434
STB1,SMY2224,11/01/2016,P,ZEV,10.0,STB1,814.68995,10477.305,4.21761864161,4.28985130849,0.127985064468,4.28985130849,4.28985130849,4.289844154336253
STB1,SMY2224,11/01/2016,P,ZEV,15.0,STB1,838.6367,10058.6815,4.11837707001,4.16705919933,0.127972753848,4.16705919933,4.16705919932,4.1670575626470985
STB1,SMY2224,11/01/2016,P,ZEV,20.0,STB1,441.4456,8474.2895,4.79605896629,4.85196713463,0.12898661998,4.85196713463,4.85196713464,4.851966536028521
STB1,SMY2224,11/01/2016,P,ZEV,30.0,STB1,656.14845,7812.1315,4.11151602775,4.14542741629,0.130958932129,4.14542741629,4.14542741629,4.145427280761525
STB1,SMY2224,11/01/2016,P,ZEV,45.0,STB1,579.99405,7209.1485,4.17306736192,4.18149262967,0.132261250812,4.18149262967,4.18149262967,4.181492582665849
STB1,SMY2224,11/01/2016,P,ZEV,90.0,STB1,571.19125,7593.2895,4.27184875104,4.31729028071,0.13371334943,4.31729028071,4.31729028071,4.317290257446688
STB1,SMY2224,11/01/2016,P,ZEV,0.0,SWI4,492.8502,665.80405,0.0,0.0,0.103721921536,0.0,0.0,0.0
STB1,SMY2224,11/01/2016,P,ZEV,5.0,SWI4,585.2388,830.756,0.0923916827294,0.030677548173,0.0965129126909,0.030677548173,0.030677548173,0.0
STB1,SMY2224,11/01/2016,P,ZEV,10.0,SWI4,622.29745,842.13095,0.0141778761322,-0.0573169472313,0.0969883889093,-0.0573169472313,-0.0573169472313,-0.0002122606461659701
STB1,SMY2224,11/01/2016,P,ZEV,15.0,SWI4,699.09015,861.14745,-0.122602424553,-0.186927466767,0.0969721433383,-0.186927466767,-0.186927466768,-0.1174379719791556
STB1,SMY2224,11/01/2016,P,ZEV,20.0,SWI4,373.2616,446.37615,-0.177926934394,-0.202331986433,0.0983062510227,-0.202331986433,-0.202331986432,-0.1702824927942093
STB1,SMY2224,11/01/2016,P,ZEV,30.0,SWI4,498.6987,509.7991,-0.390068810359,-0.435677216481,0.10088019013,-0.435677216481,-0.435677216481,-0.4356483157421367
STB1,SMY2224,11/01/2016,P,ZEV,45.0,SWI4,464.6804,414.24935,-0.5837976808,-0.61660826307,0.102565146725,-0.61660826307,-0.61660826307,-0.6166082561387077
STB1,SMY2224,11/01/2016,P,ZEV,90.0,SWI4,482.1978,444.0138,-0.542063532003,-0.577637694041,0.104430985211,-0.577637694041,-0.577637694042,-0.5776376817152691
STB1,SMY2224,11/01/2016,P,ZEV,0.0,SWI5,671.11325,658.25405,0.0,0.0,0.0932792030842,0.0,0.0,0.0
STB1,SMY2224,11/01/2016,P,ZEV,5.0,SWI5,1008.6081,1077.95095,0.0972115770392,0.0399153163212,0.0871801941388,0.0,0.0,0.0
STB1,SMY2224,11/01/2016,P,ZEV,10.0,SWI5,1167.874,1231.909,0.104177640038,0.0326971760651,0.0877062798051,0.0,0.0,0.0
STB1,SMY2224,11/01/2016,P,ZEV,15.0,SWI5,1176.43,1207.7255,0.0647740355372,0.00835619889076,0.0876883146015,0.0,0.0,0.0
STB1,SMY2224,11/01/2016,P,ZEV,20.0,SWI5,544.8729,539.45335,0.0126899151518,-0.028703423613,0.0891614430355,-0.0,0.0,0.0
STB1,SMY2224,11/01/2016,P,ZEV,30.0,SWI5,933.2288,982.2,0.100754085026,0.0555395002093,0.0919916120883,0.0,0.0,0.0
STB1,SMY2224,11/01/2016,P,ZEV,45.0,SWI5,894.712,948.2727,0.110174406223,0.0660696156223,0.093836310972,0.0,0.0,0.0
STB1,SMY2224,11/01/2016,P,ZEV,90.0,SWI5,863.5512,963.6785,0.185520490081,0.119655430021,0.0958721784779,0.0,0.0,0.0
STB1,SMY2224,11/01/2016,P,ZEV,0.0,SWI6,521.6097,653.73435,0.0,0.0,0.108397013727,0.0,0.0,0.0
STB1,SMY2224,11/01/2016,P,ZEV,5.0,SWI6,587.89885,773.25545,0.075385345141,-0.0309549710099,0.100703220559,-0.0,0.0,0.0
STB1,SMY2224,11/01/2016,P,ZEV,10.0,SWI6,573.14055,731.285,0.0254883658837,-0.0626738309493,0.10115900305,-0.0,0.0,0.0
STB1,SMY2224,11/01/2016,P,ZEV,15.0,SWI6,618.8731,765.39665,-0.0219450781886,-0.0751776900653,0.101143427362,-0.0,0.0,0.0
STB1,SMY2224,11/01/2016,P,ZEV,20.0,SWI6,461.2819,570.1229,-0.0343646510808,-0.0344382617066,0.102423216631,-0.0,0.0,0.0
STB1,SMY2224,11/01/2016,P,ZEV,30.0,SWI6,447.0457,544.82495,-0.0404074725614,-0.0558327896539,0.104896182368,-0.0,0.0,0.0
STB1,SMY2224,11/01/2016,P,ZEV,45.0,SWI6,443.0054,516.1323,-0.10563645849,-0.102782072825,0.106517630642,-0.0,0.0,0.0
STB1,SMY2224,11/01/2016,P,ZEV,90.0,SWI6,446.2849,476.86315,-0.229958651417,-0.233291313756,0.108315405123,-0.0,0.0,0.0
STB1,SMY2224,11/01/2016,P,ZEV,0.0,TOS4,2838.8295,2587.5575,0.0,0.0,0.0918693694751,0.0,0.0,0.0
STB1,SMY2224,11/01/2016,P,ZEV,5.0,TOS4,2887.383,2511.082,-0.0647432755298,-0.0218070387712,0.0859235843636,-0.0218070387712,-0.0218070387712,-0.0
STB1,SMY2224,11/01/2016,P,ZEV,10.0,TOS4,2269.2565,1875.567,-0.138147707991,-0.00550328095323,0.0864573167351,-0.00550328095323,-0.00550328095323,-2.0380184702641942e-05
STB1,SMY2224,11/01/2016,P,ZEV,15.0,TOS4,2259.256,2161.608,0.0730413159687,0.202050509172,0.0864390919516,0.202050509172,0.202050509171,0.1630140437617389
STB1,SMY2224,11/01/2016,P,ZEV,20.0,TOS4,2094.0525,2445.768,0.355936024445,0.447782524651,0.0879331508814,0.447782524651,0.447782524652,0.4477789344549628
STB1,SMY2224,11/01/2016,P,ZEV,30.0,TOS4,1783.2125,2310.1835,0.511244637188,0.494769680168,0.0908016122897,0.494769680168,0.494769680168,0.494769572882743
STB1,SMY2224,11/01/2016,P,ZEV,45.0,TOS4,1699.155,1672.8635,0.114292462758,0.0479708311254,0.0926700024636,0.0479708311254,0.0479708311254,0.0
STB1,SMY2224,11/01/2016,P,ZEV,90.0,TOS4,1759.566,1227.779,-0.38106077942,-0.368177044533,0.094730938483,-0.368177044533,-0.368177044533,-0.3681423186374454
STB1,SMY2224,11/01/2016,P,ZEV,0.0,WHI5,39.414595,36.895475,0.0,0.0,0.268002273752,0.0,0.0,0.0
STB1,SMY2224,11/01/2016,P,ZEV,5.0,WHI5,53.906435,48.003605,-0.0753373511264,-0.126356385983,0.245364817684,-0.0,0.0,0.0
STB1,SMY2224,11/01/2016,P,ZEV,10.0,WHI5,63.09297,53.82522,-0.158055697567,-0.181499827731,0.245552232782,-0.0,0.0,0.0
STB1,SMY2224,11/01/2016,P,ZEV,15.0,WHI5,75.31298,65.33161,-0.139408328218,-0.134609439236,0.245545816549,-0.0,0.0,0.0
STB1,SMY2224,11/01/2016,P,ZEV,20.0,WHI5,39.57738,31.996935,-0.219393384251,-0.0996225503229,0.246075741249,-0.0,0.0,0.0
STB1,SMY2224,11/01/2016,P,ZEV,30.0,WHI5,37.369905,25.03932,-0.501557714249,-0.405886247786,0.247115285245,-0.0,0.0,0.0
STB1,SMY2224,11/01/2016,P,ZEV,45.0,WHI5,44.941995,41.71159,-0.0317178061552,-0.0126849235271,0.247807911019,-0.0,0.0,0.0
STB1,SMY2224,11/01/2016,P,ZEV,90.0,WHI5,23.452205,13.650117,-0.725270658807,-0.721414562086,0.248585965237,-0.0,0.0,0.0
STB1,SMY2224,11/01/2016,P,ZEV,0.0,YHP1,756.8684,810.45705,0.0,0.0,0.130670172301,0.0,0.0,0.0
STB1,SMY2224,11/01/2016,P,ZEV,5.0,YHP1,1197.0795,1324.0205,0.0420430547474,0.0400063090876,0.120741278848,0.0,0.0,0.0
STB1,SMY2224,11/01/2016,P,ZEV,10.0,YHP1,1191.2325,1493.749,0.223524069194,0.118833277072,0.121121681316,0.0,0.0,0.0
STB1,SMY2224,11/01/2016,P,ZEV,15.0,YHP1,1235.6045,1621.9975,0.289723340916,0.177325341792,0.121108673039,0.0,0.0,0.0
STB1,SMY2224,11/01/2016,P,ZEV,20.0,YHP1,452.3917,577.3531,0.248524744778,0.149612788688,0.122179511751,0.0,0.0,0.0
STB1,SMY2224,11/01/2016,P,ZEV,30.0,YHP1,944.2813,1240.3085,0.290050505435,0.217769043438,0.124259916555,0.0,0.0,0.0
STB1,SMY2224,11/01/2016,P,ZEV,45.0,YHP1,959.2533,1227.3245,0.251701397817,0.18313759893,0.125631697531,0.0,0.0,0.0
STB1,SMY2224,11/01/2016,P,ZEV,90.0,YHP1,958.1645,1045.8305,0.0229572448823,-0.072813084521,0.127159524904,-0.0,0.0,0.0
STB1,SMY2224,11/01/2016,P,ZEV,0.0,YOX1,2053.9005,2110.283,0.0,0.0,0.147233191494,0.0,0.0,0.0
STB1,SMY2224,11/01/2016,P,ZEV,5.0,YOX1,2153.301,1869.998,-0.225827039896,-0.0120974538235,0.135699012677,-0.0,0.0,0.0
STB1,SMY2224,11/01/2016,P,ZEV,10.0,YOX1,1957.277,2079.57,0.064659228241,0.0888777251787,0.136037595203,0.0,0.0,0.0
STB1,SMY2224,11/01/2016,P,ZEV,15.0,YOX1,2041.296,2604.6955,0.329303251935,0.321278897053,0.136026013354,0.0,0.0,0.0
STB1,SMY2224,11/01/2016,P,ZEV,20.0,YOX1,1601.298,2152.8215,0.382522541364,0.35681623844,0.136980285865,0.0,0.0,0.0
STB1,SMY2224,11/01/2016,P,ZEV,30.0,YOX1,1560.7235,1754.9505,0.147247713204,0.0945603094406,0.138839088466,0.0,0.0,0.0
STB1,SMY2224,11/01/2016,P,ZEV,45.0,YOX1,1515.545,1351.462,-0.187188848923,-0.204858160101,0.140068158581,-0.0,0.0,0.0
STB1,SMY2224,11/01/2016,P,ZEV,90.0,YOX1,1464.392,1114.367,-0.416675039226,-0.379669847158,0.141440130082,-0.0,0.0,0.0
YHP1,SMY2241,11/17/2016,P,ZEV,0.0,ACE2,1213.117,999.0496,0.0,0.0,0.129406918687,0.0,0.0,0.0
YHP1,SMY2241,11/17/2016,P,ZEV,5.0,ACE2,1023.39155,916.69475,0.113400219519,0.0366992835075,0.120037100958,0.0,0.0,0.0
YHP1,SMY2241,11/17/2016,P,ZEV,10.0,ACE2,1287.222,1178.5835,0.16469839546,0.0877278898587,0.120351219538,0.0,0.0,0.0
YHP1,SMY2241,11/17/2016,P,ZEV,15.0,ACE2,1304.1145,1156.2895,0.117598687603,0.0538310597128,0.120198181188,0.0,0.0,0.0
YHP1,SMY2241,11/17/2016,P,ZEV,20.0,ACE2,983.1091,898.85855,0.147847898598,0.106942233185,0.122778412778,0.0,0.0,0.0
YHP1,SMY2241,11/17/2016,P,ZEV,30.0,ACE2,1090.6445,971.03125,0.123605700626,0.110531563117,0.122584512623,0.0,0.0,0.0
YHP1,SMY2241,11/17/2016,P,ZEV,45.0,ACE2,1085.5155,953.3595,0.102799922199,0.0793921636773,0.121018831793,0.0,0.0,0.0
YHP1,SMY2241,11/17/2016,P,ZEV,90.0,ACE2,1138.4445,939.3321,0.0149533660158,0.00277478461611,0.122280441672,0.0,0.0,0.0
YHP1,SMY2241,11/17/2016,P,ZEV,0.0,CDC20,494.0503,603.5081,0.0,0.0,0.113114244853,0.0,0.0,0.0
YHP1,SMY2241,11/17/2016,P,ZEV,5.0,CDC20,504.24385,564.42635,-0.133169583534,-0.085266228702,0.10543310878,-0.0,0.0,0.0
YHP1,SMY2241,11/17/2016,P,ZEV,10.0,CDC20,643.3519,673.04335,-0.222779591048,-0.190237960754,0.105790599134,-0.0,0.0,0.0
YHP1,SMY2241,11/17/2016,P,ZEV,15.0,CDC20,646.0106,635.1211,-0.312432610249,-0.25624375518,0.105616464539,-0.0,0.0,0.0
YHP1,SMY2241,11/17/2016,P,ZEV,20.0,CDC20,508.3083,496.39525,-0.317615300901,-0.229207858596,0.108543878063,-0.0,0.0,0.0
YHP1,SMY2241,11/17/2016,P,ZEV,30.0,CDC20,553.9651,520.28095,-0.380593453454,-0.335855345247,0.108324501179,-0.0,0.0,0.0
YHP1,SMY2241,11/17/2016,P,ZEV,45.0,CDC20,555.1753,520.53375,-0.381307391917,-0.308087660405,0.106549483665,-0.0,0.0,0.0
YHP1,SMY2241,11/17/2016,P,ZEV,90.0,CDC20,581.69035,558.02475,-0.347974207504,-0.249388447213,0.1079802817,-0.0,0.0,0.0
YHP1,SMY2241,11/17/2016,P,ZEV,0.0,CDH1,869.4863,869.27745,0.0,0.0,0.0788994464146,0.0,0.0,0.0
YHP1,SMY2241,11/17/2016,P,ZEV,5.0,CDH1,952.278,978.98485,0.0576262071275,2.61362689726e-05,0.0751091359746,0.0,0.0,0.0
YHP1,SMY2241,11/17/2016,P,ZEV,10.0,CDH1,1114.927,1148.4825,0.0828317626825,0.0473761196526,0.0756101365217,0.0,0.0,0.0
YHP1,SMY2241,11/17/2016,P,ZEV,15.0,CDH1,1139.8975,1187.568,0.104655395244,0.0734032183797,0.0753663018955,0.0,0.0,0.0
YHP1,SMY2241,11/17/2016,P,ZEV,20.0,CDH1,1051.1675,1036.3504,0.0152153912629,-0.00740339557615,0.0794167195543,-0.0,0.0,0.0
YHP1,SMY2241,11/17/2016,P,ZEV,30.0,CDH1,923.14325,927.03305,0.0454478999487,0.0253885026846,0.0791166192109,0.0,0.0,0.0
YHP1,SMY2241,11/17/2016,P,ZEV,45.0,CDH1,911.2201,928.40235,0.0685662910078,0.057089511141,0.0766683399395,0.0,0.0,0.0
YHP1,SMY2241,11/17/2016,P,ZEV,90.0,CDH1,989.82265,988.4214,0.0400742469861,0.0567610271605,0.0786446636196,0.0,0.0,0.0
YHP1,SMY2241,11/17/2016,P,ZEV,0.0,CLB2,1101.9868,1383.5952,0.0,0.0,0.137887672,0.0,0.0,0.0
YHP1,SMY2241,11/17/2016,P,ZEV,5.0,CLB2,1456.7655,1833.542,-0.0242697296991,-0.0772023580611,0.127663444955,-0.0,0.0,0.0
YHP1,SMY2241,11/17/2016,P,ZEV,10.0,CLB2,1270.2405,1667.959,0.0374859508881,-0.0336003280253,0.127958843445,-0.0,0.0,0.0
YHP1,SMY2241,11/17/2016,P,ZEV,15.0,CLB2,1414.4835,1662.905,-0.122378718379,-0.158188995377,0.127814914358,-0.0,0.0,0.0
YHP1,SMY2241,11/17/2016,P,ZEV,20.0,CLB2,996.68395,1015.35795,-0.31083694872,-0.321794024399,0.130244340436,-0.0,0.0,0.0
YHP1,SMY2241,11/17/2016,P,ZEV,30.0,CLB2,1113.658,1149.807,-0.309222961556,-0.310305941121,0.130061571212,-0.0,0.0,0.0
YHP1,SMY2241,11/17/2016,P,ZEV,45.0,CLB2,1095.8985,1204.2355,-0.220151867916,-0.224396207232,0.128586963647,-0.0,0.0,0.0
YHP1,SMY2241,11/17/2016,P,ZEV,90.0,CLB2,1177.9545,1403.787,-0.103179134722,-0.073394780562,0.129775020658,-0.0,0.0,0.0
YHP1,SMY2241,11/17/2016,P,ZEV,0.0,CLB3,2354.986,2214.326,0.0,0.0,0.069999547616,0.0,0.0,0.0
YHP1,SMY2241,11/17/2016,P,ZEV,5.0,CLB3,2371.032,2153.3375,-0.0517731245881,-0.0248683473533,0.0673577067489,-0.0,0.0,0.0
YHP1,SMY2241,11/17/2016,P,ZEV,10.0,CLB3,2155.0585,1936.903,-0.0653865491671,-0.0363322239834,0.0679159119532,-0.0,0.0,0.0
YHP1,SMY2241,11/17/2016,P,ZEV,15.0,CLB3,2271.5165,2086.774,-0.0336958972609,-0.0135326982959,0.0676443479755,-0.0,0.0,0.0
YHP1,SMY2241,11/17/2016,P,ZEV,20.0,CLB3,2194.8165,2103.363,0.0292526696994,0.0396604422378,0.0721297005148,0.0,0.0,0.0
YHP1,SMY2241,11/17/2016,P,ZEV,30.0,CLB3,1732.739,1673.12,0.0376111159143,0.0427755910145,0.0717991489294,0.0,0.0,0.0
YHP1,SMY2241,11/17/2016,P,ZEV,45.0,CLB3,1723.583,1661.6905,0.0357300037317,0.0399400946931,0.0690920596068,0.0,0.0,0.0
YHP1,SMY2241,11/17/2016,P,ZEV,90.0,CLB3,1785.9765,1711.0935,0.0256845864179,0.0180520606243,0.0712787588799,0.0,0.0,0.0
YHP1,SMY2241,11/17/2016,P,ZEV,0.0,CLB5,1134.97865,1082.56045,0.0,0.0,0.127833498907,0.0,0.0,0.0
YHP1,SMY2241,11/17/2016,P,ZEV,5.0,CLB5,1241.0979,1027.55485,-0.226003986066,-0.133228204769,0.118623843747,-0.0,0.0,0.0
YHP1,SMY2241,11/17/2016,P,ZEV,10.0,CLB5,1245.717,1095.5345,-0.135041919368,-0.0666999292659,0.118941694722,-0.0,0.0,0.0
YHP1,SMY2241,11/17/2016,P,ZEV,15.0,CLB5,1344.395,1184.039,-0.132596410338,-0.100912378243,0.118786840432,-0.0,0.0,0.0
YHP1,SMY2241,11/17/2016,P,ZEV,20.0,CLB5,657.5275,618.2469,-0.0394492115304,-0.0234221318823,0.121397073042,-0.0,0.0,0.0
YHP1,SMY2241,11/17/2016,P,ZEV,30.0,CLB5,1083.306,1038.37,-0.0106323989823,-0.0249107562499,0.121200963007,-0.0,0.0,0.0
YHP1,SMY2241,11/17/2016,P,ZEV,45.0,CLB5,1027.37085,1018.57665,0.0370206242567,0.00677934137626,0.119617174133,0.0,0.0,0.0
YHP1,SMY2241,11/17/2016,P,ZEV,90.0,CLB5,1120.233,1044.967,-0.0496295715823,-0.0460333214952,0.120893412204,-0.0,0.0,0.0
YHP1,SMY2241,11/17/2016,P,ZEV,0.0,CLB6,334.30145,289.09385,0.0,0.0,0.152662031968,0.0,0.0,0.0
YHP1,SMY2241,11/17/2016,P,ZEV,5.0,CLB6,321.3488,278.0109,0.00148431705685,0.0136560246554,0.140979407859,0.0,0.0,0.0
YHP1,SMY2241,11/17/2016,P,ZEV,10.0,CLB6,299.7485,243.02475,-0.0950240919609,-0.0463064070388,0.141246960598,-0.0,0.0,0.0
YHP1,SMY2241,11/17/2016,P,ZEV,15.0,CLB6,296.8254,241.6787,-0.0886122503558,-0.0805272753641,0.141116585116,-0.0,0.0,0.0
YHP1,SMY2241,11/17/2016,P,ZEV,20.0,CLB6,303.5857,247.94105,-0.082583666968,-0.115763586734,0.143320711965,-0.0,0.0,0.0
YHP1,SMY2241,11/17/2016,P,ZEV,30.0,CLB6,227.89205,213.52195,0.115636986137,0.0278162345791,0.143154638656,0.0,0.0,0.0
YHP1,SMY2241,11/17/2016,P,ZEV,45.0,CLB6,244.98545,219.2809,0.0520819669155,-0.0414788913109,0.14181623843,-0.0,0.0,0.0
YHP1,SMY2241,11/17/2016,P,ZEV,90.0,CLB6,258.76115,209.6258,-0.0959337025079,-0.107993037948,0.142894346457,-0.0,0.0,0.0
YHP1,SMY2241,11/17/2016,P,ZEV,0.0,CLN1,5524.1395,5223.8405,0.0,0.0,0.162598350277,0.0,0.0,0.0
YHP1,SMY2241,11/17/2016,P,ZEV,5.0,CLN1,5852.743,5410.2275,-0.0331521263086,-0.0564652302759,0.149952102454,-0.0,0.0,0.0
YHP1,SMY2241,11/17/2016,P,ZEV,10.0,CLN1,4671.175,4459.0815,0.013288666099,0.0225611552627,0.150203673286,0.0,0.0,0.0
YHP1,SMY2241,11/17/2016,P,ZEV,15.0,CLN1,5067.2955,4950.676,0.0469804816948,0.043947029266,0.150081078704,0.0,0.0,0.0
YHP1,SMY2241,11/17/2016,P,ZEV,20.0,CLN1,5368.685,5277.59,0.0558403897,0.0770471280526,0.152155401049,0.0,0.0,0.0
YHP1,SMY2241,11/17/2016,P,ZEV,30.0,CLN1,4068.882,4220.9505,0.133252531627,0.0611438605173,0.151998980783,0.0,0.0,0.0
YHP1,SMY2241,11/17/2016,P,ZEV,45.0,CLN1,4038.2925,4320.5775,0.177909421851,0.174752976867,0.150739129203,0.0,0.0,0.0
YHP1,SMY2241,11/17/2016,P,ZEV,90.0,CLN1,4416.784,4303.9665,0.043369113371,-0.00145372027937,0.15175385939,-0.0,0.0,0.0
YHP1,SMY2241,11/17/2016,P,ZEV,0.0,CLN2,332.99655,409.5411,0.0,0.0,0.134670106728,0.0,0.0,0.0
YHP1,SMY2241,11/17/2016,P,ZEV,5.0,CLN2,324.2664,355.0642,-0.162751268146,-0.0452912466714,0.124768364612,-0.0,0.0,0.0
YHP1,SMY2241,11/17/2016,P,ZEV,10.0,CLN2,794.5855,962.3367,-0.0136572741023,0.0286888633138,0.125070601046,0.0,0.0,0.0
YHP1,SMY2241,11/17/2016,P,ZEV,15.0,CLN2,844.67835,1023.92105,-0.00929369691661,-0.00215568275706,0.124923344346,-0.0,0.0,0.0
YHP1,SMY2241,11/17/2016,P,ZEV,20.0,CLN2,392.063,474.8219,0.00104661850972,0.0374776687175,0.127407919087,0.0,0.0,0.0
YHP1,SMY2241,11/17/2016,P,ZEV,30.0,CLN2,564.0905,689.64135,0.00180382060314,-0.0268483278798,0.127221075049,-0.0,0.0,0.0
YHP1,SMY2241,11/17/2016,P,ZEV,45.0,CLN2,703.25645,868.3775,0.0123223836066,0.00908141321815,0.125713153052,0.0,0.0,0.0
YHP1,SMY2241,11/17/2016,P,ZEV,90.0,CLN2,719.2026,772.0278,-0.187168490485,-0.0831925853033,0.126928112005,-0.0,0.0,0.0
YHP1,SMY2241,11/17/2016,P,ZEV,0.0,CLN3,996.00265,1248.8145,0.0,0.0,0.178445054883,0.0,0.0,0.0
YHP1,SMY2241,11/17/2016,P,ZEV,5.0,CLN3,1000.15945,1233.2405,-0.0244860963634,-0.0882190065761,0.1642842398,-0.0,0.0,0.0
YHP1,SMY2241,11/17/2016,P,ZEV,10.0,CLN3,869.72145,1038.0477,-0.0717535394746,-0.117834301418,0.16451389572,-0.0,0.0,0.0
YHP1,SMY2241,11/17/2016,P,ZEV,15.0,CLN3,864.38035,970.55805,-0.160815397382,-0.16045568642,0.16440197262,-0.0,0.0,0.0
YHP1,SMY2241,11/17/2016,P,ZEV,20.0,CLN3,958.0342,1085.259,-0.14672475329,-0.146217517389,0.166297758508,-0.0,0.0,0.0
YHP1,SMY2241,11/17/2016,P,ZEV,30.0,CLN3,726.09255,830.1085,-0.134720932722,-0.102994180192,0.166154652583,-0.0,0.0,0.0
YHP1,SMY2241,11/17/2016,P,ZEV,45.0,CLN3,712.8745,785.75675,-0.185942577468,-0.108384008435,0.165002919638,-0.0,0.0,0.0
YHP1,SMY2241,11/17/2016,P,ZEV,90.0,CLN3,783.4687,826.74605,-0.249466730965,-0.150877739877,0.165930444029,-0.0,0.0,0.0
YHP1,SMY2241,11/17/2016,P,ZEV,0.0,FKH1,700.9172,815.86975,0.0,0.0,0.116238764797,0.0,0.0,0.0
YHP1,SMY2241,11/17/2016,P,ZEV,5.0,FKH1,944.4299,1095.6335,0.0065869359151,0.0228082903193,0.108228102348,0.0,0.0,0.0
YHP1,SMY2241,11/17/2016,P,ZEV,10.0,FKH1,877.9837,1004.3951,-0.0153576836455,-0.00454058806565,0.108576390508,-0.0,0.0,0.0
YHP1,SMY2241,11/17/2016,P,ZEV,15.0,FKH1,883.8007,1059.7045,0.052556492365,0.0408230393611,0.108406730844,0.0,0.0,0.0
YHP1,SMY2241,11/17/2016,P,ZEV,20.0,FKH1,815.9905,994.1111,0.0741115111718,0.0405591424338,0.111260753079,0.0,0.0,0.0
YHP1,SMY2241,11/17/2016,P,ZEV,30.0,FKH1,719.1012,890.4927,0.0997290549752,0.0390851053922,0.11104674361,0.0,0.0,0.0
YHP1,SMY2241,11/17/2016,P,ZEV,45.0,FKH1,723.5332,852.40885,0.0273034264101,-0.0316233736284,0.109315937447,-0.0,0.0,0.0
YHP1,SMY2241,11/17/2016,P,ZEV,90.0,FKH1,745.4626,872.67395,0.0174303115577,-0.0343374922103,0.110710988374,-0.0,0.0,0.0
YHP1,SMY2241,11/17/2016,P,ZEV,0.0,FKH2,368.3817,378.41245,0.0,0.0,0.109990774675,0.0,0.0,0.0
YHP1,SMY2241,11/17/2016,P,ZEV,5.0,FKH2,695.32885,694.1983,-0.0288275564127,0.0547469017483,0.102642204759,0.0,0.0,0.0
YHP1,SMY2241,11/17/2016,P,ZEV,10.0,FKH2,613.3615,592.9479,-0.0743440680788,-0.0411159027645,0.1030093813,-0.0,0.0,0.0
YHP1,SMY2241,11/17/2016,P,ZEV,15.0,FKH2,649.69435,638.6337,-0.0502301647818,-0.0515254545799,0.102830537062,-0.0,0.0,0.0
YHP1,SMY2241,11/17/2016,P,ZEV,20.0,FKH2,416.31435,422.19915,0.00090167818623,-0.029319087271,0.105835037846,-0.0,0.0,0.0
YHP1,SMY2241,11/17/2016,P,ZEV,30.0,FKH2,543.01635,569.24785,0.0432892131544,0.00845071138883,0.105610034213,0.0,0.0,0.0
YHP1,SMY2241,11/17/2016,P,ZEV,45.0,FKH2,534.52265,531.648,-0.0329400589982,-0.028222232922,0.103788603614,-0.0,0.0,0.0
YHP1,SMY2241,11/17/2016,P,ZEV,90.0,FKH2,563.0736,543.5886,-0.0759537000232,-0.0897464891639,0.105256938046,-0.0,0.0,0.0
YHP1,SMY2241,11/17/2016,P,ZEV,0.0,HCM1,841.25895,822.3293,0.0,0.0,0.136650100165,0.0,0.0,0.0
YHP1,SMY2241,11/17/2016,P,ZEV,5.0,HCM1,1241.3475,940.27455,-0.342477083797,-0.357352489403,0.126549680623,-0.0,0.0,0.0
YHP1,SMY2241,11/17/2016,P,ZEV,10.0,HCM1,1048.6005,974.4242,-0.0467053732261,-0.0412077308818,0.126847672835,-0.0,0.0,0.0
YHP1,SMY2241,11/17/2016,P,ZEV,15.0,HCM1,1102.4568,994.15595,-0.0907524797507,-0.0955311375323,0.126702481508,-0.0,0.0,0.0
YHP1,SMY2241,11/17/2016,P,ZEV,20.0,HCM1,711.46405,555.038,-0.330926572639,-0.359701149747,0.129152834671,-0.0,0.0,0.0
YHP1,SMY2241,11/17/2016,P,ZEV,30.0,HCM1,851.00175,797.91615,-0.0334246728256,-0.0521074425474,0.128968518617,-0.0,0.0,0.0
YHP1,SMY2241,11/17/2016,P,ZEV,45.0,HCM1,835.7725,824.07845,0.0360219696996,0.00535592872743,0.127481268067,0.0,0.0,0.0
YHP1,SMY2241,11/17/2016,P,ZEV,90.0,HCM1,907.78105,890.2287,0.0318843291636,-0.00498203596254,0.128679534016,-0.0,0.0,0.0
YHP1,SMY2241,11/17/2016,P,ZEV,0.0,MBP1,968.9919,932.6524,0.0,0.0,0.0906779477523,0.0,0.0,0.0
YHP1,SMY2241,11/17/2016,P,ZEV,5.0,MBP1,1364.84185,1410.4592,0.115533695343,0.0350241998526,0.0854742960012,0.0,0.0,0.0
YHP1,SMY2241,11/17/2016,P,ZEV,10.0,MBP1,1837.858,1909.8075,0.122006792602,0.0702445994414,0.0859148748173,0.0,0.0,0.0
YHP1,SMY2241,11/17/2016,P,ZEV,15.0,MBP1,1866.364,1889.523,0.0842850526239,0.0455122649822,0.0857003642434,0.0,0.0,0.0
YHP1,SMY2241,11/17/2016,P,ZEV,20.0,MBP1,750.3054,744.0807,0.0544884876411,0.0778761504277,0.0892831916702,0.0,0.0,0.0
YHP1,SMY2241,11/17/2016,P,ZEV,30.0,MBP1,1601.4175,1554.553,0.0237736842814,0.0422874121351,0.0890163603244,0.0,0.0,0.0
YHP1,SMY2241,11/17/2016,P,ZEV,45.0,MBP1,1590.714,1611.98,0.0857543827947,0.0920746745237,0.0868476097492,0.0,0.0,0.0
YHP1,SMY2241,11/17/2016,P,ZEV,90.0,MBP1,1680.49,1675.5635,0.0624243239522,0.0728147846162,0.0885971561953,0.0,0.0,0.0
YHP1,SMY2241,11/17/2016,P,ZEV,0.0,MCM1,1513.715,1726.602,0.0,0.0,0.122569735252,0.0,0.0,0.0
YHP1,SMY2241,11/17/2016,P,ZEV,5.0,MCM1,1694.7525,2008.186,0.0576471185739,-0.0304692823663,0.113900088248,-0.0,0.0,0.0
YHP1,SMY2241,11/17/2016,P,ZEV,10.0,MCM1,1383.256,1581.2425,0.004383853927,-0.0300314407123,0.114231083952,-0.0,0.0,0.0
YHP1,SMY2241,11/17/2016,P,ZEV,15.0,MCM1,1382.4565,1583.3705,0.00663143272273,-0.0232536622008,0.114069835002,-0.0,0.0,0.0
YHP1,SMY2241,11/17/2016,P,ZEV,20.0,MCM1,1480.0195,1777.204,0.0708954306573,0.0703588565351,0.116785543372,0.0,0.0,0.0
YHP1,SMY2241,11/17/2016,P,ZEV,30.0,MCM1,1192.22,1382.964,0.0233875645294,-0.00128859368838,0.116581676225,-0.0,0.0,0.0
YHP1,SMY2241,11/17/2016,P,ZEV,45.0,MCM1,1150.673,1259.4255,-0.0593482570951,-0.0407561714585,0.114934251401,-0.0,0.0,0.0
YHP1,SMY2241,11/17/2016,P,ZEV,90.0,MCM1,1195.0555,1221.915,-0.160326627293,-0.139408741899,0.116261906538,-0.0,0.0,0.0
YHP1,SMY2241,11/17/2016,P,ZEV,0.0,NDD1,853.7651,842.2499,0.0,0.0,0.119336290356,0.0,0.0,0.0
YHP1,SMY2241,11/17/2016,P,ZEV,5.0,NDD1,1320.936,1405.5645,0.135261882132,0.0517042549658,0.111001825509,0.0,0.0,0.0
YHP1,SMY2241,11/17/2016,P,ZEV,10.0,NDD1,1056.47335,1134.99,0.15067120202,0.0814171982927,0.111341437499,0.0,0.0,0.0
YHP1,SMY2241,11/17/2016,P,ZEV,15.0,NDD1,1113.66595,1160.618,0.11118799503,0.0630127493963,0.111175997504,0.0,0.0,0.0
YHP1,SMY2241,11/17/2016,P,ZEV,20.0,NDD1,975.70625,1064.3786,0.170220287379,0.16929055759,0.113960687539,0.0,0.0,0.0
YHP1,SMY2241,11/17/2016,P,ZEV,30.0,NDD1,930.9741,957.92355,0.0887263117308,0.0542587672079,0.113751757766,0.0,0.0,0.0
YHP1,SMY2241,11/17/2016,P,ZEV,45.0,NDD1,900.72915,935.6655,0.100769892755,0.114759747261,0.11206273827,0.0,0.0,0.0
YHP1,SMY2241,11/17/2016,P,ZEV,90.0,NDD1,973.9235,973.72355,0.0468543912448,0.0467086501735,0.113424010136,0.0,0.0,0.0
YHP1,SMY2241,11/17/2016,P,ZEV,0.0,NRM1,877.779,808.21335,0.0,0.0,0.130877122453,0.0,0.0,0.0
YHP1,SMY2241,11/17/2016,P,ZEV,5.0,NRM1,869.1461,766.27695,-0.0665309995521,-0.064585456714,0.121358138394,-0.0,0.0,0.0
YHP1,SMY2241,11/17/2016,P,ZEV,10.0,NRM1,767.7227,685.5757,-0.0448613835516,-0.073526641221,0.121668846433,-0.0,0.0,0.0
YHP1,SMY2241,11/17/2016,P,ZEV,15.0,NRM1,736.8595,665.7266,-0.0297563750517,-0.0417347136382,0.121517467505,-0.0,0.0,0.0
YHP1,SMY2241,11/17/2016,P,ZEV,20.0,NRM1,816.89255,778.61955,0.0473399054938,0.0147302822114,0.124070265544,0.0,0.0,0.0
YHP1,SMY2241,11/17/2016,P,ZEV,30.0,NRM1,661.4742,592.19165,-0.0413362428556,-0.0714686979944,0.123878387473,-0.0,0.0,0.0
YHP1,SMY2241,11/17/2016,P,ZEV,45.0,NRM1,648.0842,574.4806,-0.0581346618755,-0.0884417390588,0.122329267948,-0.0,0.0,0.0
YHP1,SMY2241,11/17/2016,P,ZEV,90.0,NRM1,685.43055,593.8008,-0.0921308236893,-0.0988296558494,0.123577500231,-0.0,0.0,0.0
YHP1,SMY2241,11/17/2016,P,ZEV,0.0,PLM2,180.53315,191.95075,0.0,0.0,0.14923602336,0.0,0.0,0.0
YHP1,SMY2241,11/17/2016,P,ZEV,5.0,PLM2,360.5531,341.36945,-0.202334600739,-0.281509032645,0.137888622905,-0.0,0.0,0.0
YHP1,SMY2241,11/17/2016,P,ZEV,10.0,PLM2,292.5982,257.2456,-0.309562706778,-0.285001225672,0.138162161117,-0.0,0.0,0.0
YHP1,SMY2241,11/17/2016,P,ZEV,15.0,PLM2,314.17225,281.1827,-0.283080654614,-0.228666246307,0.138028871911,-0.0,0.0,0.0
YHP1,SMY2241,11/17/2016,P,ZEV,20.0,PLM2,169.6541,155.6525,-0.247390615447,-0.206562010823,0.140281521821,-0.0,0.0,0.0
YHP1,SMY2241,11/17/2016,P,ZEV,30.0,PLM2,262.96465,233.77645,-0.293886870829,-0.276756058079,0.140111846234,-0.0,0.0,0.0
YHP1,SMY2241,11/17/2016,P,ZEV,45.0,PLM2,236.69265,226.6942,-0.186062807486,-0.228368248267,0.138744096699,-0.0,0.0,0.0
YHP1,SMY2241,11/17/2016,P,ZEV,90.0,PLM2,260.80845,215.7497,-0.397436251023,-0.397639198795,0.139845890664,-0.0,0.0,0.0
YHP1,SMY2241,11/17/2016,P,ZEV,0.0,STB1,314.94405,332.5838,0.0,0.0,0.138298054866,0.0,0.0,0.0
YHP1,SMY2241,11/17/2016,P,ZEV,5.0,STB1,284.8422,294.36435,0.0284014277929,0.0889925961493,0.128032834667,0.0,0.0,0.0
YHP1,SMY2241,11/17/2016,P,ZEV,10.0,STB1,349.27885,354.9988,-0.0646370177161,0.00759564915865,0.128327382856,0.0,0.0,0.0
YHP1,SMY2241,11/17/2016,P,ZEV,15.0,STB1,352.8706,354.49445,-0.0818363139612,-0.0331541846534,0.128183867578,-0.0,0.0,0.0
YHP1,SMY2241,11/17/2016,P,ZEV,20.0,STB1,239.79055,259.1295,0.00609548920691,0.0620036575552,0.130606430893,0.0,0.0,0.0
YHP1,SMY2241,11/17/2016,P,ZEV,30.0,STB1,293.3784,321.1656,0.038422105576,0.072333494123,0.130424169084,0.0,0.0,0.0
YHP1,SMY2241,11/17/2016,P,ZEV,45.0,STB1,280.55545,289.304,-0.0481527613032,-0.0397274935491,0.128953707954,-0.0,0.0,0.0
YHP1,SMY2241,11/17/2016,P,ZEV,90.0,STB1,302.0443,266.3077,-0.273556611381,-0.228115081719,0.130138416933,-0.0,0.0,0.0
YHP1,SMY2241,11/17/2016,P,ZEV,0.0,SWI4,515.995,573.06665,0.0,0.0,0.103721921536,0.0,0.0,0.0
YHP1,SMY2241,11/17/2016,P,ZEV,5.0,SWI4,919.49475,1006.8299,-0.0150013679049,-0.0767155024612,0.0970514173471,-0.0,0.0,0.0
YHP1,SMY2241,11/17/2016,P,ZEV,10.0,SWI4,706.1997,794.5058,0.0246218429075,-0.046872980456,0.0974396636234,-0.0,0.0,0.0
YHP1,SMY2241,11/17/2016,P,ZEV,15.0,SWI4,749.5574,812.197,-0.0302806215861,-0.0946056638005,0.0972505771892,-0.0,0.0,0.0
YHP1,SMY2241,11/17/2016,P,ZEV,20.0,SWI4,353.1341,372.23065,-0.0674067481981,-0.0918118002357,0.100422162131,-0.0,0.0,0.0
YHP1,SMY2241,11/17/2016,P,ZEV,30.0,SWI4,617.40535,664.7631,-0.0387613719819,-0.0843697781036,0.100185002558,-0.0,0.0,0.0
YHP1,SMY2241,11/17/2016,P,ZEV,45.0,SWI4,615.05445,678.17755,-0.00517136344668,-0.0379819457167,0.0982630635148,-0.0,0.0,0.0
YHP1,SMY2241,11/17/2016,P,ZEV,90.0,SWI4,643.24785,682.772,-0.0604757097751,-0.0960498718138,0.0998127167152,-0.0,0.0,0.0
YHP1,SMY2241,11/17/2016,P,ZEV,0.0,SWI5,687.67425,637.77015,0.0,0.0,0.0932792030842,0.0,0.0,0.0
YHP1,SMY2241,11/17/2016,P,ZEV,5.0,SWI5,994.92135,992.77935,0.0749802491412,0.0176839884234,0.0877759736096,0.0,0.0,0.0
YHP1,SMY2241,11/17/2016,P,ZEV,10.0,SWI5,1248.695,1240.013,0.0915901691929,0.02010970522,0.0882050564372,0.0,0.0,0.0
YHP1,SMY2241,11/17/2016,P,ZEV,15.0,SWI5,1310.154,1287.516,0.0767996288951,0.0203817922488,0.0879961288789,0.0,0.0,0.0
YHP1,SMY2241,11/17/2016,P,ZEV,20.0,SWI5,790.35065,766.9378,0.0600259647988,0.018632626034,0.0914890954214,0.0,0.0,0.0
YHP1,SMY2241,11/17/2016,P,ZEV,30.0,SWI5,1056.959,1005.7856,0.0293156643579,-0.0158989204584,0.0912287162665,-0.0,0.0,0.0
YHP1,SMY2241,11/17/2016,P,ZEV,45.0,SWI5,1037.44325,1002.11685,0.0518495369722,0.00774474637133,0.0891138237612,0.0,0.0,0.0
YHP1,SMY2241,11/17/2016,P,ZEV,90.0,SWI5,1060.9135,1071.944,0.116412134441,0.0505470743819,0.0908197244661,0.0,0.0,0.0
YHP1,SMY2241,11/17/2016,P,ZEV,0.0,SWI6,682.31215,828.56155,0.0,0.0,0.108397013727,0.0,0.0,0.0
YHP1,SMY2241,11/17/2016,P,ZEV,5.0,SWI6,602.73745,800.82185,0.113524319212,0.00718400306141,0.101219434517,0.0,0.0,0.0
YHP1,SMY2241,11/17/2016,P,ZEV,10.0,SWI6,739.4873,961.3657,0.10218172723,0.0140195303972,0.101591753415,0.0,0.0,0.0
YHP1,SMY2241,11/17/2016,P,ZEV,15.0,SWI6,805.55035,977.9677,0.0049190279131,-0.0483135839636,0.101410409123,-0.0,0.0,0.0
YHP1,SMY2241,11/17/2016,P,ZEV,20.0,SWI6,518.4114,649.66705,0.0505809758213,0.0505073651955,0.104455765575,0.0,0.0,0.0
YHP1,SMY2241,11/17/2016,P,ZEV,30.0,SWI6,628.941,777.7953,0.0297335142238,0.0143081971313,0.104227784455,0.0,0.0,0.0
YHP1,SMY2241,11/17/2016,P,ZEV,45.0,SWI6,629.62925,759.71345,-0.00582544680656,-0.0029710611418,0.102381765789,-0.0,0.0,0.0
YHP1,SMY2241,11/17/2016,P,ZEV,90.0,SWI6,666.45335,815.5899,0.0144750365717,0.0111423742328,0.103869989568,0.0,0.0,0.0
YHP1,SMY2241,11/17/2016,P,ZEV,0.0,TOS4,2079.4185,2075.492,0.0,0.0,0.0918693694751,0.0,0.0,0.0
YHP1,SMY2241,11/17/2016,P,ZEV,5.0,TOS4,2705.116,2567.4075,-0.0622875996801,-0.0193513629213,0.08652801652,-0.0,0.0,0.0
YHP1,SMY2241,11/17/2016,P,ZEV,10.0,TOS4,2588.1895,2258.7925,-0.184131503303,-0.0514870762656,0.0869632570736,-0.0,0.0,0.0
YHP1,SMY2241,11/17/2016,P,ZEV,15.0,TOS4,2725.6965,2465.2405,-0.132968203745,-0.00395901054215,0.0867513388798,-0.0,0.0,0.0
YHP1,SMY2241,11/17/2016,P,ZEV,20.0,TOS4,2349.7965,2203.865,-0.0932558555685,-0.00140935536154,0.0902924730018,-0.0,0.0,0.0
YHP1,SMY2241,11/17/2016,P,ZEV,30.0,TOS4,2173.9675,2201.0015,0.029863577665,0.0133886206447,0.0900286330642,0.0,0.0,0.0
YHP1,SMY2241,11/17/2016,P,ZEV,45.0,TOS4,2115.578,2256.9475,0.10539594869,0.0390743170569,0.0878848660756,0.0,0.0,0.0
YHP1,SMY2241,11/17/2016,P,ZEV,90.0,TOS4,2275.072,2182.578,-0.0479947947099,-0.0351110598235,0.0896141643485,-0.0,0.0,0.0
YHP1,SMY2241,11/17/2016,P,ZEV,0.0,WHI5,46.200795,48.581895,0.0,0.0,0.268002273752,0.0,0.0,0.0
YHP1,SMY2241,11/17/2016,P,ZEV,5.0,WHI5,44.07359,43.185505,-0.0137736207893,-0.0647926556461,0.245577134623,-0.0,0.0,0.0
YHP1,SMY2241,11/17/2016,P,ZEV,10.0,WHI5,49.45427,55.157695,0.10883136372,0.0853872335559,0.245730827305,0.0,0.0,0.0
YHP1,SMY2241,11/17/2016,P,ZEV,15.0,WHI5,73.825635,81.697905,0.0877005227314,0.0924994117138,0.245655910177,0.0,0.0,0.0
YHP1,SMY2241,11/17/2016,P,ZEV,20.0,WHI5,26.0876,24.25411,-0.16395843018,-0.0441875962517,0.246928657892,-0.0,0.0,0.0
YHP1,SMY2241,11/17/2016,P,ZEV,30.0,WHI5,48.249935,51.898515,0.0509556307042,0.146627097168,0.246832303758,0.0,0.0,0.0
YHP1,SMY2241,11/17/2016,P,ZEV,45.0,WHI5,45.209785,52.077285,0.169262740052,0.188295622679,0.246058491201,0.0,0.0,0.0
YHP1,SMY2241,11/17/2016,P,ZEV,90.0,WHI5,45.56005,45.13029,-0.0621861300781,-0.0583300333572,0.246681433957,-0.0,0.0,0.0
YHP1,SMY2241,11/17/2016,P,ZEV,0.0,YHP1,1308.3438,496.50345,0.0,0.0,0.130670172301,0.0,0.0,0.0
YHP1,SMY2241,11/17/2016,P,ZEV,5.0,YHP1,1734.2515,13562.76,4.38897632122,4.38693957557,0.121172157325,4.38693957557,4.38693957556,4.386923199730048
YHP1,SMY2241,11/17/2016,P,ZEV,10.0,YHP1,1595.055,21668.76,5.18406594398,5.07937515186,0.121483341034,5.07937515186,5.07937515187,5.079366681033095
YHP1,SMY2241,11/17/2016,P,ZEV,15.0,YHP1,1684.715,23406.77,5.21638010093,5.10398210181,0.121331730662,5.10398210181,5.10398210181,5.103980097147049
YHP1,SMY2241,11/17/2016,P,ZEV,20.0,YHP1,844.38755,13512.8125,5.44788112392,5.34896916783,0.123888355985,5.34896916783,5.34896916783,5.348968507900892
YHP1,SMY2241,11/17/2016,P,ZEV,30.0,YHP1,1294.3965,18504.4,5.25782301438,5.18554155238,0.123696195735,5.18554155238,5.18554155238,5.185541382846568
YHP1,SMY2241,11/17/2016,P,ZEV,45.0,YHP1,1309.284,18238.81,5.22018102728,5.15161722839,0.122144765557,5.15161722839,5.15161722838,5.15161717047068
YHP1,SMY2241,11/17/2016,P,ZEV,90.0,YHP1,1381.6435,19362.05,5.22878072497,5.13301039556,0.123394864236,5.13301039556,5.13301039557,5.1330103679112575
YHP1,SMY2241,11/17/2016,P,ZEV,0.0,YOX1,2222.791,2669.529,0.0,0.0,0.147233191494,0.0,0.0,0.0
YHP1,SMY2241,11/17/2016,P,ZEV,5.0,YOX1,2251.6775,2282.119,-0.243849056237,-0.0301194701651,0.136082538683,-0.0301194701651,-0.030119470165,-0.0
YHP1,SMY2241,11/17/2016,P,ZEV,10.0,YOX1,1897.634,1870.5105,-0.286143921765,-0.261925424827,0.136359699957,-0.261925424827,-0.261925424827,-0.0997620097645504
YHP1,SMY2241,11/17/2016,P,ZEV,15.0,YOX1,2014.4585,1763.2675,-0.457825493879,-0.465849848761,0.136224647142,-0.465849848761,-0.465849848761,-0.4587831783543187
YHP1,SMY2241,11/17/2016,P,ZEV,20.0,YOX1,2019.2895,1734.4195,-0.48622952755,-0.511935830472,0.138506643784,-0.511935830472,-0.511935830472,-0.5108919032963345
YHP1,SMY2241,11/17/2016,P,ZEV,30.0,YOX1,1614.1485,1498.17,-0.373550080563,-0.426237484325,0.138334791224,-0.426237484325,-0.426237484326,-0.4236121287247
YHP1,SMY2241,11/17/2016,P,ZEV,45.0,YOX1,1626.0995,1410.8,-0.468351770215,-0.486021081394,0.136949294912,-0.486021081394,-0.486021081394,-0.4857192549059314
YHP1,SMY2241,11/17/2016,P,ZEV,90.0,YOX1,1671.481,1244.642,-0.692162008576,-0.655156816509,0.138065412553,-0.655156816509,-0.655156816509,-0.6551549762452266
YOX1,SMY2243,11/17/2016,P,ZEV,0.0,ACE2,1224.47825,887.9303,0.0,0.0,0.129406918687,0.0,0.0,0.0
YOX1,SMY2243,11/17/2016,P,ZEV,5.0,ACE2,1185.27285,902.5691,0.0810584394923,0.00435750348095,0.124168171834,0.0,0.0,0.0
YOX1,SMY2243,11/17/2016,P,ZEV,10.0,ACE2,1352.0145,1058.59835,0.118368825828,0.0413983202266,0.122826508226,0.0,0.0,0.0
YOX1,SMY2243,11/17/2016,P,ZEV,15.0,ACE2,1326.2165,1000.28475,0.065085075739,0.00131744784899,0.123081632463,0.0,0.0,0.0
YOX1,SMY2243,11/17/2016,P,ZEV,20.0,ACE2,1303.36675,964.7976,0.043366793159,0.00246112774525,0.12420823408,0.0,0.0,0.0
YOX1,SMY2243,11/17/2016,P,ZEV,30.0,ACE2,947.91665,702.67795,0.044106743312,0.0310326058027,0.124170384685,0.0,0.0,0.0
YOX1,SMY2243,11/17/2016,P,ZEV,45.0,ACE2,1067.5195,811.56145,0.0773334515512,0.0539256930296,0.124858125364,0.0,0.0,0.0
YOX1,SMY2243,11/17/2016,P,ZEV,90.0,ACE2,1047.0205,836.88945,0.149717124874,0.137538543475,0.124671301216,0.0,0.0,0.0
YOX1,SMY2243,11/17/2016,P,ZEV,0.0,CDC20,504.1143,566.19485,0.0,0.0,0.113114244853,0.0,0.0,0.0
YOX1,SMY2243,11/17/2016,P,ZEV,5.0,CDC20,548.10105,601.2278,-0.0242193162636,0.0236840385682,0.110113440221,0.0236840385682,0.0236840385682,0.0
YOX1,SMY2243,11/17/2016,P,ZEV,10.0,CDC20,655.40145,661.6567,-0.150367512156,-0.117825881862,0.108598277811,-0.117825881862,-0.117825881862,-0.0022600023799061
YOX1,SMY2243,11/17/2016,P,ZEV,15.0,CDC20,630.72005,512.37925,-0.463785456952,-0.407596601883,0.108886744237,-0.407596601883,-0.407596601883,-0.4054797972885123
YOX1,SMY2243,11/17/2016,P,ZEV,20.0,CDC20,525.50285,410.3994,-0.487268326358,-0.398860884053,0.11015861398,-0.398860884053,-0.398860884053,-0.3977869193091792
YOX1,SMY2243,11/17/2016,P,ZEV,30.0,CDC20,377.58405,278.2272,-0.58214388648,-0.537405778274,0.110115935511,-0.537405778274,-0.537405778273,-0.5374017840463002
YOX1,SMY2243,11/17/2016,P,ZEV,45.0,CDC20,525.22395,418.20065,-0.492600582154,-0.419380850642,0.110890875595,-0.419380850642,-0.419380850642,-0.4192813166568539
YOX1,SMY2243,11/17/2016,P,ZEV,90.0,CDC20,513.9972,416.7252,-0.467430222302,-0.368844462011,0.110680477807,-0.368844462011,-0.36884446201,-0.3682681261337284
YOX1,SMY2243,11/17/2016,P,ZEV,0.0,CDH1,811.61735,740.472,0.0,0.0,0.0788994464146,0.0,0.0,0.0
YOX1,SMY2243,11/17/2016,P,ZEV,5.0,CDH1,1042.88475,1010.51105,0.0789977625987,0.02139769174,0.0815488295258,0.0,0.0,0.0
YOX1,SMY2243,11/17/2016,P,ZEV,10.0,CDH1,1135.029,1086.319,0.0722857116503,0.0368300686205,0.0794910549899,0.0,0.0,0.0
YOX1,SMY2243,11/17/2016,P,ZEV,15.0,CDH1,1120.808,1082.171,0.0836578426609,0.0524056657961,0.0798846978477,0.0,0.0,0.0
YOX1,SMY2243,11/17/2016,P,ZEV,20.0,CDH1,1146.30505,1093.2854,0.0547204744175,0.0321016875784,0.0816098162827,0.0,0.0,0.0
YOX1,SMY2243,11/17/2016,P,ZEV,30.0,CDH1,1081.3675,1017.9973,0.0471796782599,0.0271202809959,0.0815521988248,0.0,0.0,0.0
YOX1,SMY2243,11/17/2016,P,ZEV,45.0,CDH1,927.95595,865.1727,0.0367304654844,0.0252536856176,0.0825955699171,0.0,0.0,0.0
YOX1,SMY2243,11/17/2016,P,ZEV,90.0,CDH1,938.4451,917.8864,0.10531757069,0.122004350865,0.0823128789886,0.0,0.0,0.0
YOX1,SMY2243,11/17/2016,P,ZEV,0.0,CLB2,1171.91765,826.6775,0.0,0.0,0.137887672,0.0,0.0,0.0
YOX1,SMY2243,11/17/2016,P,ZEV,5.0,CLB2,1457.9275,1102.9125,0.112083781957,0.0591511535951,0.131555252529,0.0,0.0,0.0
YOX1,SMY2243,11/17/2016,P,ZEV,10.0,CLB2,1316.1305,969.1594,0.0735613108829,0.0024750319697,0.130289679922,0.0,0.0,0.0
YOX1,SMY2243,11/17/2016,P,ZEV,15.0,CLB2,1216.4865,756.6632,-0.171259306583,-0.207069583581,0.130530218038,-0.0,0.0,0.0
YOX1,SMY2243,11/17/2016,P,ZEV,20.0,CLB2,1142.73255,654.7893,-0.313444821259,-0.324401896938,0.131593065868,-0.0,0.0,0.0
YOX1,SMY2243,11/17/2016,P,ZEV,30.0,CLB2,1258.0985,734.6828,-0.261665676803,-0.262748656367,0.131557341125,-0.0,0.0,0.0
YOX1,SMY2243,11/17/2016,P,ZEV,45.0,CLB2,1053.699,653.5961,-0.175018699984,-0.179263039299,0.13220666035,-0.0,0.0,0.0
YOX1,SMY2243,11/17/2016,P,ZEV,90.0,CLB2,1054.5615,685.77945,-0.106816967361,-0.0770326132004,0.132030234864,-0.0,0.0,0.0
YOX1,SMY2243,11/17/2016,P,ZEV,0.0,CLB3,2314.7865,1695.8075,0.0,0.0,0.069999547616,0.0,0.0,0.0
YOX1,SMY2243,11/17/2016,P,ZEV,5.0,CLB3,2463.23,1774.673,-0.0289763683614,-0.00207159112662,0.0744707321614,-0.0,0.0,0.0
YOX1,SMY2243,11/17/2016,P,ZEV,10.0,CLB3,2275.4325,1668.7015,-0.00191919474582,0.0271351304378,0.0722115376864,0.0,0.0,0.0
YOX1,SMY2243,11/17/2016,P,ZEV,15.0,CLB3,2101.73,1567.705,0.0198542650464,0.0400174640113,0.0726446371166,0.0,0.0,0.0
YOX1,SMY2243,11/17/2016,P,ZEV,20.0,CLB3,1804.227,1280.03075,-0.0258583630083,-0.0154505904699,0.0745375104583,-0.0,0.0,0.0
YOX1,SMY2243,11/17/2016,P,ZEV,30.0,CLB3,2003.3895,1476.8795,0.00389054948664,0.00905502458688,0.0744744216814,0.0,0.0,0.0
YOX1,SMY2243,11/17/2016,P,ZEV,45.0,CLB3,1719.9495,1281.173,0.0188013025815,0.0230113935429,0.0756155177298,0.0,0.0,0.0
YOX1,SMY2243,11/17/2016,P,ZEV,90.0,CLB3,1804.513,1264.086,-0.0696626573284,-0.077295183122,0.0753066291835,-0.0,0.0,0.0
YOX1,SMY2243,11/17/2016,P,ZEV,0.0,CLB5,968.9471,786.9748,0.0,0.0,0.127833498907,0.0,0.0,0.0
YOX1,SMY2243,11/17/2016,P,ZEV,5.0,CLB5,1411.8495,1016.80445,-0.167401589702,-0.0746258084045,0.122802465755,-0.0,0.0,0.0
YOX1,SMY2243,11/17/2016,P,ZEV,10.0,CLB5,1313.426,961.99815,-0.142091347277,-0.0737493571743,0.121445715535,-0.0,0.0,0.0
YOX1,SMY2243,11/17/2016,P,ZEV,15.0,CLB5,1210.3005,915.02465,-0.0968073810851,-0.0651233489902,0.121703734325,-0.0,0.0,0.0
YOX1,SMY2243,11/17/2016,P,ZEV,20.0,CLB5,1145.0778,876.653,-0.0855569660921,-0.069529886444,0.122842973393,-0.0,0.0,0.0
YOX1,SMY2243,11/17/2016,P,ZEV,30.0,CLB5,1223.9395,942.70695,-0.0699152954629,-0.0841936527305,0.122804703215,-0.0,0.0,0.0
YOX1,SMY2243,11/17/2016,P,ZEV,45.0,CLB5,1030.9081,715.1384,-0.221695464539,-0.251936747419,0.123500049265,-0.0,0.0,0.0
YOX1,SMY2243,11/17/2016,P,ZEV,90.0,CLB5,1044.0374,694.3733,-0.278644416205,-0.275048166118,0.123311167563,-0.0,0.0,0.0
YOX1,SMY2243,11/17/2016,P,ZEV,0.0,CLB6,341.1486,278.24035,0.0,0.0,0.152662031968,0.0,0.0,0.0
YOX1,SMY2243,11/17/2016,P,ZEV,5.0,CLB6,330.71435,244.3482,-0.169376786495,-0.157205078897,0.144513053841,-0.157205078897,-0.157205078896,-0.0
YOX1,SMY2243,11/17/2016,P,ZEV,10.0,CLB6,313.8565,235.13325,-0.145856670125,-0.0971389852023,0.143361915992,-0.0971389852023,-0.0971389852022,-0.00035973276252343646
YOX1,SMY2243,11/17/2016,P,ZEV,15.0,CLB6,280.5945,200.77715,-0.214326816886,-0.206241841895,0.143580556078,-0.206241841895,-0.206241841895,-0.0731853943107864
YOX1,SMY2243,11/17/2016,P,ZEV,20.0,CLB6,380.96485,266.75755,-0.244024622836,-0.277204542602,0.144547477484,-0.277204542602,-0.277204542602,-0.2210421015267339
YOX1,SMY2243,11/17/2016,P,ZEV,30.0,CLB6,268.85205,154.44505,-0.533223866756,-0.621044618312,0.144514955166,-0.621044618312,-0.621044618312,-0.6210000462699151
YOX1,SMY2243,11/17/2016,P,ZEV,45.0,CLB6,234.30545,121.6299,-0.676442229202,-0.770003087428,0.145106303459,-0.770003087428,-0.770003087428,-0.7700028639699887
YOX1,SMY2243,11/17/2016,P,ZEV,90.0,CLB6,238.14395,93.76445,-1.07372143252,-1.08578076796,0.144945580067,-1.08578076796,-1.08578076796,-1.085780762109373
YOX1,SMY2243,11/17/2016,P,ZEV,0.0,CLN1,6804.892,2800.2405,0.0,0.0,0.162598350277,0.0,0.0,0.0
YOX1,SMY2243,11/17/2016,P,ZEV,5.0,CLN1,5908.2045,2669.893,0.135141651428,0.111828547461,0.153279034185,0.0,0.0,0.0
YOX1,SMY2243,11/17/2016,P,ZEV,10.0,CLN1,5348.302,2384.77,0.116530048497,0.125802537661,0.15219421325,0.0,0.0,0.0
YOX1,SMY2243,11/17/2016,P,ZEV,15.0,CLN1,5371.578,2408.167,0.123379116577,0.120345664148,0.152400182656,0.0,0.0,0.0
YOX1,SMY2243,11/17/2016,P,ZEV,20.0,CLN1,6862.6905,2878.145,0.0274425545617,0.0486492929143,0.15331148958,0.0,0.0,0.0
YOX1,SMY2243,11/17/2016,P,ZEV,30.0,CLN1,4937.4215,1901.406,-0.0958128321602,-0.16792150327,0.153280826775,-0.0,0.0,0.0
YOX1,SMY2243,11/17/2016,P,ZEV,45.0,CLN1,4315.2845,1615.363,-0.136418729446,-0.13957517443,0.153838483136,-0.0,0.0,0.0
YOX1,SMY2243,11/17/2016,P,ZEV,90.0,CLN1,4389.641,1483.244,-0.284400188326,-0.329223021977,0.153686891994,-0.0,0.0,0.0
YOX1,SMY2243,11/17/2016,P,ZEV,0.0,CLN2,471.00815,413.85295,0.0,0.0,0.134670106728,0.0,0.0,0.0
YOX1,SMY2243,11/17/2016,P,ZEV,5.0,CLN2,488.46325,423.65005,-0.0163006748168,0.101159346657,0.128747714924,0.0,0.0,0.0
YOX1,SMY2243,11/17/2016,P,ZEV,10.0,CLN2,819.3888,819.5742,0.194433067648,0.236779205065,0.127454267581,0.0,0.0,0.0
YOX1,SMY2243,11/17/2016,P,ZEV,15.0,CLN2,829.2729,856.96195,0.236425274363,0.243563288522,0.127700146638,0.0,0.0,0.0
YOX1,SMY2243,11/17/2016,P,ZEV,20.0,CLN2,344.67905,324.8272,0.106323948581,0.142754998788,0.128786352596,0.0,0.0,0.0
YOX1,SMY2243,11/17/2016,P,ZEV,30.0,CLN2,269.44605,241.7059,0.0382562071107,0.0096040586278,0.128749849066,0.0,0.0,0.0
YOX1,SMY2243,11/17/2016,P,ZEV,45.0,CLN2,641.8882,577.38485,0.0408041484391,0.0375631780507,0.129413255392,0.0,0.0,0.0
YOX1,SMY2243,11/17/2016,P,ZEV,90.0,CLN2,653.67525,514.00155,-0.154841534445,-0.0508656292636,0.12923301648,-0.0,0.0,0.0
YOX1,SMY2243,11/17/2016,P,ZEV,0.0,CLN3,1082.843,874.36815,0.0,0.0,0.178445054883,0.0,0.0,0.0
YOX1,SMY2243,11/17/2016,P,ZEV,5.0,CLN3,973.6486,885.38455,0.170933950898,0.107201040685,0.167326449604,0.107201040685,0.107201040685,0.0
YOX1,SMY2243,11/17/2016,P,ZEV,10.0,CLN3,898.8275,639.3445,-0.183002927323,-0.229083689266,0.166333270765,-0.229083689266,-0.229083689266,-0.0230852112675896
YOX1,SMY2243,11/17/2016,P,ZEV,15.0,CLN3,839.03605,519.7445,-0.382168271346,-0.381808560384,0.166521752603,-0.381808560384,-0.381808560384,-0.3019483226367963
YOX1,SMY2243,11/17/2016,P,ZEV,20.0,CLN3,1105.502,620.6451,-0.523655189962,-0.523147954062,0.167356180805,-0.523147954062,-0.523147954062,-0.5163167388234817
YOX1,SMY2243,11/17/2016,P,ZEV,30.0,CLN3,791.2052,411.34105,-0.632449052977,-0.600722300448,0.167328091704,-0.600722300448,-0.600722300447,-0.6000483677413758
YOX1,SMY2243,11/17/2016,P,ZEV,45.0,CLN3,714.5291,332.8247,-0.791235547836,-0.713676978803,0.167839081593,-0.713676978803,-0.713676978803,-0.7136507277311627
YOX1,SMY2243,11/17/2016,P,ZEV,90.0,CLN3,696.54765,335.5787,-0.74494975746,-0.646360766373,0.167700146653,-0.646360766373,-0.646360766373,-0.6462885263855075
YOX1,SMY2243,11/17/2016,P,ZEV,0.0,FKH1,853.4447,743.0295,0.0,0.0,0.116238764797,0.0,0.0,0.0
YOX1,SMY2243,11/17/2016,P,ZEV,5.0,FKH1,940.3842,883.767,0.113389899202,0.129611253606,0.112792514946,0.0,0.0,0.0
YOX1,SMY2243,11/17/2016,P,ZEV,10.0,FKH1,890.92535,750.35915,-0.0460282707598,-0.03521117518,0.111313825082,-0.0,0.0,0.0
YOX1,SMY2243,11/17/2016,P,ZEV,15.0,FKH1,825.91075,730.67065,0.0247587524742,0.0130252994703,0.111595272217,0.0,0.0,0.0
YOX1,SMY2243,11/17/2016,P,ZEV,20.0,FKH1,883.68985,777.20975,0.0266556925522,-0.00689667618597,0.112836616152,-0.0,0.0,0.0
YOX1,SMY2243,11/17/2016,P,ZEV,30.0,FKH1,806.1947,738.2372,0.075679561583,0.015035612,0.112794950969,0.0,0.0,0.0
YOX1,SMY2243,11/17/2016,P,ZEV,45.0,FKH1,733.21215,687.42155,0.108510670642,0.0495838706037,0.113551609416,0.0,0.0,0.0
YOX1,SMY2243,11/17/2016,P,ZEV,90.0,FKH1,703.65985,603.2562,-0.0187079586287,-0.0704757623967,0.113346150699,-0.0,0.0,0.0
YOX1,SMY2243,11/17/2016,P,ZEV,0.0,FKH2,426.4893,364.77545,0.0,0.0,0.109990774675,0.0,0.0,0.0
YOX1,SMY2243,11/17/2016,P,ZEV,5.0,FKH2,691.3421,589.9484,0.0158920824662,0.0994665406272,0.107444178474,0.0,0.0,0.0
YOX1,SMY2243,11/17/2016,P,ZEV,10.0,FKH2,638.67085,516.91815,-0.0599171602393,-0.0266889949249,0.105890829227,-0.0,0.0,0.0
YOX1,SMY2243,11/17/2016,P,ZEV,15.0,FKH2,629.58155,522.5615,-0.0251046318785,-0.0263999216765,0.106186650956,-0.0,0.0,0.0
YOX1,SMY2243,11/17/2016,P,ZEV,20.0,FKH2,316.404,275.9231,0.0492022582718,0.0189814928145,0.107490474018,0.0,0.0,0.0
YOX1,SMY2243,11/17/2016,P,ZEV,30.0,FKH2,611.05425,534.5656,0.0521942267275,0.017355724962,0.107446735754,0.0,0.0,0.0
YOX1,SMY2243,11/17/2016,P,ZEV,45.0,FKH2,530.81565,468.95625,0.06699490391,0.0717127299862,0.108240787418,0.0,0.0,0.0
YOX1,SMY2243,11/17/2016,P,ZEV,90.0,FKH2,541.91865,444.57715,-0.0420528882379,-0.0558456773785,0.10802522825,-0.0,0.0,0.0
YOX1,SMY2243,11/17/2016,P,ZEV,0.0,HCM1,888.8223,530.6039,0.0,0.0,0.136650100165,0.0,0.0,0.0
YOX1,SMY2243,11/17/2016,P,ZEV,5.0,HCM1,1183.577,664.63165,-0.0732924266942,-0.0881678323007,0.130474713856,-0.0,0.0,0.0
YOX1,SMY2243,11/17/2016,P,ZEV,10.0,HCM1,1091.8455,661.10555,0.0381951314832,0.0436927738275,0.129198557199,0.0,0.0,0.0
YOX1,SMY2243,11/17/2016,P,ZEV,15.0,HCM1,1009.63655,557.40105,-0.0938062400242,-0.0985848978058,0.129441122944,-0.0,0.0,0.0
YOX1,SMY2243,11/17/2016,P,ZEV,20.0,HCM1,1186.878,666.6242,-0.0731050667925,-0.101879643901,0.130512840259,-0.0,0.0,0.0
YOX1,SMY2243,11/17/2016,P,ZEV,30.0,HCM1,1000.19715,571.53495,-0.0437587158322,-0.0624414855538,0.13047681975,-0.0,0.0,0.0
YOX1,SMY2243,11/17/2016,P,ZEV,45.0,HCM1,877.69365,554.79615,0.100903796726,0.0702377557541,0.131131489463,0.0,0.0,0.0
YOX1,SMY2243,11/17/2016,P,ZEV,90.0,HCM1,851.8669,524.3097,0.0618029559601,0.0249365908339,0.130953615476,0.0,0.0,0.0
YOX1,SMY2243,11/17/2016,P,ZEV,0.0,MBP1,1341.363,872.92455,0.0,0.0,0.0906779477523,0.0,0.0,0.0
YOX1,SMY2243,11/17/2016,P,ZEV,5.0,MBP1,1556.492,991.2238,-0.0306501933632,-0.111159688853,0.0911848922085,-0.0,0.0,0.0
YOX1,SMY2243,11/17/2016,P,ZEV,10.0,MBP1,1829.171,1328.741,0.159252824222,0.107490631063,0.0893493189312,0.0,0.0,0.0
YOX1,SMY2243,11/17/2016,P,ZEV,15.0,MBP1,1928.243,1307.263,0.058950064242,0.0201772766002,0.0896997097,0.0,0.0,0.0
YOX1,SMY2243,11/17/2016,P,ZEV,20.0,MBP1,747.8194,524.0756,0.104940871907,0.128328534694,0.0912394382039,0.0,0.0,0.0
YOX1,SMY2243,11/17/2016,P,ZEV,30.0,MBP1,507.9249,337.14265,0.0314573158188,0.0499710436725,0.0911879054657,0.0,0.0,0.0
YOX1,SMY2243,11/17/2016,P,ZEV,45.0,MBP1,1465.6875,1017.9635,0.094286026311,0.10060631804,0.0921222076374,0.0,0.0,0.0
YOX1,SMY2243,11/17/2016,P,ZEV,90.0,MBP1,1561.5895,979.82895,-0.0519736536255,-0.0415831929614,0.0918688359424,-0.0,0.0,0.0
YOX1,SMY2243,11/17/2016,P,ZEV,0.0,MCM1,1465.4035,1208.1315,0.0,0.0,0.122569735252,0.0,0.0,0.0
YOX1,SMY2243,11/17/2016,P,ZEV,5.0,MCM1,1569.108,1447.9755,0.162435375136,0.0743189741955,0.118245758457,0.0,0.0,0.0
YOX1,SMY2243,11/17/2016,P,ZEV,10.0,MCM1,1392.101,1185.394,0.0455696804862,0.0111543858468,0.116836105804,0.0,0.0,0.0
YOX1,SMY2243,11/17/2016,P,ZEV,15.0,MCM1,1403.7815,1153.431,-0.00850700995782,-0.0383921048814,0.117104281502,-0.0,0.0,0.0
YOX1,SMY2243,11/17/2016,P,ZEV,20.0,MCM1,1379.0785,1136.55605,-0.0145607747951,-0.0150973489174,0.118287826549,-0.0,0.0,0.0
YOX1,SMY2243,11/17/2016,P,ZEV,30.0,MCM1,1325.7795,1093.0793,-0.00339459923718,-0.028070757455,0.118248082137,-0.0,0.0,0.0
YOX1,SMY2243,11/17/2016,P,ZEV,45.0,MCM1,1144.8715,899.30455,-0.0707182108888,-0.0521261252522,0.118970063318,-0.0,0.0,0.0
YOX1,SMY2243,11/17/2016,P,ZEV,90.0,MCM1,1115.90015,925.4081,0.00627822375211,0.0271961091471,0.118773977972,0.0,0.0,0.0
YOX1,SMY2243,11/17/2016,P,ZEV,0.0,NDD1,988.96525,783.5946,0.0,0.0,0.119336290356,0.0,0.0,0.0
YOX1,SMY2243,11/17/2016,P,ZEV,5.0,NDD1,1231.923,1007.85735,0.0624080347724,-0.0211495923939,0.115456634961,-0.0,0.0,0.0
YOX1,SMY2243,11/17/2016,P,ZEV,10.0,NDD1,1156.382,994.96575,0.133818680097,0.0645646763685,0.114012502748,0.0,0.0,0.0
YOX1,SMY2243,11/17/2016,P,ZEV,15.0,NDD1,1147.1685,1041.7073,0.211664536799,0.163489291167,0.114287304237,0.0,0.0,0.0
YOX1,SMY2243,11/17/2016,P,ZEV,20.0,NDD1,882.4643,743.44855,0.100814786513,0.0998850567228,0.115499718931,0.0,0.0,0.0
YOX1,SMY2243,11/17/2016,P,ZEV,30.0,NDD1,1032.3097,875.0813,0.110493621981,0.0760260774579,0.115459014775,0.0,0.0,0.0
YOX1,SMY2243,11/17/2016,P,ZEV,45.0,NDD1,935.7447,754.7351,0.0391653315,0.0531551860056,0.116198326707,0.0,0.0,0.0
YOX1,SMY2243,11/17/2016,P,ZEV,90.0,NDD1,926.2478,718.03355,-0.0190702094671,-0.0192159505383,0.115997556038,-0.0,0.0,0.0
YOX1,SMY2243,11/17/2016,P,ZEV,0.0,NRM1,1020.5353,1139.1515,0.0,0.0,0.130877122453,0.0,0.0,0.0
YOX1,SMY2243,11/17/2016,P,ZEV,5.0,NRM1,892.3632,939.16565,-0.0827361270052,-0.0807905841672,0.125445713536,-0.0,0.0,0.0
YOX1,SMY2243,11/17/2016,P,ZEV,10.0,NRM1,820.21445,848.6402,-0.107391955741,-0.13605721341,0.124117860402,-0.0,0.0,0.0
YOX1,SMY2243,11/17/2016,P,ZEV,15.0,NRM1,811.76455,905.49285,0.00140301776214,-0.0105753208244,0.124370335682,-0.0,0.0,0.0
YOX1,SMY2243,11/17/2016,P,ZEV,20.0,NRM1,1006.5493,1134.946,0.018799344409,-0.0138102788732,0.125485367917,-0.0,0.0,0.0
YOX1,SMY2243,11/17/2016,P,ZEV,30.0,NRM1,744.33225,835.4623,0.0115552179162,-0.0185772372227,0.125447903851,-0.0,0.0,0.0
YOX1,SMY2243,11/17/2016,P,ZEV,45.0,NRM1,640.2083,657.07955,-0.118154084295,-0.148461161479,0.126128678806,-0.0,0.0,0.0
YOX1,SMY2243,11/17/2016,P,ZEV,90.0,NRM1,608.0829,544.789,-0.315255176944,-0.321954009105,0.125943739403,-0.0,0.0,0.0
YOX1,SMY2243,11/17/2016,P,ZEV,0.0,PLM2,231.64445,176.0054,0.0,0.0,0.14923602336,0.0,0.0,0.0
YOX1,SMY2243,11/17/2016,P,ZEV,5.0,PLM2,344.0096,283.67935,0.119651403603,0.040476971697,0.141499475677,0.0,0.0,0.0
YOX1,SMY2243,11/17/2016,P,ZEV,10.0,PLM2,306.2425,239.53125,0.042748047199,0.0673095283039,0.140323618266,0.0,0.0,0.0
YOX1,SMY2243,11/17/2016,P,ZEV,15.0,PLM2,313.07205,259.9452,0.128118677889,0.182533086196,0.14054698492,0.0,0.0,0.0
YOX1,SMY2243,11/17/2016,P,ZEV,20.0,PLM2,278.4025,204.17595,-0.0698647035338,-0.0290360989098,0.141534632276,-0.0,0.0,0.0
YOX1,SMY2243,11/17/2016,P,ZEV,30.0,PLM2,284.32345,205.5564,-0.0674144303141,-0.0502836175632,0.141501417494,-0.0,0.0,0.0
YOX1,SMY2243,11/17/2016,P,ZEV,45.0,PLM2,237.3392,160.21795,-0.170394836445,-0.212700277227,0.142105306691,-0.0,0.0,0.0
YOX1,SMY2243,11/17/2016,P,ZEV,90.0,PLM2,241.5144,133.67625,-0.456323318399,-0.456526266171,0.141941185239,-0.0,0.0,0.0
YOX1,SMY2243,11/17/2016,P,ZEV,0.0,STB1,340.32915,269.5329,0.0,0.0,0.138298054866,0.0,0.0,0.0
YOX1,SMY2243,11/17/2016,P,ZEV,5.0,STB1,314.41675,253.68785,0.0251620056409,0.0857531739975,0.131913744708,0.0,0.0,0.0
YOX1,SMY2243,11/17/2016,P,ZEV,10.0,STB1,328.3658,246.4606,-0.0792561937921,-0.00702352691728,0.130651644725,-0.0,0.0,0.0
YOX1,SMY2243,11/17/2016,P,ZEV,15.0,STB1,346.43905,270.09585,-0.0239884838899,0.0246936454178,0.130891517663,0.0,0.0,0.0
YOX1,SMY2243,11/17/2016,P,ZEV,20.0,STB1,195.8637,141.30185,-0.138058731182,-0.0821505628337,0.131951455314,-0.0,0.0,0.0
YOX1,SMY2243,11/17/2016,P,ZEV,30.0,STB1,236.7788,161.08152,-0.187733987305,-0.153822598759,0.131915827629,-0.0,0.0,0.0
YOX1,SMY2243,11/17/2016,P,ZEV,45.0,STB1,268.4611,194.34735,-0.126333985712,-0.117908717958,0.132563390934,-0.0,0.0,0.0
YOX1,SMY2243,11/17/2016,P,ZEV,90.0,STB1,294.9128,190.6681,-0.294826900147,-0.249385370486,0.132387440844,-0.0,0.0,0.0
YOX1,SMY2243,11/17/2016,P,ZEV,0.0,SWI4,434.82085,451.6792,0.0,0.0,0.103721921536,0.0,0.0,0.0
YOX1,SMY2243,11/17/2016,P,ZEV,5.0,SWI4,715.4315,767.3333,0.0504452584921,-0.0112688760642,0.102116633803,-0.0112688760642,-0.0112688760642,-0.0
YOX1,SMY2243,11/17/2016,P,ZEV,10.0,SWI4,720.66205,831.8447,0.153594050512,0.0820992271489,0.10048095902,0.0820992271489,0.0820992271489,0.0003041360019013296
YOX1,SMY2243,11/17/2016,P,ZEV,15.0,SWI4,754.42945,672.6106,-0.219546748701,-0.283871790916,0.100792659715,-0.283871790916,-0.283871790915,-0.2632818285803606
YOX1,SMY2243,11/17/2016,P,ZEV,20.0,SWI4,428.1841,325.94245,-0.461273062705,-0.485678114742,0.102165343517,-0.485678114742,-0.485678114742,-0.4856595808135763
YOX1,SMY2243,11/17/2016,P,ZEV,30.0,SWI4,693.6509,534.3424,-0.429202616255,-0.474811022376,0.102119324495,-0.474811022376,-0.474811022376,-0.4748019622900497
YOX1,SMY2243,11/17/2016,P,ZEV,45.0,SWI4,620.00775,443.05225,-0.537725975658,-0.570536557928,0.102954472813,-0.570536557928,-0.570536557928,-0.570536535072514
YOX1,SMY2243,11/17/2016,P,ZEV,90.0,SWI4,647.9826,458.32925,-0.554333324225,-0.589907486264,0.102727821692,-0.589907486264,-0.589907486264,-0.5899074830853391
YOX1,SMY2243,11/17/2016,P,ZEV,0.0,SWI5,654.08655,462.94425,0.0,0.0,0.0932792030842,0.0,0.0,0.0
YOX1,SMY2243,11/17/2016,P,ZEV,5.0,SWI5,1056.78295,789.0805,0.065775229401,0.00847896868299,0.0933458667178,0.0,0.0,0.0
YOX1,SMY2243,11/17/2016,P,ZEV,10.0,SWI5,1298.2725,1055.29895,0.199665531136,0.128185067163,0.0915536294183,0.0,0.0,0.0
YOX1,SMY2243,11/17/2016,P,ZEV,15.0,SWI5,1294.548,923.698,0.0116576720607,-0.0447601645857,0.0918956157087,-0.0,0.0,0.0
YOX1,SMY2243,11/17/2016,P,ZEV,20.0,SWI5,554.8533,400.1747,0.0272741852631,-0.0141191535018,0.0933991506919,-0.0,0.0,0.0
YOX1,SMY2243,11/17/2016,P,ZEV,30.0,SWI5,885.0819,603.73005,-0.0622232654387,-0.107437850255,0.0933488102197,-0.0,0.0,0.0
YOX1,SMY2243,11/17/2016,P,ZEV,45.0,SWI5,1052.5835,745.41905,0.00169121294896,-0.0424135776519,0.0942616963894,-0.0,0.0,0.0
YOX1,SMY2243,11/17/2016,P,ZEV,90.0,SWI5,1108.6175,794.6563,0.0177583850924,-0.048106674967,0.0940140908782,-0.0,0.0,0.0
YOX1,SMY2243,11/17/2016,P,ZEV,0.0,SWI6,384.79045,327.939,0.0,0.0,0.108397013727,0.0,0.0,0.0
YOX1,SMY2243,11/17/2016,P,ZEV,5.0,SWI6,645.74455,622.173,0.181344912231,0.0750045960803,0.106085829469,0.0,0.0,0.0
YOX1,SMY2243,11/17/2016,P,ZEV,10.0,SWI6,773.7421,733.51255,0.158305626836,0.070143430003,0.104512293251,0.0,0.0,0.0
YOX1,SMY2243,11/17/2016,P,ZEV,15.0,SWI6,758.8799,687.11945,0.0916291209448,0.0383965090682,0.104812005836,0.0,0.0,0.0
YOX1,SMY2243,11/17/2016,P,ZEV,20.0,SWI6,629.7362,591.61725,0.136581629955,0.136508019329,0.106132717532,0.0,0.0,0.0
YOX1,SMY2243,11/17/2016,P,ZEV,30.0,SWI6,698.3852,654.8138,0.142422151148,0.126996834056,0.106088419492,0.0,0.0,0.0
YOX1,SMY2243,11/17/2016,P,ZEV,45.0,SWI6,608.37755,540.11635,0.0643365580018,0.0671909436665,0.106892561888,0.0,0.0,0.0
YOX1,SMY2243,11/17/2016,P,ZEV,90.0,SWI6,626.1957,556.4436,0.0649480985495,0.0616154362107,0.106674278364,0.0,0.0,0.0
YOX1,SMY2243,11/17/2016,P,ZEV,0.0,TOS4,2511.0185,1317.69935,0.0,0.0,0.0918693694751,0.0,0.0,0.0
YOX1,SMY2243,11/17/2016,P,ZEV,5.0,TOS4,2707.861,1404.0355,-0.0100016915023,0.0329345452564,0.0921733526193,0.0329345452564,0.0329345452564,0.0
YOX1,SMY2243,11/17/2016,P,ZEV,10.0,TOS4,2527.889,1357.638,0.0415672283028,0.174211655341,0.0903578616361,0.174211655341,0.174211655341,0.0670329590262491
YOX1,SMY2243,11/17/2016,P,ZEV,15.0,TOS4,2462.12,1209.666,-0.0867183120723,0.0422908811305,0.0907043564899,0.0422908811305,0.0422908811305,0.0
YOX1,SMY2243,11/17/2016,P,ZEV,20.0,TOS4,2538.286,1277.9171,-0.0616830185444,0.0301634816626,0.0922273140112,0.0301634816626,0.0301634816625,0.0
YOX1,SMY2243,11/17/2016,P,ZEV,30.0,TOS4,2340.119,1160.4865,-0.0710770673116,-0.0875520243318,0.0921763335634,-0.0875520243318,-0.0875520243318,-0.0360996945098014
YOX1,SMY2243,11/17/2016,P,ZEV,45.0,TOS4,2025.252,936.94575,-0.172910419913,-0.239232051545,0.0931007170003,-0.239232051545,-0.239232051546,-0.2354423912603971
YOX1,SMY2243,11/17/2016,P,ZEV,90.0,TOS4,2119.1075,761.13075,-0.538079112366,-0.525195377479,0.0928500155273,-0.525195377479,-0.52519537748,-0.5251953730741418
YOX1,SMY2243,11/17/2016,P,ZEV,0.0,WHI5,45.70176,51.757795,0.0,0.0,0.268002273752,0.0,0.0,0.0
YOX1,SMY2243,11/17/2016,P,ZEV,5.0,WHI5,54.555195,62.78897,0.058224729518,0.00720569466126,0.247622612741,0.0,0.0,0.0
YOX1,SMY2243,11/17/2016,P,ZEV,10.0,WHI5,69.017395,78.015595,0.0234441301642,0.0,0.246952575542,0.0,0.0,0.0
YOX1,SMY2243,11/17/2016,P,ZEV,15.0,WHI5,54.610865,55.709995,-0.135641912371,-0.130843023389,0.247079565511,-0.0,0.0,0.0
YOX1,SMY2243,11/17/2016,P,ZEV,20.0,WHI5,45.60862,42.970605,-0.246239810916,-0.126468976988,0.247642704025,-0.0,0.0,0.0
YOX1,SMY2243,11/17/2016,P,ZEV,30.0,WHI5,45.652305,44.715575,-0.201223229086,-0.105551762621,0.247623722362,-0.0,0.0,0.0
YOX1,SMY2243,11/17/2016,P,ZEV,45.0,WHI5,37.326725,42.79131,0.0288248786305,0.0478577612584,0.24796930236,0.0,0.0,0.0
YOX1,SMY2243,11/17/2016,P,ZEV,90.0,WHI5,41.55719,36.607895,-0.347566986644,-0.343710889923,0.247875284752,-0.0,0.0,0.0
YOX1,SMY2243,11/17/2016,P,ZEV,0.0,YHP1,916.8923,1098.085,0.0,0.0,0.130670172301,0.0,0.0,0.0
YOX1,SMY2243,11/17/2016,P,ZEV,5.0,YHP1,1670.548,2055.745,0.0389455995389,0.0369088538792,0.125265801402,0.0369088538792,0.0369088538792,0.0
YOX1,SMY2243,11/17/2016,P,ZEV,10.0,YHP1,1483.602,1774.114,-0.00200299261138,-0.106693784733,0.123936020702,-0.106693784733,-0.106693784733,-0.0004310420721180571
YOX1,SMY2243,11/17/2016,P,ZEV,15.0,YHP1,1402.8285,1363.741,-0.301263548979,-0.413661548102,0.124188865661,-0.413661548102,-0.413661548102,-0.4055183293148813
YOX1,SMY2243,11/17/2016,P,ZEV,20.0,YHP1,1032.30815,829.59385,-0.555279736555,-0.654191692646,0.125305512718,-0.654191692646,-0.654191692645,-0.6541892821929011
YOX1,SMY2243,11/17/2016,P,ZEV,30.0,YHP1,1390.5845,1008.037,-0.724488547131,-0.796770009128,0.125267994863,-0.796770009128,-0.796770009128,-0.7967699830788106
YOX1,SMY2243,11/17/2016,P,ZEV,45.0,YHP1,1202.5415,817.15835,-0.817359242362,-0.885923041249,0.125949742254,-0.885923041249,-0.885923041249,-0.8859230312903408
YOX1,SMY2243,11/17/2016,P,ZEV,90.0,YHP1,1219.847,717.3909,-1.0263465311,-1.1221168605,0.125764539721,-1.1221168605,-1.1221168605,-1.122116854453579
YOX1,SMY2243,11/17/2016,P,ZEV,0.0,YOX1,2537.401,639.3661,0.0,0.0,0.147233191494,0.0,0.0,0.0
YOX1,SMY2243,11/17/2016,P,ZEV,5.0,YOX1,2296.141,3688.8825,2.67384105311,2.88757063919,0.139740068072,2.88757063919,2.88757063918,2.887559860283927
YOX1,SMY2243,11/17/2016,P,ZEV,10.0,YOX1,2091.3405,7382.0395,3.80789720785,3.83211570478,0.138549279504,3.83211570478,3.83211570478,3.832109313988582
YOX1,SMY2243,11/17/2016,P,ZEV,15.0,YOX1,2041.578,8438.8785,4.03816874306,4.03014438819,0.138775502081,4.03014438819,4.03014438818,4.030142805282376
YOX1,SMY2243,11/17/2016,P,ZEV,20.0,YOX1,1790.5145,7044.1465,3.96754697852,3.9418406756,0.139775667201,3.9418406756,3.9418406756,3.9418401892753794
YOX1,SMY2243,11/17/2016,P,ZEV,30.0,YOX1,1908.5,7556.6785,3.97479223781,3.92210483405,0.139742034338,3.92210483405,3.92210483405,3.92210470582272
YOX1,SMY2243,11/17/2016,P,ZEV,45.0,YOX1,1619.113,6750.823,4.04890273718,4.031233426,0.140353493714,4.031233426,4.031233426,4.031233380684912
YOX1,SMY2243,11/17/2016,P,ZEV,90.0,YOX1,1657.613,7770.3525,4.21933587405,4.2563410661,0.140187321378,4.2563410661,4.25634106611,4.256341043175107
