Genes,peak_time,Distance
HSP150,8.0,2.5102209427546134
YDR089W,46.0,2.5275078032206917
HHO1,40.0,2.6110657091022413
SPO12,71.0,2.6146790019306434
SIM1,39.0,2.68486063668794
WTM2,69.0,2.6994974779525323
CSM1,46.0,2.70027588508875
CWP2,50.0,2.7014039122751625
PDR5,54.0,2.739889917506925
BNI5,36.0,2.7538915216280473
GYP6,5.0,2.7566789833830834
SPC105,38.0,2.756940180918266
YNL030W,38.0,2.7573910113892057
NBP2,6.0,2.8054308346554064
YJL118W,39.0,2.8247007440822416
IAH1,8.0,2.8280524746214124
YCR085W,44.0,2.834399427200432
ECM33,45.0,2.8346011680429135
ADH3,25.0,2.835514883046692
DBF2,72.0,2.852489778304223
SUR7,56.0,2.8908483799523643
BEM1,3.0,2.911670702913238
NRM1,41.0,2.918519245732769
PHO8,17.0,2.9223772752058608
NDL1,73.0,2.9349231616350573
CIS3,46.0,2.9363557437749948
AIM34,45.0,2.936751829380583
PSA1,37.0,2.9388024712220235
HTZ1,46.0,2.9466488208232113
LPP1,21.0,2.954624833204507
HTA2,39.0,2.969649110137006
GAS5,52.0,2.993874341085241
HEK2,50.0,3.0071782671837246
BTT1,47.0,3.0220714158547994
PRY2,32.0,3.022283186272248
PDS1,36.0,3.027169695256277
MET32,47.0,3.029676950117034
TDA11,21.0,3.0462703610698467
SVS1,32.0,3.0590963986756092
CDC37,5.0,3.078622252180069
MSB2,37.0,3.086373679838306
YDL157C,31.0,3.0876156848020875
NUF2,55.0,3.0946643210187395
YLR455W,46.0,3.128278506521252
MTC1,12.0,3.140285142657231
YKR070W,19.0,3.142875246204564
NHP10,0.0,3.1441253272308995
JLP2,54.0,3.1467649523240295
YGR153W,27.0,3.1521812182292734
DAD3,47.0,3.15512885259701
MCM2,7.0,3.1583963320802235
TFC1,54.0,3.166197622037241
MSA1,8.0,3.16759221108114
LOT5,56.0,3.1802196006487606
MYO3,69.0,3.1851803106898435
SWI5,57.0,3.1976909665190636
YHR173C,39.0,3.1986665890237997
GPI11,43.0,3.2079850175412763
YKL069W,50.0,3.210722342537477
CIN8,40.0,3.223647010739667
HHT2,38.0,3.2246853623668326
SHO1,32.0,3.2315542993944386
OCA2,64.0,3.2331678471976844
TFB3,70.0,3.2367333729315546
PCP1,6.0,3.2429820574793773
YGL185C,16.0,3.243387057368672
YMR253C,1.0,3.2466503332236596
END3,4.0,3.254294861347419
SRL1,39.0,3.256101582217036
SRS2,42.0,3.2600438784167673
SPC34,41.0,3.260915807611646
YHC3,31.0,3.262293208985822
DAM1,44.0,3.263291341286248
ALG7,44.0,3.2680315450005324
YML083C,31.0,3.2692660650252017
MCM4,5.0,3.270584778892303
YHR214C-E,24.0,3.2746210950235546
FLR1,39.0,3.276344093129277
BIO2,25.0,3.2865382445580695
DNF1,47.0,3.290977539519429
CPT1,21.0,3.294190762593318
GTT3,46.0,3.299129121065492
NCE102,63.0,3.3020226094388407
SCW4,53.0,3.302978054107228
BNS1,66.0,3.303406265388467
DYN3,49.0,3.31444357342822
GDT1,40.0,3.3150266907059227
SRC1,58.0,3.315246197448958
INP2,45.0,3.316123564676348
SML1,57.0,3.3187222143574386
SMD2,71.0,3.3188162344446464
SGO1,44.0,3.3209411853836404
ERP5,25.0,3.3227303392551275
ENV9,44.0,3.3286381434286394
PSY3,30.0,3.3326613037137225
ECM9,50.0,3.3327804056621706
GAS1,39.0,3.3330376880254313
FIN1,50.0,3.33713366916214
PLB2,43.0,3.340060944813278
TUB2,43.0,3.343549177562703
AIM20,59.0,3.3439842059261182
CLB1,56.0,3.3450951939924884
FAR8,14.0,3.352731812608735
MCM22,55.0,3.359417074891234
LEA1,0.0,3.362986149985596
HCM1,30.0,3.3655628798541306
SWE1,30.0,3.370157496121308
SMA2,49.0,3.372800704889808
TEL2,42.0,3.377181110180124
NUR1,5.0,3.377670798465306
MCM5,7.0,3.3784402175784662
SIW14,72.0,3.383304362941107
SEC53,36.0,3.383825220143845
IDH1,31.0,3.385624024730654
BUD4,56.0,3.387693496742404
YLR342W-A,30.0,3.3878831849234357
BUG1,9.0,3.389271023280585
TEM1,58.0,3.3994933266802243
SPO77,32.0,3.406281919966419
TAL1,26.0,3.4095593478084636
RNH70,18.0,3.4105231622751204
VPS20,0.0,3.4112468898969603
YCR024C-B,59.0,3.413825333491204
NUM1,52.0,3.4187840927586883
FRD1,26.0,3.4221910748221944
PMA1,58.0,3.4254836144589524
CPR2,10.0,3.428067504412623
CSN9,44.0,3.431361549108277
SHE2,56.0,3.436199861304847
YOL114C,64.0,3.436591560625115
CPS1,12.0,3.436597559236905
RDS2,48.0,3.4433665313273902
GET3,22.0,3.4473137269216076
PHS1,29.0,3.448409272004382
SKN1,71.0,3.449192654208123
PMI40,35.0,3.4518591432941204
NAM8,44.0,3.4531867654640536
YGR042W,13.0,3.4557214455128
MOB1,60.0,3.4559164729470537
YLR050C,25.0,3.4559706737922165
PAN2,33.0,3.456549457008795
TFC6,43.0,3.461071929475509
YPR063C,24.0,3.462050918026402
LCD1,29.0,3.4624273768351372
STE50,71.0,3.4651111136556123
SBH1,38.0,3.4662772568546067
STU2,43.0,3.4665266077605725
KIP1,42.0,3.4669820049466447
SFG1,59.0,3.4692734698161245
YHP1,40.0,3.469568554138693
YIH1,33.0,3.469779923898262
OCH1,28.0,3.4699334551347585
LCB3,42.0,3.4699336839031996
MSB4,48.0,3.4709780347751735
GNA1,50.0,3.4709867999662865
CDC5,56.0,3.4710338410049113
MAD3,47.0,3.4711975983169525
ACE2,57.0,3.4742968767260876
YNL010W,52.0,3.4746819057210714
COQ5,9.0,3.4752639631510784
UBC9,44.0,3.477207758145502
LPX1,34.0,3.484045283781956
YOR131C,13.0,3.4847687898538253
RGA2,5.0,3.4878276060788806
FDC1,14.0,3.488293953115897
SHE1,39.0,3.4888623045086002
ENT1,9.0,3.488925471635689
BIM1,31.0,3.49056444050895
SKM1,54.0,3.49287397444173
ZIM17,21.0,3.499968360939395
RNH203,31.0,3.5008618383421837
ASF2,30.0,3.5013496260641004
CDC20,67.0,3.503150468243324
MPS2,31.0,3.5055188863889595
GFD1,73.0,3.5083803298458225
TPT1,36.0,3.5131339769823398
VAM3,2.0,3.5138656909114996
YPR148C,70.0,3.514397255695366
SED1,71.0,3.5152224118776183
KEL1,33.0,3.5158363270287167
RRN9,44.0,3.5183751635514975
TIP1,8.0,3.5184196296026737
PMT3,27.0,3.5257946270415093
COX11,51.0,3.532870267407822
YIF1,27.0,3.533613280232421
SYF2,67.0,3.5339797748089317
YBL082C,42.0,3.5368726313988663
FHL1,46.0,3.5376711756880947
RAD51,23.0,3.542649499479365
HTB2,40.0,3.5429728774643494
TBF1,45.0,3.5434966992160977
ERV25,30.0,3.553698523204084
ALG14,28.0,3.554256237030611
PMP1,61.0,3.5558072482949785
DSN1,46.0,3.5565614098853326
RCE1,50.0,3.5574479651590267
CAB4,16.0,3.558761028078086
NSE4,23.0,3.5604211152351786
YNL024C,49.0,3.561919490444581
DSS4,22.0,3.5622506753711964
MGS1,24.0,3.563023245176298
SUR2,35.0,3.5690601573412253
MPS1,49.0,3.570612361542856
YKR041W,54.0,3.574211164185184
VID22,44.0,3.5760200724945657
ASE1,58.0,3.5783169927495835
YDR444W,46.0,3.5791398804511783
URA5,55.0,3.579253096447348
YRB30,5.0,3.5793095253706335
SET3,56.0,3.579447509541072
CUE5,2.0,3.5825997135078285
YBR138C,59.0,3.5866033136511146
LOH1,44.0,3.587422471221712
VIK1,45.0,3.5885011020813304
SWI6,43.0,3.5886884673282426
PHO88,28.0,3.5903662089829425
NPP2,45.0,3.5928719314225064
NUD1,36.0,3.593421170643316
MXR1,49.0,3.593586026529623
SPA2,32.0,3.5938675169457426
PMT5,31.0,3.5946899445408165
YHR216W,66.0,3.5953073485556644
TFC8,34.0,3.596678835356595
ERD1,31.0,3.5992965518292745
CLB3,43.0,3.6002092703171438
SNF7,0.0,3.601919488837092
OSM1,66.0,3.602812021043104
EMP24,32.0,3.6038969832484304
OPY2,30.0,3.6067727796531286
KAR9,45.0,3.6081958180618123
RLF2,19.0,3.6095986701166383
RPN12,3.0,3.610712611845967
CCE1,52.0,3.6113574589890542
SNF5,46.0,3.611365500590188
CCW12,51.0,3.611489869841036
SPC97,39.0,3.612121159871703
BUD3,50.0,3.6127593442091634
SUR4,35.0,3.6165138208183896
NBA1,64.0,3.616938829658165
ORC1,48.0,3.6186963534391
CTF18,29.0,3.6187774550171983
DIC1,36.0,3.619034666371493
ADK2,28.0,3.619109786815203
AIM32,60.0,3.6220479175192346
VRG4,36.0,3.6225213099921723
NSE3,6.0,3.622796741463343
SPC110,37.0,3.626204606702934
CLB2,57.0,3.6263911034482574
WSC4,59.0,3.62772622169499
DUT1,35.0,3.6331527605880343
POL31,29.0,3.6366423774492564
SPN1,2.0,3.638528241350538
SPC98,39.0,3.6389302038537736
SAR1,29.0,3.6395606972410337
ROM1,68.0,3.64064118670382
RNH201,30.0,3.641569900716716
CTA1,26.0,3.642040582032946
PCH2,34.0,3.6431616583032658
AUS1,16.0,3.646050383687198
EXO1,24.0,3.647165969284615
TUP1,43.0,3.6472662176553676
YHR139C-A,51.0,3.6489772755498393
ADK1,41.0,3.6527575999586315
FRM2,43.0,3.6550336183435728
SPC24,43.0,3.656333260181362
SHH3,39.0,3.6567618235711024
RAD54,28.0,3.65847713640162
YFR039C,60.0,3.6598270871045533
NHP6A,50.0,3.660874635322596
STB5,46.0,3.6638033122221683
YNL333W,28.0,3.666593848093474
WSC2,35.0,3.6673332829282526
VMA16,62.0,3.667766543950263
FET3,59.0,3.6704456589584122
RER1,37.0,3.673458096035134
SPC29,29.0,3.673482631951995
snR68,54.0,3.673585060461318
OPT1,42.0,3.674166976046988
PAA1,0.0,3.676594366921928
KIP2,54.0,3.6795430130969446
IES6,57.0,3.680079300321044
HST3,57.0,3.680956237509145
MSS18,15.0,3.6814702486712165
MNN11,42.0,3.6829945102568185
AXL2,28.0,3.6851726688715543
AIM45,45.0,3.685266573157393
MFB1,45.0,3.6876268743248435
HSP60,26.0,3.6883847110912114
YMR144W,39.0,3.690665974660235
SLU7,3.0,3.69309759505325
YER152C,21.0,3.6937137584330078
YGL041W-A,3.0,3.694566145825972
GCN5,50.0,3.6945810039037066
CTF3,34.0,3.694728117163785
MDM1,45.0,3.6948364716098885
IRA1,4.0,3.695348493460049
TPO3,60.0,3.695547888414247
ALG5,43.0,3.695681971303615
QRI1,25.0,3.69639488008439
NNF1,41.0,3.697859444634948
YOR378W,35.0,3.6981179360608563
PRP5,1.0,3.699288103720939
CGI121,45.0,3.703842263924979
YCS4,39.0,3.7045668285470663
RRG7,52.0,3.7048423265119
ERV29,73.0,3.7058545527197033
CLN1,30.0,3.706071991691654
IES2,5.0,3.7082262846893665
YBL010C,23.0,3.7087899881458988
AVT2,28.0,3.7097755805466077
LAC1,36.0,3.7108473936645052
DLT1,45.0,3.713930272586034
YMR254C,73.0,3.7165065664248362
PMT4,34.0,3.7181644635479856
PSF1,27.0,3.7184549970986702
EPT1,22.0,3.7198956904958265
TDA2,2.0,3.7227659781729807
DCW1,25.0,3.723015199164368
YCR041W,0.0,3.7233296369722204
OLE1,2.0,3.725011100555156
MEC3,43.0,3.7255228690817503
CAC2,27.0,3.726370502659142
RPN7,5.0,3.7267593832453128
YLR257W,73.0,3.7271470243652502
BUB1,35.0,3.7277763146294776
CKB2,27.0,3.728136173499543
TAH1,35.0,3.728853240011897
YLR236C,31.0,3.730651124584868
EUG1,21.0,3.7307758289128916
VPS45,5.0,3.7339397416012248
SWD1,24.0,3.734691306778499
MRPL1,8.0,3.7357699757391147
RSF2,41.0,3.7377826163694734
SGS1,46.0,3.7383784453846145
YPT31,63.0,3.739902724490755
REV1,58.0,3.7402765343957314
ARP7,46.0,3.7409153831710222
STB1,24.0,3.7432298623591036
MTC6,70.0,3.7437118912127794
ARP1,35.0,3.744295233330415
PHO5,70.0,3.7453091269718892
CSM2,33.0,3.7453123404154907
ALG2,36.0,3.745734382628107
MCM7,3.0,3.7458754331704798
TFC4,48.0,3.7460696279154875
BUD2,31.0,3.7462249921463604
SIF2,46.0,3.7462991135028614
YDL119C,6.0,3.746468952832412
YJL181W,24.0,3.750131677829953
YNL295W,3.0,3.750340890173797
HSL1,29.0,3.750572056997486
YPT11,24.0,3.7537327392434254
SPC42,29.0,3.757290128190503
TUB4,27.0,3.757950740280091
SNF12,44.0,3.759473795615336
CDC3,51.0,3.7607117163126733
ASF1,21.0,3.761437414306883
TOM71,33.0,3.761990785944129
TLG1,65.0,3.762891376951691
STN1,43.0,3.763581147907064
DID2,4.0,3.7644375343133576
DJP1,3.0,3.767640037753811
PEX11,23.0,3.7679518409048325
MCM3,10.0,3.7679936393604008
ECM25,35.0,3.768017022689407
CHS2,61.0,3.7698743952423373
OKP1,48.0,3.769991878582584
FPR3,7.0,3.7700673984688864
BUB2,45.0,3.771944577465137
NAS6,7.0,3.772292698240279
FEN1,41.0,3.77234416149723
REB1,48.0,3.7727251062699243
SWI1,39.0,3.7735252353312703
RPT4,7.0,3.7746925955874753
MEF2,55.0,3.7754215236398756
DOT1,27.0,3.7757299143579663
YEL077C,17.0,3.7763418118394143
MDG1,5.0,3.777698673282291
CST26,29.0,3.7817725881089976
ASK1,49.0,3.7865850101599468
YCR023C,35.0,3.787843636962681
CSE4,43.0,3.7885395663660724
EMP70,46.0,3.7886817221830955
UBP16,49.0,3.7902716110983197
PMT2,36.0,3.7903680809162212
FYV6,3.0,3.790382901603197
COQ8,59.0,3.791633072977138
BBP1,31.0,3.792195552813566
PSF3,26.0,3.7929180896019767
COX18,10.0,3.79365848872633
BUB3,32.0,3.793721791928625
HMRA1,70.0,3.793798413584455
SPE3,25.0,3.7945650492184844
RAP1,44.0,3.794790315865451
TIR3,55.0,3.79575540522605
HEM12,32.0,3.7961787108015552
IRC8,57.0,3.7985956160609304
TPM1,3.0,3.799136167827889
MIP1,47.0,3.7995441894447466
SHE3,52.0,3.8008794652949476
IMP1,0.0,3.801027215220988
BUR6,72.0,3.8018622830511384
ECM10,50.0,3.8035387510144716
FKH2,49.0,3.804791942796461
YFL059W,28.0,3.8078503947994746
IRC15,28.0,3.8080182429385667
YNL144C,65.0,3.808113415316514
CAJ1,5.0,3.808393526287221
ERS1,39.0,3.808451917053689
ECO1,21.0,3.8087571515838654
HCH1,22.0,3.808942888898862
COY1,71.0,3.8101964238305035
GPI16,21.0,3.810988710886669
BEM3,23.0,3.8123708034343617
WHI3,43.0,3.8154007079015426
KIP3,45.0,3.8156125851033416
ESC2,59.0,3.8156515819705636
SPP382,43.0,3.8161744134076723
GAS3,44.0,3.81728293936789
BET1,42.0,3.817389637244687
MSL1,23.0,3.8184279260142495
YAR029W,42.0,3.819615907471754
MET8,13.0,3.819947485674186
RSM28,1.0,3.820692015700474
ISU2,50.0,3.82102774345757
ABF1,39.0,3.8212168252450294
ERP3,23.0,3.821750705240403
YNK1,28.0,3.8218503407562014
GPI13,45.0,3.8222708217001458
SEN15,12.0,3.8224609073349165
FIR1,47.0,3.8235393079827222
BFR1,13.0,3.824385003932048
GAA1,36.0,3.8252030942123354
URN1,58.0,3.825609022743584
ACF4,58.0,3.8287983930828626
IPL1,32.0,3.8301431552825713
SLX4,31.0,3.831946891339133
AVT1,39.0,3.8342712368727634
CWC27,1.0,3.8354258500253136
BDP1,28.0,3.8357915383525363
SAS3,49.0,3.836581344953803
ERP2,32.0,3.8375381121196352
UBX7,4.0,3.837992444571665
YNL058C,65.0,3.8382795176183007
RPN8,6.0,3.839172533854663
RAS1,53.0,3.8406354845946598
SEC8,49.0,3.841402530579751
DUO1,35.0,3.8421239393503384
PIL1,6.0,3.8451038497876837
MRH1,64.0,3.8453004116755807
YDL009C,24.0,3.845813780152656
DIF1,49.0,3.8468998913444623
FCJ1,71.0,3.848442288588204
FAS1,6.0,3.8487355684706053
YLL032C,51.0,3.8494413321471446
AIM9,3.0,3.8505605872453152
MMS4,24.0,3.851709070377223
SYC1,56.0,3.851739785180949
CRP1,51.0,3.8521446970353135
MCX1,2.0,3.853661077704798
RSR1,26.0,3.8543471282167197
FKH1,47.0,3.854705961437526
HUA2,25.0,3.856498578784837
YLR297W,73.0,3.859089848035762
PAR32,8.0,3.860602139841615
MFT1,1.0,3.8612093376189844
GWT1,30.0,3.8615642169140028
YPL071C,1.0,3.861970430722436
CWC24,67.0,3.8647303851101777
MTC4,71.0,3.8647641503820758
YAR068W,30.0,3.8649722576356647
MDM20,46.0,3.8657736169332684
SRM1,46.0,3.867246575170422
TOF2,44.0,3.8682032543382308
RPN6,8.0,3.8683530638539576
YOR390W,49.0,3.869302742280183
PUP2,4.0,3.870104308486297
PDR16,26.0,3.8702892403926463
YNL190W,56.0,3.8707587537544974
PTC7,43.0,3.8725748846976202
CLB4,45.0,3.872641251355708
YPR114W,52.0,3.8746178831573728
HHF1,38.0,3.876745736239965
SEC72,12.0,3.8769739423642275
FUN26,70.0,3.8775949000464776
CDC7,26.0,3.878855440299522
UBC1,0.0,3.8813447357822737
YOL159C-A,22.0,3.8858785547080634
YCR043C,48.0,3.886869177599809
FRK1,56.0,3.8868889520715633
PSD1,18.0,3.8876914167640426
ALK2,37.0,3.889217251241379
RPN11,4.0,3.8910949491543003
JHD1,65.0,3.891631161668676
APN1,17.0,3.8919866611132496
POC4,50.0,3.8937843436987083
CHA1,42.0,3.8941000662811165
SMC1,24.0,3.8946313052571435
TRS20,46.0,3.8948563410440245
RFA3,31.0,3.8961342051181225
SKY1,48.0,3.8970467743079973
HTB1,38.0,3.8971661072203205
MCM6,8.0,3.8983503264277917
CNM67,26.0,3.8991943936285565
CAB5,3.0,3.9001860994466235
WHI5,42.0,3.9011571270632674
ATG26,65.0,3.9015764340722034
EKI1,53.0,3.903948186457817
MYO1,59.0,3.904086238678869
PRP4,67.0,3.9053636222621697
TBS1,57.0,3.9060052106909993
YPK3,44.0,3.9060628734479024
YCG1,46.0,3.9063288949635315
YML119W,64.0,3.9064048729694756
RAV2,73.0,3.9069519994230837
MVB12,4.0,3.907594027386862
MHT1,46.0,3.908562843486521
NHX1,67.0,3.9088174895543073
STH1,50.0,3.9114816359587596
HIR2,31.0,3.9116194964566278
SCS2,48.0,3.912875818408766
VMA3,56.0,3.9130082275270244
POP6,69.0,3.916642722548946
RPN5,0.0,3.916799485922578
TDA6,67.0,3.9177622819177036
SGT2,21.0,3.919474165902989
PCL1,29.0,3.919538375505861
GRX3,20.0,3.919673798072964
AAC3,41.0,3.9220309501641735
YDL245C,41.0,3.922844737480615
CHL1,29.0,3.922969137504912
PPS1,26.0,3.9232428969999056
HHT1 /// HHT2,37.0,3.923494974846524
MUS81,41.0,3.924340047647829
MSW1,56.0,3.924761556456413
AZR1,39.0,3.9260096407515648
CHL4,46.0,3.9263081920063776
TRX3,8.0,3.927328104882614
STV1,56.0,3.927449205530286
HOS3,46.0,3.9274663926358455
DIN7,23.0,3.9281522933540343
BRE1,47.0,3.928535680940949
RPT2,5.0,3.929530991708825
GMH1,63.0,3.930419934145414
ADA2,43.0,3.930534982302818
NIS1,7.0,3.931136325611496
BUD9,17.0,3.9323882616514823
VPS54,54.0,3.932428156273204
SMT3,52.0,3.9324924336827642
PMT6,22.0,3.9328128365690054
USE1,1.0,3.933061833266947
YLL064C,17.0,3.933299937193621
OST5,37.0,3.933937978453399
SDC1,55.0,3.93438379195765
CDC13,30.0,3.9347445777693357
RTT106,27.0,3.941856953182649
YCL054W-A,27.0,3.9422215389947555
PAF1,72.0,3.943560730383847
SSO2,55.0,3.9435659877657843
THI21,24.0,3.9456757397586393
MSF1,73.0,3.947150702306774
RAD27,25.0,3.947199339321699
EFB1,47.0,3.949145275960446
YGL039W,2.0,3.9531386595088414
NDC1,39.0,3.95340433062179
HST4,6.0,3.953764318429462
POB3,19.0,3.9547311949251838
RDS3,3.0,3.9552910477211403
MID1,29.0,3.955638652427292
HEL1,1.0,3.9578898177512376
EXG1,38.0,3.9585971359620613
PRP3,1.0,3.960707651949572
YLR456W,72.0,3.9619114081405127
BET2,56.0,3.963679837216596
ORC3,43.0,3.9644499848908223
TPO2,52.0,3.9651359143464826
PMT1,31.0,3.965839093690836
MTF2,7.0,3.9661914158665628
YDR541C,23.0,3.9663802307723333
YDR248C,11.0,3.9666075891181327
PMT7,28.0,3.9681091286884116
TAE2,18.0,3.9692169102752186
RSC58,52.0,3.9693037440066985
ITR2,40.0,3.970372416402733
IME2,50.0,3.9703900033283746
NPY1,22.0,3.970973499929979
SEC17,4.0,3.9711509599551813
SWC5,13.0,3.971711158998458
YKR078W,69.0,3.9726215088550276
AUR1,48.0,3.9729493797647164
INP1,52.0,3.972984522025432
PRE7,4.0,3.973547012633417
DID4,2.0,3.974803722954909
SWI4,19.0,3.97501023685597
FPR2,11.0,3.9755042458035885
RSC2,44.0,3.9755437529556135
OPT2,11.0,3.9757835745726156
SPT3,73.0,3.977461110573334
GNT1,36.0,3.977638429651227
IST3,3.0,3.978572410915717
RMA1,33.0,3.979854585320777
GAC1,40.0,3.982241521865343
SEC22,54.0,3.9826276469698816
SLM4,52.0,3.9862115008081096
YHC1,70.0,3.986482404804747
IDH2,28.0,3.9869866328942396
GIN4,28.0,3.987527819805289
RRN10,49.0,3.9882241167913683
KAE1,37.0,3.9894809714189297
KEL2,25.0,3.9897348800005874
GEA1,43.0,3.989875713095969
POF1,10.0,3.9910989406224275
IMH1,68.0,3.9920774009329105
SET1,40.0,3.9940420988092904
YGP1,68.0,3.9962971537913163
SIR4,48.0,3.9963817065332745
RPT6,6.0,3.9970510940680484
NUP2,46.0,3.9972751444252
RVB1,11.0,3.997333747482455
TOS2,25.0,3.998009247001345
SED5,58.0,3.998029836412192
UNG1,28.0,3.9989533758641476
TAX4,1.0,3.999688916081757
YLR211C,4.0,4.001046449132949
GET4,48.0,4.001108763963923
YCR096C,71.0,4.001532280282286
PHO4,44.0,4.00269405275732
SMF1,41.0,4.004504850410034
LOC1,72.0,4.004826910052449
SSO1,8.0,4.0069551279623
YER186C,25.0,4.007026199972947
STT3,34.0,4.007342762978758
BGL2,52.0,4.008364962180123
KTR1,29.0,4.009285778890017
OCA1,47.0,4.00974006186209
VTA1,42.0,4.010087577092669
EAF7,3.0,4.012340485032388
SEC6,63.0,4.0127223113525705
NTG2,67.0,4.0127657830711305
PIG1,9.0,4.013416571060041
TAF2,68.0,4.014464738657125
PFS2,2.0,4.016867179766278
VMA22,3.0,4.018201372507585
STR3,42.0,4.018594021905004
YBL113C,19.0,4.019742043794373
GOT1,36.0,4.020419857820076
RPT1,2.0,4.020439144458322
SLD5,24.0,4.021430268271052
KIN4,42.0,4.021480798895419
MIF2,28.0,4.022184723639349
IVY1,1.0,4.022314002972006
RHO3,51.0,4.022349427462406
YOR314W,62.0,4.023859692541196
HSL7,50.0,4.02405849496212
YNL320W,3.0,4.024949477160473
MBP1,47.0,4.0249676150242335
SSQ1,6.0,4.025147772098215
VPS4,8.0,4.025597156841176
SMY1,60.0,4.025814127430656
NRK1,17.0,4.02586483340549
TOP1,11.0,4.02612421987649
YER077C,53.0,4.027148021631205
TIR1,38.0,4.028321681047309
TRM10,21.0,4.028415888270368
ALG6,2.0,4.029110588229842
COQ2,6.0,4.030206320815748
CSM3,28.0,4.031131590468627
NTO1,39.0,4.031714180580599
YMR166C,20.0,4.033125204162949
YML054C-A,42.0,4.034354629524123
JNM1,66.0,4.0346515598944235
FLC3,49.0,4.035428227178621
RPO41,69.0,4.035809377875899
BNA6,27.0,4.035986638107441
CLN2,28.0,4.036467055954269
BOI1,45.0,4.03790071670883
PLP2,1.0,4.0382105716590075
BUD8,56.0,4.038966765170652
SUB1,0.0,4.038989324442852
GTS1,60.0,4.0391301615187425
MTG1,8.0,4.039237756225412
RTR1,68.0,4.040218279272978
YKL018C-A,4.0,4.041350009687484
OST3,45.0,4.041367170072243
SCD6,50.0,4.042124326907734
SLC1,41.0,4.042501971379841
ERG4,36.0,4.044782232160737
SFI1,38.0,4.044788730547308
CDC11,46.0,4.045514234595343
MED4,10.0,4.045735061449116
YPT52,72.0,4.045998276017926
IMD3,59.0,4.0466517143892275
GRX8,52.0,4.046960146440551
YJR098C,56.0,4.047708219455226
RSB1,62.0,4.048365130929529
MTW1,31.0,4.048434529259153
YLR326W,32.0,4.048780083116916
NRT1,32.0,4.0495632952398735
TUB1,44.0,4.050021981514909
PEX18,20.0,4.050566791270447
ABD1,67.0,4.051051957134541
FAA3,9.0,4.05111095317419
MRPL17,67.0,4.051385897702487
GPI8,33.0,4.051856233242669
HXT3,68.0,4.052039416170943
RFT1,33.0,4.052758222409147
RAD2,3.0,4.053099957907492
HIF1,28.0,4.053303775050399
ESA1,72.0,4.053405538877059
GAT1,8.0,4.054241776995373
YDL211C,30.0,4.054731679575837
NAP1,68.0,4.055380944466288
GDH1,8.0,4.056169637930593
PUF3,61.0,4.056421938273542
TSC10,41.0,4.057285450005496
YJR015W,43.0,4.057424172447857
NAM2,24.0,4.060407344521484
IST2,51.0,4.061431939159354
YHR213W-B,23.0,4.062264481304697
CSI1,64.0,4.062776864518969
SEN34,24.0,4.064295391452704
LAG1,40.0,4.064775060063889
GEF1,14.0,4.066063680146016
YBR184W,42.0,4.066138629929064
HEM15,21.0,4.066427140471898
RFA2,26.0,4.066705918365149
POL32,24.0,4.066742049451971
RPI1,64.0,4.066928962298663
DAD1,46.0,4.069113712542683
GLG2,48.0,4.070783211601101
YOR032W-A,22.0,4.071423409053224
RGL1,24.0,4.071558284554474
CTI6,69.0,4.071689965692301
MAG1,5.0,4.072002676642102
MLC1,1.0,4.074909258180292
ABZ1,25.0,4.0757904121313
TUB3,47.0,4.076696446388148
IRC5,28.0,4.07783607762106
YBR292C,26.0,4.078469175401805
TIF4632,57.0,4.079398975669919
MSS4,48.0,4.079725725452823
VPS38,61.0,4.080209148712715
VAC17,51.0,4.080390632415804
LGE1,63.0,4.080899620046893
ATF2,60.0,4.081643825587781
YMR018W,47.0,4.082182716408252
VPS21,1.0,4.0825025370174
BCK1,28.0,4.082532432034773
CBP4,71.0,4.085877817297105
GIT1,13.0,4.088295144055578
PBP2,27.0,4.08902412095139
FSH3,23.0,4.090148987532698
DPB3,27.0,4.092786517661702
RFC4,23.0,4.094336340304171
GLO3,47.0,4.095793112231191
YAL044W-A,17.0,4.0963482651749805
MEH1,8.0,4.096982623937729
CDC23,43.0,4.098251375351332
GRX4,25.0,4.099088281067373
TAF9,5.0,4.100066630195406
CAF120,32.0,4.1008319281282475
CWC15,9.0,4.100928586563559
YAR028W,50.0,4.100932630286592
PAC11,36.0,4.102692317000145
SLK19,31.0,4.1033452121350455
ALK1,56.0,4.103862830572793
RKM1,28.0,4.10395418998878
YHR214C-B,18.0,4.108851393475393
HPA3,20.0,4.110044012556665
AKR1,59.0,4.111020947842989
ODC1,5.0,4.111557179360101
SNT309,68.0,4.111635910303115
ACB1,17.0,4.111827811242608
YBR027C,38.0,4.11260184948666
YMR1,53.0,4.112859787817919
VID27,59.0,4.113234130086949
DUN1,30.0,4.113856146731921
YJL193W,43.0,4.113923460303827
TIM23,7.0,4.115615785787177
SPC3,13.0,4.116501917080013
ATP17,3.0,4.116509527374348
COG8,67.0,4.1170804615110335
MMR1,60.0,4.117348649485827
FMP27,6.0,4.117577564906042
YKL023W,2.0,4.1186719206155855
RPL15B,5.0,4.119102702356585
RDH54,28.0,4.119436449492496
FCP1,39.0,4.1197467147043625
RFA1,23.0,4.120576739583951
HST2,12.0,4.120708786025985
YER010C,25.0,4.120709023571108
IWR1,1.0,4.121464474454928
UME6,44.0,4.12235373254257
FKS1,32.0,4.122837357575342
YFL067W,18.0,4.1234384529149555
HNT1,5.0,4.123737406284156
TDA10,73.0,4.124639352048274
RFC3,28.0,4.124933688711148
ERP4,31.0,4.125397169681664
TIM11,3.0,4.126345313659684
CKS1,38.0,4.127334380880162
MED2,67.0,4.128046245725321
PNG1,1.0,4.12844157199118
YGR237C,0.0,4.128743846795441
YMR111C,4.0,4.129681940846934
SPS4,61.0,4.131102516399365
RPN13,6.0,4.1316183717197
GTF1,60.0,4.13162806124367
MRPS9,73.0,4.131817825715187
UIP5,42.0,4.132173279714232
ALG13,3.0,4.132228890290869
SRN2,72.0,4.133745995739489
DAL81,49.0,4.135844669633127
XDJ1,1.0,4.136748459042922
VPS51,3.0,4.136897921707278
COS12,31.0,4.13731822276858
RPL18A /// RPL18B,31.0,4.1377942229334
EOS1,11.0,4.138250718731882
YML053C,47.0,4.13912927641615
SNC1,9.0,4.140170171929368
MAP2,0.0,4.140872103461831
OCA4,0.0,4.142384465300446
RTT109,30.0,4.1450132795950125
FBP1,31.0,4.145042710504315
POL2,27.0,4.145575027553767
YNL334C,29.0,4.145819369617242
APD1,73.0,4.146463683926315
YJR124C,38.0,4.1469915255323455
UAF30,56.0,4.147253601586602
DET1,72.0,4.147853119953961
BRN1,49.0,4.1488948952512095
ATG22,62.0,4.149650051308231
NOB1,50.0,4.150132303509291
HTA1,37.0,4.151139384107147
TDA9,43.0,4.153213884652339
YIL047C,42.0,4.155355738317127
GEP5,40.0,4.1565966496841655
YMR178W,19.0,4.157653911653772
NFU1,70.0,4.157687909338827
ELM1,46.0,4.157768509299443
SLM3,39.0,4.157796397992785
MRP20,67.0,4.15937335321022
OYE2,42.0,4.16195908221345
SOD1,16.0,4.162294530931761
SPP2,3.0,4.162457019918618
NBP1,21.0,4.163171249631197
PNP1,48.0,4.16623832459818
GEA2,36.0,4.167073172982827
MRC1,24.0,4.1674792941371965
GPI10,3.0,4.167654651021425
GSM1,68.0,4.168799991378306
DIB1,63.0,4.169408154795058
DTD1,32.0,4.169957619091139
MCD4,29.0,4.170148132670889
ELF1,70.0,4.170930285117743
SIR1,26.0,4.171693968442249
PRM9,44.0,4.171900813465421
PGA3,45.0,4.171943261412842
RPP1,39.0,4.1722711576238245
HCR1,16.0,4.172947160712456
YPL067C,48.0,4.173765770431067
YCK1,50.0,4.1742159060418285
SKP1,7.0,4.17443412928091
LOA1,19.0,4.17459154401986
ASH1,3.0,4.17515708625028
GIC1,42.0,4.175164617975641
SPO22,44.0,4.175889542341448
AMN1,8.0,4.17604408949219
AME1,55.0,4.177056333264424
HEM13,42.0,4.1779431798652125
DOT6,58.0,4.178515907962091
TPM2,57.0,4.178536027616545
CIR1,72.0,4.179694222388897
STP3,43.0,4.180019053774624
MIG1,71.0,4.180918121245404
YLR049C,13.0,4.181527185130988
AIM11,17.0,4.181854932022566
HNT2,72.0,4.181865320324745
YLR030W,24.0,4.182910247458796
DNF2,38.0,4.183071048556671
TMA22,1.0,4.184360966196965
NPL3,64.0,4.184753137377815
POP7,72.0,4.185059063392071
PXL1,30.0,4.185565812547901
YBR071W,18.0,4.185900757820673
CYK3,3.0,4.186027008918209
YNL181W,27.0,4.187164437719883
RER2,68.0,4.187228503533121
RET3,44.0,4.187574779628491
HOF1,62.0,4.188377860357679
BRR6,7.0,4.188529997326386
VTI1,73.0,4.18868501926304
YTA7,3.0,4.189007287184034
TRR1,20.0,4.189361847728686
YGR012W,37.0,4.190263030797047
HEH2,68.0,4.190527137384558
DPB11,28.0,4.191612898471225
RAM1,8.0,4.191737949518352
VMA4,5.0,4.191815705379236
ERV1,6.0,4.1923091709952125
RIM11,0.0,4.193666653070008
MAK3,3.0,4.1948009053760575
SKS1,65.0,4.195702626663263
TCM62,64.0,4.196000003564302
SEC65,70.0,4.196208852028066
STE18,73.0,4.197257046473078
CEX1,37.0,4.19871328517044
HAA1,4.0,4.198772375991052
UFE1,23.0,4.19878838603493
KES1,42.0,4.199056799111735
NAT3,68.0,4.1992810057776495
CKA1,68.0,4.199395677423578
IQG1,61.0,4.19964136110045
LDH1,8.0,4.2001389795398465
NAB2,59.0,4.200862301579945
CAB3,10.0,4.2018265774782515
ATP7,70.0,4.201827510801772
SRO7,57.0,4.201852787054473
ADO1,18.0,4.201893852135717
UBP6,1.0,4.202523847173941
CTM1,21.0,4.202960403173023
YDR061W,51.0,4.204451687409887
SLD2,22.0,4.204460226236105
PRP46,68.0,4.204633568606233
FCY21,25.0,4.204974174285315
ECM30,44.0,4.204976722981979
SSP120,1.0,4.205906642845822
DSF2,37.0,4.206440521837246
IMA1,67.0,4.206600253969761
PKC1,64.0,4.207442687856062
PST1,4.0,4.209329395976108
YIL092W,63.0,4.210805642619597
OST1,36.0,4.212074047728905
NDD1,42.0,4.213730239932615
RTT105,31.0,4.214616852991635
CCP1,9.0,4.214964221687088
RFC5,29.0,4.214972008447457
AVL9,48.0,4.215454830282917
ACO1,27.0,4.215530722082226
SRP102,47.0,4.216321154315892
CDC12,47.0,4.217203826685913
CTR3,66.0,4.217581474902143
AIM41,6.0,4.218280771052477
NGL1,63.0,4.218518626956181
SEH1,50.0,4.219452898324124
LSB5,55.0,4.219604698552419
YER034W,71.0,4.219981880459334
PTR2,3.0,4.220288199952448
YLF2,54.0,4.220648544439399
ITT1,56.0,4.222357233998161
ZRG8,72.0,4.222722639682299
TRS33,24.0,4.223354985480084
ALG12,10.0,4.2264241071398825
GCD7,12.0,4.226635799997105
ULI1,24.0,4.2266742468014735
GEP7,46.0,4.226992740034306
YNL211C,65.0,4.227647591568168
PRE10,6.0,4.229412691992755
DUS4,53.0,4.230591438120738
YKU70,0.0,4.230765898398491
VPS64,50.0,4.230858746460246
AIM43,11.0,4.2308818532212555
YDR179W-A,40.0,4.2318255453855524
SMC6,29.0,4.231838061333616
CCL1,61.0,4.232123491776057
YDL186W,44.0,4.232638313227204
SHP1,4.0,4.232977687245385
SMC5,28.0,4.233287016341032
RNQ1,25.0,4.2334969942010074
IXR1,50.0,4.23542153033829
ETT1,71.0,4.235457332331147
FLC1,21.0,4.236608442770435
SAP30,49.0,4.23747057304581
TAO3,68.0,4.237785815193973
TOF1,23.0,4.237925261154837
PIS1,68.0,4.238161786503097
COA1,4.0,4.238307342319099
YAP3,62.0,4.238488585919625
YNR061C,16.0,4.239195311116295
AST1,49.0,4.239831372176165
RAD53,24.0,4.239953920917451
STU1,35.0,4.240038881184544
CDD1,43.0,4.240478403689471
PHB2,0.0,4.240763356248058
YFL061W,28.0,4.2419234755782895
SEC61,35.0,4.2421737139418765
VPS52,71.0,4.24233404039055
HAP1,54.0,4.243385522779924
RPL26A,29.0,4.244113039471178
ATP4,73.0,4.244267090536745
RPN1,8.0,4.244590439354901
ARE1,40.0,4.24560518435414
APC1,56.0,4.2459262124167685
YOR105W,65.0,4.2466477770882705
PFY1,14.0,4.247059319834257
CKB1,22.0,4.247076229352382
PET117,72.0,4.2477249873440295
CDC28,29.0,4.248905776203986
SUB2,50.0,4.249036503254115
TAD2,30.0,4.2492224899548185
PRX1,73.0,4.24937269630917
FPR1,15.0,4.2495019590595104
POP8,33.0,4.249968984009658
MNN1,31.0,4.250198236966276
CSI2,30.0,4.2505966007182705
FLX1,35.0,4.251278487455044
SMC2,41.0,4.252694142014283
RPA12,38.0,4.253262529878376
VPS13,2.0,4.254630248746452
PEP3,66.0,4.254886377098912
RDL1,5.0,4.255073479946744
CDC31,2.0,4.255340343279617
HER2,58.0,4.255636082073032
HIR3,42.0,4.255747038376709
YGL101W,49.0,4.256406993123979
SFL1,59.0,4.257773803197793
YMR001C-A,53.0,4.257806300481
RSM10,1.0,4.258280999968153
TOP2,32.0,4.258284056318903
SPT16,23.0,4.258570622195886
ISW1,29.0,4.259185256257011
SEC63,22.0,4.259491687798326
OLA1,32.0,4.259926477470931
PUS5,65.0,4.260198313522175
SMC4,48.0,4.260394929608884
TIP41,59.0,4.260999549222795
CMR1,23.0,4.26109718763423
SAS4,66.0,4.261652654273956
IML1,47.0,4.26265254902451
MNN10,46.0,4.262724804313579
ROT2,3.0,4.262820201829856
SWP82,68.0,4.26341334014014
SRB6,4.0,4.263637091759734
FUM1,24.0,4.264144637552043
IMD4,44.0,4.264321837871387
TOP3,32.0,4.264663898599115
ACC1,12.0,4.266983747788976
DEP1,66.0,4.268295559203844
YHR214C-D,25.0,4.268693087771591
SWP1,47.0,4.269244778711868
INO80,8.0,4.269587894809926
CBR1,18.0,4.2699605359119035
SWC4,61.0,4.270071129543906
POG1,70.0,4.270734728264485
HEM14,27.0,4.271099112816613
RKM4,11.0,4.27205679266389
PRI1,27.0,4.272230091779667
HUL5,4.0,4.272807662963472
MNN5,33.0,4.272944755138474
PEP7,48.0,4.273601196595719
ELP6,39.0,4.27389793078477
MSY1,72.0,4.274011791619326
SNF2,43.0,4.274537100037506
RNH202,26.0,4.274909397737631
YKR051W,55.0,4.276146770430754
YJL049W,65.0,4.277336254090954
DHH1,68.0,4.277871847297898
APS2,70.0,4.278160035995907
EAF3,69.0,4.2782446435163175
YHR127W,31.0,4.278432484967256
RPP0,58.0,4.279214452677143
NIT2,16.0,4.281632043911616
PBI2,13.0,4.281734073678216
TLC1,41.0,4.281911270298875
YPL199C,73.0,4.281965949788453
MPH1,52.0,4.282201784830648
TIM44,62.0,4.282243472805898
ATP5,62.0,4.282564624181905
YKR023W,69.0,4.283010130321789
YHR078W,13.0,4.283549045951272
ISY1,3.0,4.283985069480272
YDR524C-B,42.0,4.28408260789213
YOR296W,7.0,4.284141707246211
YNL050C,71.0,4.284614995339055
NSL1,48.0,4.284687927962519
ERP1,39.0,4.2847029170500175
RPL33A,36.0,4.284922428845192
PEX22,73.0,4.2853732041049275
SCL1,7.0,4.285512243539819
ATP14,66.0,4.285653358420878
RMR1,72.0,4.286127436646884
CRH1,25.0,4.286247053194437
YER039C-A,5.0,4.286347449833605
NAT2,63.0,4.286639105922919
ENV10,17.0,4.287483193535799
YHR020W,32.0,4.2881148357194725
INP54,65.0,4.2881918647717825
MPE1,57.0,4.288325700532919
SCJ1,21.0,4.288686327302717
YAR066W,29.0,4.289671239148387
SLS1,43.0,4.290045937059404
SPG3,35.0,4.290934102281902
EGD1,12.0,4.291652901926397
ETP1,71.0,4.291960199520881
CCS1,63.0,4.2921398746588
PAC10,60.0,4.2923440933883015
ATG12,1.0,4.2926793878158405
OSW5,63.0,4.2932193581804405
SNC2,27.0,4.293718974988704
YNG2,67.0,4.294235819606203
YIR014W,64.0,4.295252835526521
ARL1,70.0,4.295296032577764
PPX1,73.0,4.295780855423089
DDP1,7.0,4.2958531884738065
PAP2,50.0,4.296083330287729
GPA1,3.0,4.296118594258562
VPS29,5.0,4.296562263641905
BUD13,35.0,4.298054972232987
SNF3,70.0,4.298564531129502
MGT1,4.0,4.2986076366553325
ALP1,33.0,4.298761145499495
CBF2,37.0,4.299743673481986
VPS68,4.0,4.299866378857226
NNF2,47.0,4.300652424738936
MRP21,67.0,4.300819751565847
SSA2,32.0,4.3008859439006955
CYR1,72.0,4.300914099159958
TPO4,68.0,4.3021119184325185
TRS85,42.0,4.304370549746303
ATG10,2.0,4.30668141116872
ESP1,42.0,4.307736429883706
MDY2,46.0,4.30779813592587
HOT13,36.0,4.308135045819458
RPL14B,11.0,4.30824717724015
YOL019W,31.0,4.3082912216664795
BET4,63.0,4.3094702441611386
UBP9,12.0,4.310113837772795
TFG1,1.0,4.310294110830154
SPO13,37.0,4.3107870807854445
NVJ2,71.0,4.3111564551641175
XPT1,73.0,4.311216000050142
YPR147C,4.0,4.3114403380094135
YML018C,39.0,4.3115583253065495
RTC1,69.0,4.311707204529923
FMC1,0.0,4.31189172142393
CDC21,27.0,4.312233607264734
ATG17,50.0,4.312267514653351
LDB18,4.0,4.3124520475995
EDC3,53.0,4.3128670790084795
BNA5,27.0,4.313172040616442
ILM1,37.0,4.313973609761635
UBC7,18.0,4.315254292270877
FZO1,62.0,4.316557035900503
COG2,56.0,4.316923445332821
YDL177C,3.0,4.31837683635588
GAB1,41.0,4.318677200728451
GGA2,40.0,4.3195373291775105
FMP25,11.0,4.319562787559409
YGR015C,18.0,4.321146815095761
FBA1,61.0,4.323144530564756
YUH1,72.0,4.323268385472887
SPP1,52.0,4.323714133223528
GUK1,49.0,4.32377082493899
MSI1,26.0,4.3246884003412305
CDC73,72.0,4.326337510260058
YTA12,8.0,4.326596188394946
PHO85,67.0,4.326675593734763
YLR283W,1.0,4.327560221290548
AEP3,1.0,4.327935407342852
MRP51,69.0,4.328102941674357
GOS1,54.0,4.328627590643737
CMS1,50.0,4.329766900944095
DAD2,23.0,4.330039205369282
YTA6,61.0,4.330274013642692
TOA1,10.0,4.331928210207874
NGL2,54.0,4.333052070345634
YJL225C,20.0,4.3346235760628335
AHC2,1.0,4.335179222069211
COF1,11.0,4.336541086509261
MOD5,70.0,4.3365872433319534
CSR1,36.0,4.3389947503031605
RDR1,47.0,4.339459491640074
YPT10,73.0,4.340493849183304
NTR2,73.0,4.3406534175259015
LCL2,12.0,4.34165532125086
RAD17,29.0,4.341675423981747
BCY1,4.0,4.342026386535169
YNL146W,73.0,4.3429003757177576
ALF1,69.0,4.343077696775485
CWP1,44.0,4.343089131539489
AIM37,2.0,4.34344093142065
PET127,34.0,4.343771852424896
GPM3,50.0,4.343817534707418
DUS1,40.0,4.344190993828629
IMA5,26.0,4.344219082586665
QDR1,16.0,4.344498852660903
RMD8,48.0,4.344749785579268
YPQ1,41.0,4.344763682096438
YLR042C,31.0,4.346381392823433
RPM2,63.0,4.347442800958172
YMR31,4.0,4.348140373880411
SNF6,66.0,4.348937113829295
CTF19,27.0,4.349159927639321
CYT2,57.0,4.3505736060576465
APM2,71.0,4.351201375639223
PIF1,31.0,4.351784983013682
YIL161W,2.0,4.352044141083422
SPS18,33.0,4.352262010651747
RET2,29.0,4.352926038242495
VMA13,72.0,4.353472463706268
PRE9,8.0,4.353548674539248
SWI3,46.0,4.354047248504
RFC1,50.0,4.354257598834753
PRC1,13.0,4.355839631441782
PML39,66.0,4.356177483358679
COQ4,7.0,4.356184001587934
CBS1,60.0,4.356548074087307
GCR1,49.0,4.357444907329135
LRG1,46.0,4.357562951368103
YJR112W-A,24.0,4.3579067152803335
FRE2,15.0,4.358412963616103
ECM19,30.0,4.3584412035737605
RME1,7.0,4.358524028543027
ENV11,47.0,4.359495087627592
YFR018C,37.0,4.359585088547277
YIR042C,40.0,4.359802699922519
FAR10,63.0,4.359861001314402
HMS2,29.0,4.360381905015622
HIR1,34.0,4.361089580037832
CDC14,47.0,4.362264065745049
APM1,71.0,4.362329684219474
DOG1,22.0,4.3624072981599635
OCA6,2.0,4.363255273006532
YNG1,57.0,4.36380776120985
YKL065W-A,16.0,4.3638562963726795
UTR2,14.0,4.363934298514297
OMS1,70.0,4.366096423493137
PHO81,72.0,4.368089764216451
SIP3,30.0,4.368475513352493
RAD5,24.0,4.368634358171611
MNN9,35.0,4.369421429726511
YLL007C,54.0,4.369729098928319
LTP1,70.0,4.370951277130177
ARL3,68.0,4.371007189892598
MAD1,53.0,4.371108466569175
YDL180W,73.0,4.374075800979006
IES3,19.0,4.374295607318482
VAM7,46.0,4.375734539941714
FIG4,13.0,4.375985879183929
RIB4,8.0,4.376193766483495
PBY1,53.0,4.37630958512839
YNL165W,26.0,4.3775359708829615
THP3,61.0,4.37799171738873
ARV1,55.0,4.379051738903396
RPL33B,26.0,4.379512783147548
BLS1,63.0,4.380123118250738
YPL039W,43.0,4.380808542158156
ITC1,52.0,4.38122912486086
ARO80,73.0,4.381536374077492
FPS1,64.0,4.381588297688703
RRT12,36.0,4.382229581061358
YMR252C,1.0,4.382360397514049
SPR6,50.0,4.383464867347609
YOR228C,2.0,4.384195039148996
LIP5,0.0,4.385108346973753
TUM1,30.0,4.38620604180106
VMA8,0.0,4.387181602712939
PGA2,57.0,4.388410901366398
ERI1,11.0,4.388520970329896
CSF1,11.0,4.389051652172598
YDR381C-A,1.0,4.389507247742883
ERG3,42.0,4.38970927176552
MDM12,71.0,4.3899793809607335
CEF1,2.0,4.39025525756656
TYW3,71.0,4.390381861511269
CMK1,2.0,4.390872994847729
TPN1,21.0,4.391139554935565
UBP2,1.0,4.391160172733774
SIT1,60.0,4.3919112541995435
GCV2,45.0,4.392252697691442
DPB2,23.0,4.39244675257624
SMF3,69.0,4.393080093333239
LAS21,43.0,4.3939146626389105
LIP2,1.0,4.394215339215693
TIM22,69.0,4.394276529177625
NUP57,52.0,4.395958320129771
PLP1,20.0,4.396867345296238
SUS1,5.0,4.3984748654832675
VPS5,71.0,4.398770985009191
ICS3,65.0,4.399184040105873
BLI1,4.0,4.399556080780204
HIM1,38.0,4.400738233190447
UBA2,48.0,4.400877453462465
YMR122W-A,12.0,4.4010283668043035
ESF1,11.0,4.401110394612431
MLP2,60.0,4.401250490555194
YAR061W,21.0,4.401299043944499
BNA7,9.0,4.401442015825272
MED7,61.0,4.401894897795059
CBT1,2.0,4.402004825357521
COX20,69.0,4.402373879374568
SAM1,46.0,4.403094447190687
YNL046W,6.0,4.403199789626486
PSP2,61.0,4.403283234048411
YGR130C,0.0,4.40357661141627
RUF21,47.0,4.404295335144259
YPR098C,2.0,4.4043944325602995
FMP10,1.0,4.40487183724163
ZRC1,48.0,4.404987051929724
RPB3,57.0,4.406844885052486
YPT6,67.0,4.407286192321395
CIN4,59.0,4.40774239307309
JAC1,71.0,4.409365957259966
QCR8,2.0,4.410204775269698
MUM3,43.0,4.411197790074791
SAP155,49.0,4.412594797489393
MDV1,42.0,4.412793994065924
FHN1,18.0,4.412849082749715
PEX3,69.0,4.413655606415625
DOM34,65.0,4.413878043012165
ATG16,10.0,4.4138979014238915
URA3,7.0,4.414300129149653
TFG2,9.0,4.414632579869719
YPL162C,33.0,4.416044053851927
RIF1,29.0,4.416568428897161
PMS1,23.0,4.416624368991544
SFB3,42.0,4.417764136549795
PHO86,5.0,4.418318828507655
PEX10,65.0,4.41880436214796
SCC4,26.0,4.418968268503738
GUP1,59.0,4.419488676641192
AIM4,69.0,4.4196075601064555
RAD26,1.0,4.419615242350945
SPF1,27.0,4.420356521003708
YOR015W,8.0,4.420765695166325
GLN1,9.0,4.421164151445628
PEX6,4.0,4.4212457941709395
SKG6,23.0,4.42139328257332
CDC9,22.0,4.42140548518344
TOS6,32.0,4.422172450282022
YMR102C,54.0,4.422373151348073
YMR030W-A,63.0,4.42279959911481
SFH1,48.0,4.422972919711373
MOT1,37.0,4.4233772393886746
FIP1,8.0,4.423809594375102
YKL075C,68.0,4.424215790107939
YMR114C,71.0,4.425010092867906
IRC6,54.0,4.426543070022301
SFT2,6.0,4.426715101227635
MSH2,25.0,4.426916376473091
COQ3,72.0,4.426980820108688
ISM1,55.0,4.427045389831988
TPP1,66.0,4.42824962784465
SLH1,5.0,4.428293768370683
ARF2,71.0,4.428623391441727
YML122C,38.0,4.428778680338063
YHB1,18.0,4.4289964990206965
CBP1,45.0,4.429104410619386
YPL014W,19.0,4.429808058310652
YHR045W,23.0,4.430240092584042
RFX1,36.0,4.430421051669596
YMR295C,42.0,4.430575343894857
GDS1,73.0,4.4313388898973844
FIS1,7.0,4.431702518516935
YLR278C,39.0,4.431774306521212
CWC21,71.0,4.432341023393945
YGR201C,48.0,4.432374525254479
PRE5,14.0,4.432652508266949
SIC1,4.0,4.433243550732868
ELG1,25.0,4.433269948406527
DBF4,32.0,4.434356162372309
VCX1,2.0,4.434954935230859
TFC3,46.0,4.436099974694744
ARG3,10.0,4.436223023194971
FYV10,0.0,4.437705250756862
VPS72,2.0,4.437880934160587
AHC1,61.0,4.438119783076852
SAT4,47.0,4.438142069480042
RRN7,35.0,4.438649723545295
GDA1,39.0,4.4386817440452
TFA2,1.0,4.438777265654998
RAD28,42.0,4.438945365337583
EAF1,54.0,4.439467726008916
MSO1,67.0,4.439546323114586
YJU3,57.0,4.440469314294656
EAP1,65.0,4.4412485936625234
YGR001C,13.0,4.4413106766008665
YEH2,34.0,4.441945922244984
TFB2,33.0,4.441968550732307
SPP41,46.0,4.443128123649901
YPL041C,29.0,4.443157351673511
PLC1,20.0,4.443237589401621
SET5,50.0,4.443349575671855
YDR042C,39.0,4.4434035636883555
KRE28,28.0,4.443538573871252
ARP8,72.0,4.443638617575714
ALG8,50.0,4.4442929103767685
FAR11,12.0,4.445813207994388
YCR099C,9.0,4.446223863609483
RAD23,53.0,4.446712730036059
YFL064C,19.0,4.447235977228505
MEF1,4.0,4.44728989318098
YSA1,6.0,4.447480514011554
TAT1,69.0,4.448438961330826
YIP1,35.0,4.449115704418355
YGR296W,22.0,4.449209659101506
MSS1,15.0,4.449268083886791
MKK2,42.0,4.449372603155173
DCP1,36.0,4.449847792882074
IZH1,67.0,4.45006687674767
YHR022C,20.0,4.450253887393254
ATP3,68.0,4.450299788947302
KCS1,43.0,4.4504793090506025
SMY2,51.0,4.451375484709305
PCL10,62.0,4.451620127014807
MSE1,18.0,4.451933850999715
YGL242C,14.0,4.452249010927306
TOR2,66.0,4.452392503412094
NAT5,43.0,4.453218969807297
KSH1,71.0,4.45352015038848
COX7,2.0,4.453640358313093
YMR279C,40.0,4.45365954470072
IST1,0.0,4.453685549400033
FYV5,7.0,4.454312188923839
TMN3,27.0,4.454404334072172
GFD2,37.0,4.454462392190493
YOR059C,54.0,4.4544752032649715
RPB8,45.0,4.455227173399097
PBP1,61.0,4.45562409463498
RRI1,70.0,4.457011285533444
UME1,47.0,4.457450198821273
URH1,25.0,4.457501882548082
PGI1,60.0,4.458282726933173
ISA2,71.0,4.458653779570713
YIL077C,62.0,4.459366739691319
ENO2,64.0,4.45954727088736
SPT21,22.0,4.460237394057601
TVP18,0.0,4.460820796688548
MSN1,53.0,4.460991639837908
TAF3,67.0,4.461467327416792
NUP60,55.0,4.4618972837902255
YKL100C,1.0,4.46237446396881
PRE6,5.0,4.462383371174967
HXT1,16.0,4.462846656684766
SEY1,49.0,4.462869584155459
YJR003C,59.0,4.463289818030774
LTE1,40.0,4.463937524453091
RGA1,5.0,4.463958656353199
YNL336W,13.0,4.464099726961134
ABZ2,11.0,4.464173651886651
MRPL9,3.0,4.465092645043951
TAF8,49.0,4.465457207272663
ATP1,67.0,4.467852814681336
UBP3,43.0,4.467992654425388
TLG2,7.0,4.46920319340918
PET122,24.0,4.469369326026134
HAP2,56.0,4.470155729685519
EIS1,73.0,4.470322752592429
YNR068C,21.0,4.471361086745502
CTK2,43.0,4.471773571067786
SWH1,45.0,4.4717863046978135
YGR079W,37.0,4.47180138277373
CPR8,35.0,4.472213213004714
RAX2,58.0,4.472966144519821
VTC3,59.0,4.473371276486412
YIL001W,60.0,4.473828207043612
YEL025C,67.0,4.473934832049161
CDC8,24.0,4.474741944210822
SRG1,36.0,4.474782967069978
YJR009C,51.0,4.475453441643053
TEF4,47.0,4.475516714554246
SEC10,52.0,4.476105417771809
GCS1,34.0,4.476619243236082
CNN1,26.0,4.47664476106385
DST1,1.0,4.47685275826127
VID30,9.0,4.476868281396204
ARF3,15.0,4.477650553430386
CHC1,72.0,4.477974741365748
SAP185,38.0,4.4781790187839565
TDA7,48.0,4.478460413302433
EST1,26.0,4.478923582557098
SLM2,1.0,4.479250234208431
TAF5,63.0,4.480136486569894
NUP53,51.0,4.480628218460425
ARG8,19.0,4.480784832165385
BYE1,73.0,4.481087296337608
YDR524W-C,49.0,4.481563502496862
PRR1,8.0,4.481934665866663
YSP2,48.0,4.482319321933383
NAS2,3.0,4.482464034964383
YCL021W-A,22.0,4.482545639233062
RAD59,44.0,4.484132103374185
TIF5,40.0,4.484550626201017
ECM15,14.0,4.485823614918186
MDH3,11.0,4.486757552629816
YGR050C,61.0,4.487594964202701
COT1,13.0,4.48774384305353
SDS22,69.0,4.487772908798721
TRF5,43.0,4.4892580359919405
PFK1,51.0,4.489341458020817
YBR031W,55.0,4.491205792958797
RMI1,65.0,4.491573535414994
YGR017W,49.0,4.491794083863515
SNF4,40.0,4.492691559093045
YLL056C,17.0,4.493209654557731
GLC8,4.0,4.494058421997783
STS1,2.0,4.49492472558288
CDC42,40.0,4.495754011424998
BCS1,2.0,4.4958727852437255
TRK2,61.0,4.495957762124547
YLR053C,24.0,4.496265696149247
RPB11,54.0,4.497555348515452
GET1,38.0,4.4977982603241236
MRPL38,73.0,4.498764658838233
ARN1,68.0,4.498932051102325
YPL276W,33.0,4.499296101601958
THP2,47.0,4.499327100958308
YPT32,26.0,4.4994327477956615
COX6,0.0,4.499907370467781
ICR1,0.0,4.501033324736227
RPT3,7.0,4.501453182112699
POL3,25.0,4.501896611041499
RPC17,36.0,4.504475802191376
AAD14,17.0,4.505642425255705
DPM1,23.0,4.505742675990244
COG5,0.0,4.506056329724097
CAF4,37.0,4.507046146197825
VMS1,53.0,4.507428865793809
MZM1,7.0,4.508218405468711
YCH1,53.0,4.508518024408515
CAD1,71.0,4.508763236085362
YRB1,59.0,4.509307701156443
YIL166C,11.0,4.509545667540399
YJR084W,69.0,4.510383572271174
SNN1,13.0,4.5104760259395364
PHB1,2.0,4.512547535185849
MRPS35,68.0,4.512945176567339
MSP1,2.0,4.515607206357374
INH1,68.0,4.515611115355035
SPS100,47.0,4.515912141077517
YHL018W,50.0,4.5171227828907465
CDC48,10.0,4.51729760754442
NIC96,64.0,4.517496208775061
YSR3,55.0,4.517874990700285
YPR174C,22.0,4.517887732713751
SEC12,18.0,4.517949494682913
HOG1,35.0,4.518260834101491
OXA1,9.0,4.518269788420432
PPT2,1.0,4.518339442035035
YSC83,70.0,4.519215762248848
CDC6,9.0,4.519325696765962
YOR097C,64.0,4.519782992070639
CSH1,28.0,4.520364656457614
RIB3,15.0,4.521214951648657
PAL1,30.0,4.521646163801235
ART10,2.0,4.521677664581003
MLC2,9.0,4.521961693450601
UGP1,52.0,4.522004046124837
ARP9,50.0,4.522142681647802
MRPL16,70.0,4.522339466812869
YPL034W,23.0,4.5226607107052965
RSC3,47.0,4.52294841088394
PTP1,63.0,4.522960978591561
WHI2,45.0,4.523721696314768
ATG21,7.0,4.523936668667949
YAT1,35.0,4.524147792215017
YLR361C-A,8.0,4.524995330807801
KCC4,21.0,4.5251804787976235
YHR175W-A,37.0,4.525611559511782
MTR3,42.0,4.5259347171979
TIR2,37.0,4.5260371607037095
MPD2,41.0,4.5264069079092275
MRPL24,71.0,4.526939227380061
AIM39,73.0,4.527113764182214
CBS2,73.0,4.528241557734087
CET1,66.0,4.528616715596239
ORC6,53.0,4.529284595853664
POL12,23.0,4.5292955523557685
PLB3,18.0,4.529296559981955
ABF2,61.0,4.530340153452321
HRT1,4.0,4.53071019921906
YNL108C,24.0,4.531138480446126
ACM1,24.0,4.5311469087293785
MSC7,10.0,4.531261363669446
UBS1,50.0,4.531870418988735
POM33,12.0,4.532268975971051
DER1,7.0,4.533007147856068
KIN3,67.0,4.533596850969084
JJJ3,39.0,4.5337900732377046
YGL108C,65.0,4.533815201499251
AIM29,5.0,4.534986476688693
DAT1,41.0,4.535708602158547
PRY3,14.0,4.536086405865569
MNL1,29.0,4.536272678664313
PRE3,13.0,4.536505983871824
ILV5,18.0,4.536934271898424
MRPL36,67.0,4.536952575105587
TAF7,71.0,4.53702933516348
REF2,18.0,4.537099933613026
SPC19,53.0,4.537270205344115
MNN4,49.0,4.537546228883669
CTF4,25.0,4.538452916467153
HUT1,40.0,4.539278465616752
YPL168W,58.0,4.539281646240446
YGL176C,36.0,4.540216725011037
PCD1,34.0,4.541172036740483
YBR139W,72.0,4.541560117227081
MSH3,29.0,4.54241576112048
PEX30,73.0,4.542526814277199
ISR1,32.0,4.5426364951561045
AIM6,11.0,4.543606972764936
RCY1,48.0,4.544182157087081
HUG1,55.0,4.544565345125714
KTR5,66.0,4.544940803793699
YRO2,72.0,4.546441104202943
DDC1,24.0,4.546510185461046
BET5,49.0,4.547074143144263
NOT5,72.0,4.547321959728822
SOP4,13.0,4.548023880415719
QRI7,20.0,4.548376502607593
YDR261C-D,19.0,4.548620139328193
AIM33,46.0,4.548680984879111
ZPS1,4.0,4.548711080393444
YKU80,66.0,4.549642038411881
YPL077C,4.0,4.549721585007719
MDJ1,19.0,4.550004008168509
ELC1,66.0,4.550340884608986
IZH2,69.0,4.550449908443423
BUD32,37.0,4.550958492664867
MRPL4,41.0,4.551421889946705
ICS2,12.0,4.551431320404557
SEC15,61.0,4.551861611284496
CCW14,52.0,4.552536805246744
VPS30,63.0,4.552656845130073
PEA2,26.0,4.552701693173038
ORC2,50.0,4.552909873227088
NYV1,0.0,4.554140586950726
HBN1,48.0,4.554203692537389
RIC1,56.0,4.554756817840618
MUD1,73.0,4.554814486796284
UFD1,6.0,4.555770925975436
PRP21,66.0,4.556723851745198
POL1,25.0,4.556843445297993
SNT1,48.0,4.557616392265801
YLR271W,71.0,4.558488392703721
PAM17,0.0,4.5586184219379104
RUF5-2,13.0,4.55876421920299
RUF5-1,13.0,4.55876421920299
YRB2,15.0,4.558779297641249
ALE1,43.0,4.5589311509871235
SAP4,5.0,4.559392635739147
GLO2,2.0,4.559680583090187
YPL068C,43.0,4.560192037199069
EMC2,63.0,4.560322336940339
RPA43,44.0,4.561054907026071
NOP16,3.0,4.561242892753376
CIN2,28.0,4.56171268810235
YHR214W,30.0,4.562071136671864
MAD2,63.0,4.562106857133001
YGR026W,40.0,4.562327065674724
PAP1,64.0,4.562368846385393
BMT2,1.0,4.562762443028289
YPR022C,42.0,4.563768474471197
HSC82,30.0,4.563806971635522
CWH41,27.0,4.56412093173578
LEM3,31.0,4.564211531121812
TFB4,68.0,4.56444397389101
MLP1,49.0,4.564958331939047
YFR045W,2.0,4.565080564151633
PNT1,19.0,4.565608216038162
MAL11,1.0,4.565687988062817
AIM24,3.0,4.566889356064228
IOC4,72.0,4.566966489182144
DBR1,43.0,4.567360792905419
PPH3,40.0,4.5675289082905985
UBA4,13.0,4.568162895467665
RPC31,51.0,4.5690796226199035
YKE2,70.0,4.569101834463281
SOV1,69.0,4.569446260574042
SMF2,26.0,4.569683046231649
RAS2,3.0,4.569846325547605
MED8,3.0,4.570681181633804
YGL082W,65.0,4.570700084859415
RBL2,60.0,4.570906096964802
LPD1,62.0,4.571133265493704
LIF1,2.0,4.572594312051405
STE6,3.0,4.572806199851422
SCO1,45.0,4.574010773807831
GPI15,45.0,4.574187060235495
PSK1,62.0,4.574304395150181
DAD4,41.0,4.574394142372442
MUM2,70.0,4.574707077144072
EXO70,11.0,4.57477894414094
GTR1,64.0,4.575388588644136
SEC20,60.0,4.575401972523255
FOB1,27.0,4.576070088873966
ULP1,67.0,4.576074716845865
PFK2,53.0,4.576358585499049
YDR306C,69.0,4.577496972147932
YDR034C-A,4.0,4.578099012810623
SRP40,51.0,4.578351472311622
snR84,58.0,4.5784694556065455
ATG20,4.0,4.578572697102734
TAN1,61.0,4.5788843654514055
YAH1,31.0,4.57890713883126
COQ9,71.0,4.579323128423869
HBS1,18.0,4.579818248441534
SNX4,2.0,4.579874109922891
YJR141W,33.0,4.580413154446711
PRE8,10.0,4.580474832396405
ECM31,14.0,4.581824055293445
YKR105C,28.0,4.582444990882682
YDJ1,30.0,4.582545282908725
FAL1,41.0,4.582615096702924
RAD4,0.0,4.58268396356732
ORC4,57.0,4.583256316607122
FOL3,44.0,4.58338109487245
EAF6,5.0,4.584222951176257
SLY41,47.0,4.5846639354739525
YDR182W-A,30.0,4.5854738754422595
FMO1,10.0,4.585552745571473
PHO13,13.0,4.58575043614006
HOR7,13.0,4.585791901204929
PRP9,46.0,4.586630621184592
ANP1,47.0,4.586805433096889
ROG1,22.0,4.58687801094501
THG1,0.0,4.587137420440221
YFL068W,19.0,4.587519557006782
COA2,61.0,4.588662244383336
NKP2,50.0,4.588688435458878
SEC26,35.0,4.589474982192206
RSM18,69.0,4.589782397840417
RRM3,44.0,4.590438895130062
1-Oct,44.0,4.590481020824073
GLO4,18.0,4.590551484202405
YMR155W,49.0,4.590654693105118
CDC16,51.0,4.590911748206333
KNH1,45.0,4.591204985749449
SET2,60.0,4.592299263018554
PRP6,9.0,4.5936577060148736
NUP100,39.0,4.59378703018795
MDN1,44.0,4.593792123016364
PUT3,55.0,4.59380120943762
BDF2,43.0,4.594285038753724
CGR1,6.0,4.594738288523428
MRS6,38.0,4.595218839644379
BCP1,45.0,4.595447955519622
PSO2,50.0,4.595501644981197
CLB5,24.0,4.596086415083877
SPO16,29.0,4.596501855869306
CWH43,67.0,4.596690284481169
NMT1,67.0,4.5976063596799115
SDO1,4.0,4.597979380825611
IRC20,69.0,4.59813941049709
YAE1,27.0,4.599118418683299
TIF3,51.0,4.599612765359666
RRF1,2.0,4.599883686071048
YHM2,24.0,4.600732966269047
HRB1,68.0,4.600919024320406
CHD1,47.0,4.6012302586914675
MDH1,57.0,4.6015293105210056
YJL077W-B,7.0,4.6016012915744
COS8,10.0,4.601607696410265
PCS60,56.0,4.601696100229984
MET31,55.0,4.60281089308646
ARP6,64.0,4.602939156251802
PRP24,38.0,4.602990367609798
CYC8,38.0,4.603855223681
VNX1,46.0,4.604546607794383
YLR112W,57.0,4.604872520960123
YLR261C,42.0,4.604915387073861
TIR4,23.0,4.605148045331266
YFL034W,65.0,4.605467302832364
GPN2,68.0,4.606404495583886
YML079W,9.0,4.607256498480827
SYS1,65.0,4.607396487143312
RBA50,48.0,4.607568828099923
YEL023C,53.0,4.6079582309571405
CDS1,47.0,4.608356762966138
PEX8,71.0,4.609089101134162
YIL060W,10.0,4.609259983057495
SKG3,44.0,4.609692857257575
SDS3,51.0,4.609745013984759
TCA17,37.0,4.6104328882462875
STD1,47.0,4.611950256653954
RSC4,46.0,4.6124507939438315
YGR121W-A,53.0,4.612662772523649
TID3,45.0,4.612681248369038
SNF11,63.0,4.612974474791114
SFH5,0.0,4.613023976481367
ENB1,69.0,4.613082903935137
SRP72,56.0,4.613423381591923
YDL191W,2.0,4.61399602471798
YGR240C-A,54.0,4.613997137036598
ECT1,47.0,4.61411244523004
YJR011C,51.0,4.614940739763534
RPB7,59.0,4.616412251320532
YLR072W,7.0,4.616693571271524
DUG2,39.0,4.616765235181743
RPC25,44.0,4.617057933895566
AVT7,14.0,4.6172720135664065
YKL068W-A,44.0,4.6177302124957516
SER2,38.0,4.617966385599043
DBF20,54.0,4.618215065968951
YJL147C,48.0,4.618901530761904
MST28,45.0,4.619225037728408
CNL1,3.0,4.619273601660317
UTR1,6.0,4.619337093554055
CAF20,69.0,4.619561301103901
YPK9,5.0,4.619590703488387
CHA4,43.0,4.6197227135528
YEA6,51.0,4.6203101219643825
MCD1,27.0,4.620396978236312
BUD17,24.0,4.620465960610288
YNL055C,8.0,4.620564523382373
YDR282C,68.0,4.620935272724606
POP5,51.0,4.621656593853356
PEX14,5.0,4.622076148379716
THI74,20.0,4.622260608969186
MLH3,45.0,4.623100636683722
IOC2,54.0,4.623341394244975
NCA2,61.0,4.623484411614136
KRE1,24.0,4.624326711392232
PET100,72.0,4.624929039614465
FMN1,6.0,4.625035560544793
LCP5,39.0,4.625766539962502
PFA5,55.0,4.626063328230274
ADD37,64.0,4.626597584833677
YLR126C,18.0,4.626679009277003
RPL12A /// RPL12B,37.0,4.627173656229305
ADI1,56.0,4.627287631039435
RCO1,11.0,4.62798971495353
MRPL40,0.0,4.62821899352649
MSN2,43.0,4.62823069756491
RMD1,67.0,4.628302101592032
HEM3,53.0,4.628351333334996
HRD1,73.0,4.628903255119469
ZUO1,49.0,4.629577403820159
LAS1,51.0,4.629619624633266
AIM23,67.0,4.629745402343309
BLM10,0.0,4.629977236017378
PSR1,54.0,4.630609240640284
YHR219W,17.0,4.630622722395606
BRO1,69.0,4.631530562786693
ICL1,34.0,4.6334161607161235
TIF35,7.0,4.633541858455672
HAT2,58.0,4.633617383445829
VPS9,22.0,4.633998128494599
SAC1,18.0,4.634243990510042
SCP1,0.0,4.634452200864525
UBC13,9.0,4.635282045784292
PZF1,53.0,4.63541881453681
VAC8,73.0,4.635716812614214
TSC3,27.0,4.636787505630744
CHO2,42.0,4.6378368004844965
SEM1,2.0,4.638583339824627
TMS1,36.0,4.63904158534426
SEN2,9.0,4.639115245337636
YAP5,53.0,4.639181399827912
snR57,62.0,4.63937762646192
YNR029C,56.0,4.640183323036239
YDC1,2.0,4.641197988922908
DCC1,50.0,4.641397711057473
RRN6,46.0,4.641543296078001
YOR192C-B,20.0,4.642627485993079
DUS3,58.0,4.642858728520468
KRE6,35.0,4.64292793295582
TDA4,23.0,4.6429355472346
RRT2,24.0,4.643938732035
REV7,5.0,4.644381169477097
YLR046C,56.0,4.6445759108929705
YLL067C,18.0,4.6454236902739705
FAU1,26.0,4.645771820382314
CPR6,19.0,4.645801932675141
MSB1,43.0,4.646106080215028
SYN8,6.0,4.646997129842259
YOL029C,9.0,4.647501435500411
SAS2,32.0,4.648796328683494
RTT107,29.0,4.648804398593775
YTH1,68.0,4.649015966721846
GIM3,70.0,4.6494580539045245
TOA2,41.0,4.64948919595557
PET191,72.0,4.650508311696475
BDF1,0.0,4.651008679021584
YLR179C,57.0,4.65219571511341
SDH4,1.0,4.652749171898476
QCR9,69.0,4.652868108899395
TRL1,24.0,4.652937455764808
FAP7,47.0,4.652938176657179
UBC8,0.0,4.6529584329744695
VMA7,63.0,4.6542088322680355
TAZ1,12.0,4.654311898033352
SRX1,52.0,4.655286253538003
SGF11,68.0,4.6558522165979
APS1,66.0,4.656600688276956
GRX6,24.0,4.656641050302822
FLD1,30.0,4.657061077450829
RPE1,41.0,4.657405954687487
YHR050W-A,72.0,4.657557421619351
PEX13,15.0,4.659244809338642
CYS3,46.0,4.660979011360593
RNH1,49.0,4.66107373986612
COG3,50.0,4.661420209750607
GGA1,2.0,4.662116110368743
YPR172W,3.0,4.662315373300626
YGL230C,30.0,4.6623412448228025
FCF2,7.0,4.662365090821256
YMR147W,54.0,4.662604993507656
SUR1,19.0,4.6628466485031685
BOI2,48.0,4.662893235999468
MSH6,24.0,4.663085569730475
SPT7,53.0,4.663534309005552
RVS167,3.0,4.663693833350665
NUP42,23.0,4.6637869062796415
HRI1,61.0,4.66413085466122
DBP8,43.0,4.665206986820183
YDR514C,48.0,4.6668885001698435
SET4,38.0,4.66729610930072
YPR204W,20.0,4.667460051284257
COR1,68.0,4.66917990903357
VTC2,53.0,4.6693510729496595
RHO2,29.0,4.669709584927478
PRP45,0.0,4.670259193244691
MIT1,37.0,4.670276714746336
NUS1,18.0,4.670491631813143
PAD1,29.0,4.671123739724052
MSN4,0.0,4.6712959025058725
SQS1,8.0,4.671409498337783
RRD2,18.0,4.671989147438413
CPR5,11.0,4.672035345420384
ZDS2,30.0,4.67208071790319
GUF1,43.0,4.673252058445256
SFM1,55.0,4.673656053675593
SLX9,4.0,4.6738182346296755
YER076C,22.0,4.67431358517099
BER1,3.0,4.674751554160411
HMS1,64.0,4.675540623766566
RPS10B,19.0,4.676316114905224
YOR114W,30.0,4.676386703729367
RAD61,27.0,4.6769351957548855
YOR020W-A,5.0,4.677226019222285
EMW1,28.0,4.6773658752183565
MUB1,49.0,4.677539191111858
BOS1,13.0,4.677778808987307
RFS1,3.0,4.678189846813342
ATP20,71.0,4.678312099135434
FRQ1,0.0,4.679520200026738
MRM1,15.0,4.6795573366941765
SLN1,29.0,4.679934387824169
VPS70,5.0,4.680553744523836
MSH1,31.0,4.682089381528652
TOM1,1.0,4.682417064735166
GAL83,21.0,4.682495415385078
GCV3,51.0,4.682543442162699
SEC39,0.0,4.682680470947383
TAE1,10.0,4.682697615531034
SLX5,52.0,4.682763559314821
YBL029C-A,64.0,4.683071266056981
RXT2,70.0,4.683272530226497
MRPL51,69.0,4.683788854081707
RPL20A /// RPL20B,31.0,4.6838468854161635
YCL002C,30.0,4.684183321738911
YFL060C,22.0,4.684601009359304
ATP12,65.0,4.684658190414541
YBR053C,7.0,4.68487696076716
YBL036C,71.0,4.685120784821928
PET309,46.0,4.685647823794524
SRB5,47.0,4.6860402298642745
NCB2,11.0,4.686132704562865
GLC7,56.0,4.686459692580315
QCR6,72.0,4.688252154093411
SNU13,41.0,4.688364565385723
YDR424C,12.0,4.6891029487720415
SSC1,32.0,4.68941182325684
CAP1,7.0,4.689536932365357
PRE2,9.0,4.689855741553717
IGO1,68.0,4.69043356049169
ACN9,3.0,4.691068409984928
TAD1,30.0,4.691340511572847
CMR3,58.0,4.691667169234223
YPL108W,16.0,4.691725345432057
YMR010W,46.0,4.691830849540546
snR39B,56.0,4.692783277840189
YAL063C-A,43.0,4.693284980961175
snR24,41.0,4.693310186042467
SVL3,39.0,4.694554354415604
PIN2,64.0,4.695199727002667
IBD2,49.0,4.6957949320326975
MRP49,68.0,4.6967530255312555
RPS8A /// RPS8B,39.0,4.696820218493693
GCD14,46.0,4.698829741647524
INN1,52.0,4.698975968296946
SEC14,42.0,4.6994907999206665
PET54,18.0,4.699832383654657
CTK1,49.0,4.700665239230296
NOG2,49.0,4.7013641407171916
THI6,4.0,4.701664000432258
SYH1,45.0,4.702387612704897
YOR022C,70.0,4.704185777415597
SSU72,10.0,4.704339827000074
LRO1,28.0,4.70468941839553
SCT1,44.0,4.704776546679283
YDR336W,66.0,4.704870107596465
YBR197C,45.0,4.705302930269401
AIM19,0.0,4.70619377363391
TOM20,26.0,4.706600666803836
ROD1,5.0,4.706666232458397
MKS1,56.0,4.707732207365001
PLM2,31.0,4.708122762795838
DIE2,5.0,4.708234857195172
SIS2,71.0,4.7086758987836275
SBP1,10.0,4.70899288834704
CAK1,1.0,4.709566483477542
TPO1,67.0,4.710080545329141
YDR025W,38.0,4.710442637806519
MXR2,12.0,4.711752757365837
PER1,11.0,4.712008090205802
YLR281C,10.0,4.712182060041473
YDL144C,10.0,4.7122539044508684
PTH2,8.0,4.712447324886826
CDC10,54.0,4.712847913972584
SGN1,6.0,4.713670197470192
PUS6,56.0,4.713927541924227
ADH7,14.0,4.7143045728022726
MRPL44,73.0,4.714664874457288
YGR169C-A,4.0,4.714983533599652
KTR7,47.0,4.715793911130011
CIT2,17.0,4.715808134761358
MIS1,37.0,4.715844145854323
YKT6,66.0,4.717707616113713
CUE2,21.0,4.718200597966929
YOR192C-C,22.0,4.718361503533245
ACT1,10.0,4.718438737016873
TRS120,27.0,4.718722180347095
MTM1,10.0,4.7187518525156085
YJR030C,23.0,4.71947862386113
MSH5,16.0,4.719574077648041
RTF1,66.0,4.7196535166845095
PEF1,43.0,4.719880848252546
YDR131C,16.0,4.720521100931955
IES1,71.0,4.720672382779918
ARP4,41.0,4.720929179365709
APS3,51.0,4.7216028859564405
DSS1,66.0,4.7224165826718565
POM34,45.0,4.722417450528243
KEI1,54.0,4.722669824566961
YHK8,22.0,4.72371897299943
RPL17A,37.0,4.723928166299858
VPS3,1.0,4.724182457995652
YEL068C,10.0,4.724320890084962
GAR1,44.0,4.724765021569825
MPS3,33.0,4.7255429585577735
SCP160,33.0,4.725804732534795
RFU1,40.0,4.726019911725756
SRP54,62.0,4.726650204566928
CBF1,43.0,4.726970064759784
EMP46,7.0,4.7277242111858575
EMI1,6.0,4.727936664357386
YPR109W,73.0,4.728066522004966
TEC1,2.0,4.728258234061059
SPO75,70.0,4.728278487810359
YBR062C,10.0,4.728439883189869
RED1,62.0,4.728533632342456
SVF1,45.0,4.729326165125465
YHR180W,11.0,4.729662931313649
GAL1,47.0,4.730421029878751
POL5,42.0,4.730644501777048
HSH49,57.0,4.731920583654449
YNL335W,19.0,4.732103644865144
MDM30,42.0,4.73216501771619
CLN3,0.0,4.732553414413307
SLX1,7.0,4.733257425206461
MGM1,54.0,4.733468813245439
CMC4,9.0,4.734365802442948
YHR080C,0.0,4.736541842668329
UTP30,53.0,4.737040526485302
RPL14A,41.0,4.737197091010004
RSM24,0.0,4.737621600893343
VMA10,0.0,4.737645010151093
IFA38,22.0,4.738113302558938
PFD1,70.0,4.739873055429301
RPA14,8.0,4.740067448938339
SOL2,2.0,4.740228179866433
MRPL39,72.0,4.74055411790278
VPH1,51.0,4.74072521930951
YLR031W,24.0,4.740934703428697
YOR389W /// YPL278C,48.0,4.7411432940929075
CSE1,48.0,4.741254370339991
YGR035C,61.0,4.7413647421915
NSE1,25.0,4.742391145837717
COQ10,72.0,4.742698026694823
CNE1,26.0,4.7432571778499
YDL246C,60.0,4.743457660709448
SAN1,21.0,4.7436397893846305
ADY4,46.0,4.7437259527603475
YKL222C,13.0,4.743924432446294
CKI1,0.0,4.743994130959327
THI80,51.0,4.744008154203628
YSH1,43.0,4.7445964208815825
PEX32,11.0,4.745807363659712
MGE1,68.0,4.745931906008354
YOR238W,23.0,4.746537364638136
SNA2,4.0,4.746951350050762
YPI1,4.0,4.747101483673834
YOR093C,49.0,4.747328499133792
SWM1,22.0,4.747365197678887
PTC2,22.0,4.747714480518728
UBP1,45.0,4.74771755164371
SAM4,20.0,4.748250066419683
GIC2,15.0,4.749515305702505
KEG1,24.0,4.7496304436277335
FCY2,17.0,4.750114759624805
SPT20,4.0,4.750573929617927
YOS9,69.0,4.7507059534005025
APA1,30.0,4.750984741097987
RPS3,54.0,4.751292521707631
HMO1,12.0,4.751384306765558
TOS3,27.0,4.751699267427552
EMP65,66.0,4.752012287973797
ICL2,33.0,4.752474840685809
RIX7,43.0,4.753909106106481
LEO1,68.0,4.754060053367444
PIR1,6.0,4.754233826514121
GPI2,66.0,4.755035154015106
AOS1,71.0,4.755987781885862
YPL038W-A,27.0,4.756060032817469
SCW11,12.0,4.7573626963477835
HAP5,1.0,4.757749557462869
TOM40,64.0,4.757883538576352
snR66,68.0,4.758391198739842
GBP2,56.0,4.7585523686081075
TRS130,7.0,4.759514599522013
FLO11,13.0,4.759773511748066
RPL13A,44.0,4.7611869632768276
YDL124W,1.0,4.761620085208365
ALB1,41.0,4.762141106351406
RPL3,38.0,4.764304992868011
CPR1,14.0,4.764397000278604
YPQ2,32.0,4.764527612535601
YRF1-5,20.0,4.764740870484906
YOR396W,20.0,4.764740870484906
YDR545W,20.0,4.764740870484906
YOL164W-A,30.0,4.765465382017728
YDR056C,67.0,4.766383135789139
QRI5,67.0,4.767111170006551
YHR203C,26.0,4.767279984417173
YLR146W-A,71.0,4.767570768698475
PPE1,7.0,4.767688307420047
NUC1,27.0,4.767697581182369
PCL9,4.0,4.7679644641973535
YLH47,20.0,4.768099367763389
FET5,9.0,4.76846971830134
CSL4,19.0,4.768704796076698
DDI1,6.0,4.769680950614513
KKQ8,2.0,4.76999742563738
CMD1,13.0,4.77006694401096
snR76,72.0,4.770899026822625
RSM7,8.0,4.771042865166735
NMD4,5.0,4.7711302022627065
DSE1,17.0,4.771481268504033
WBP1,18.0,4.771923504514938
RPB9,46.0,4.771976038598654
PRI2,23.0,4.772210265198155
TFC7,24.0,4.7730775787033295
COX4,72.0,4.774439325827863
PTP3,37.0,4.774465516571149
PNC1,3.0,4.7747287376745415
TGL1,44.0,4.775051932283144
RXT3,55.0,4.775085607797705
VHR2,39.0,4.775160257391133
YLR063W,44.0,4.775476871005799
PBN1,4.0,4.775623067397847
YDL121C,49.0,4.776068565586713
NET1,50.0,4.777215669191329
PAN1,7.0,4.778329027132714
YCL049C,66.0,4.778352638813608
FRE6,54.0,4.778597274845689
PUP3,12.0,4.779374677679391
FTH1,65.0,4.779884081413963
RPL27B,17.0,4.780401984774371
RIT1,64.0,4.78082314492221
RNA1,63.0,4.780881494076566
FYV4,60.0,4.7815988980785225
UBC6,58.0,4.782124958588512
PPA2,62.0,4.782351962450712
AEP2,5.0,4.783251146093347
SGF73,73.0,4.783257853269735
YGL193C,50.0,4.783733189785971
YNL011C,6.0,4.783736018887506
MAC1,13.0,4.783861388024519
RAD9,30.0,4.784095334831598
CTR1,54.0,4.784200168744267
YRM1,0.0,4.784747465650246
MPD1,21.0,4.785853519872627
IRR1,25.0,4.785941988568757
LSB3,8.0,4.785966994987226
CBK1,53.0,4.786388256873476
MDL1,29.0,4.787449901620755
RPL15A,67.0,4.7878513140830625
PMA2,22.0,4.787927349735766
EMI5,3.0,4.788098597024684
BSP1,54.0,4.788256936439349
MCK1,53.0,4.789722017088218
LSM2,57.0,4.790719885148996
SAM37,71.0,4.790909280660729
HLJ1,9.0,4.791324429850058
SEC13,3.0,4.791689854536665
PRP19,55.0,4.792605956792012
RPS7B,41.0,4.792678708770412
YCR025C,23.0,4.792847271954134
YHR182W,46.0,4.7934277951223665
HDA2,16.0,4.794142167744219
YMR320W,27.0,4.79416801497691
RKM2,3.0,4.794176578939346
YIR024C,5.0,4.794501996277676
SAW1,1.0,4.794688379964972
OTU2,31.0,4.795106846845986
YHR177W,39.0,4.795203058747903
YMC2,26.0,4.79521623803369
SCC2,24.0,4.795492278284222
ARR3,73.0,4.795588106117535
CDC45,25.0,4.797272833757749
HEL2,44.0,4.797473024960648
NTA1,70.0,4.798455535810369
DNF3,5.0,4.798540790292208
RSM25,67.0,4.798613074556066
POL30,25.0,4.798717348838333
CNB1,0.0,4.798780508319665
RTT101,10.0,4.798796907169343
DPP1,7.0,4.799314484884277
NDJ1,17.0,4.799332318033005
MNN2,33.0,4.799952656423243
UPS2,66.0,4.8010718698979815
SLX8,59.0,4.80217423451529
YHR035W,46.0,4.802795266962341
YJR039W,3.0,4.802934618717729
NVJ1,4.0,4.803927751644803
UTP6,47.0,4.803987761649209
RMP1,64.0,4.803995424199629
SLY1,34.0,4.804033259854232
ROX3,0.0,4.8046437810073845
TUF1,0.0,4.8050748892813315
YPL279C,41.0,4.805463489273131
RCF2,61.0,4.805485132982444
TRS23,2.0,4.8057533449433665
CPR7,49.0,4.806066530557715
YPL272C,22.0,4.806410534215219
BST1,33.0,4.806601502895429
BFA1,42.0,4.806714865749672
SBA1,4.0,4.806848093455107
YLL054C,47.0,4.807092922127789
YPR011C,1.0,4.807133613265587
YNR040W,66.0,4.807424850335289
MBF1,6.0,4.8076088357859765
COX8,1.0,4.807753236423401
RAD10,28.0,4.807796881645378
UTP23,39.0,4.807804195241473
TGS1,70.0,4.808051859333296
PRO3,15.0,4.808132267977065
NUP120,49.0,4.8089709440426684
KGD2,5.0,4.809386072720315
YGR021W,66.0,4.809676536162528
BUD27,59.0,4.809711456853956
EMG1,45.0,4.8104423956932525
SPT5,1.0,4.8104546978424185
LRS4,60.0,4.810549387706085
NST1,54.0,4.810673950709488
SUM1,29.0,4.810842393641718
APL4,53.0,4.8108811485373275
XKS1,65.0,4.810993656278776
ECM29,6.0,4.811116885598311
PTC1,26.0,4.811862736121463
SHS1,59.0,4.812754136898009
SNM1,48.0,4.813911967167646
CUS1,71.0,4.814270150504333
NTC20,0.0,4.81437090751277
BNI4,23.0,4.8143836600214645
MSM1,12.0,4.814468544967736
MGA2,54.0,4.814489526952017
YKL162C,73.0,4.814581745481544
MKC7,28.0,4.815331499981143
SPO73,8.0,4.815499637047906
MET3,49.0,4.81632998142821
YPT7,19.0,4.816626649432189
THO1,69.0,4.816944484474695
PET18,23.0,4.817040903394507
LAA1,44.0,4.817361536076063
WHI4,48.0,4.81837549017668
YKL071W,35.0,4.818605874632349
TFA1,71.0,4.818998428295276
IDI1,10.0,4.819077922628674
PPH22,4.0,4.819772040307419
BNR1,25.0,4.81978624456424
KTR3,27.0,4.819896728784195
FPR4,69.0,4.819969436642703
YAL037W,29.0,4.820123051029656
MRPL11,66.0,4.821629642753232
SSP2,25.0,4.822384155407903
TAF11,53.0,4.822514068026605
KAP122,27.0,4.8225526333042605
YLR108C,64.0,4.822706533262001
ATG31,50.0,4.824392167573486
YNL284C-B,18.0,4.8256794924949435
RPS16A /// RPS16B,33.0,4.826085768453321
PRP38,56.0,4.826159702416573
ERV2,61.0,4.826232165538205
SCS22,66.0,4.8263651925692015
URA2,69.0,4.826617781996102
SRB7,72.0,4.8270896939074905
XRS2,1.0,4.82820587436878
ZEO1,57.0,4.828222399866362
MRPL31,71.0,4.8285534625882
VMA5,14.0,4.828667641091115
YJR012C,6.0,4.829311061880548
YHL026C,70.0,4.830059100715803
HEF3,37.0,4.830080497524595
YOR387C,7.0,4.830185280783581
YER156C,43.0,4.830258793786572
ATP15,72.0,4.83054998355432
YHL017W,2.0,4.830621931421708
MTO1,21.0,4.831054724907193
VPS75,61.0,4.831266083859186
YDR387C,3.0,4.8315390071505675
INM2,5.0,4.83159819243778
PDX1,62.0,4.832253603769724
YDR109C,26.0,4.832944163889404
PIM1,6.0,4.833098393987621
RAD52,34.0,4.833226237796381
NOP15,63.0,4.833529536454495
FUR4,67.0,4.8336119599485246
MNT2,57.0,4.834727531205925
DSE3,7.0,4.834784956542521
PHO84,63.0,4.837034947198835
CYM1,1.0,4.837187424239672
MMM1,66.0,4.837758814734252
MSS51,0.0,4.838324139864994
CAF40,48.0,4.838713262669497
GPI14,40.0,4.8387646453214295
HRT3,7.0,4.838778508663166
SMK1,14.0,4.838820398433088
RPL24B,64.0,4.839434497500871
MIC17,48.0,4.839690727233949
YOR312C,41.0,4.840133707373398
YMD8,23.0,4.840483225322935
SWT21,20.0,4.842119657294318
IRC24,8.0,4.84251424900284
LNP1,24.0,4.842590578770697
FAF1,46.0,4.843504164423857
APL6,18.0,4.843957955358774
LAT1,16.0,4.844898252131404
LCL1,69.0,4.845030611313271
QCR7,1.0,4.845411093473264
NPL6,73.0,4.845523471081367
TGL5,35.0,4.8458285806477495
CST6,1.0,4.846079037862226
SHH4,8.0,4.846904705850865
RRG9,58.0,4.848083504882602
YBL028C,42.0,4.848279859253273
CPR3,11.0,4.848406464372264
APC4,45.0,4.8486487533460405
TMA64,48.0,4.848694994524041
DSE2,21.0,4.848714854271454
ZDS1,27.0,4.849192234560757
MRPS28,69.0,4.849714293576938
MET4,13.0,4.850446882899768
YER022W,52.0,4.8507894604938295
YNL247W,37.0,4.8508410492355125
URM1,48.0,4.851508469911909
RSM22,61.0,4.8515130161709665
SAE2,34.0,4.851741010152684
AYR1,9.0,4.851742579499746
HPC2,36.0,4.851894386243925
QDR2,65.0,4.851946288347556
YLR413W,66.0,4.851971273123377
YCR102C,1.0,4.852420087472831
YKR104W,19.0,4.852607430455166
EFR3,7.0,4.852899166821475
GRX2,7.0,4.8530168464230945
DMA1,66.0,4.8540075755011145
WTM1,5.0,4.854392097217652
YOR223W,71.0,4.854640182893661
MPM1,4.0,4.854720273116553
NPL4,8.0,4.854803481060195
YKL070W,48.0,4.855011719236716
HRD3,16.0,4.855075503159305
APN2,20.0,4.855491639453013
MGM101,25.0,4.855531224119345
IGO2,5.0,4.856547646864692
PMP2,53.0,4.85761720165553
CCT4,18.0,4.857665703206029
MNS1,71.0,4.857963637717522
BIO4,44.0,4.858311137946011
MAK21,42.0,4.858406957473805
RAD14,70.0,4.858693276971489
POP4,67.0,4.858741464531765
PFA4,26.0,4.858995507309244
HOT1,61.0,4.859051855547548
TWF1,1.0,4.8608738549550425
FAR7,2.0,4.86147526530085
KCH1,25.0,4.861661353148447
NFI1,28.0,4.861829349058482
NUP188,51.0,4.8625177975554905
PST2,12.0,4.86312533614393
YDL012C,48.0,4.863151402738
RPL17B,45.0,4.863221732717687
DCD1,22.0,4.863223748860286
YNR048W,28.0,4.863322508357765
ALG11,46.0,4.863668568266469
YVC1,71.0,4.863749046190748
NUP170,47.0,4.864233658838311
YMR210W,63.0,4.864783643831038
ERV41,68.0,4.864875994533136
YPL257W,11.0,4.865040324405004
VPS41,1.0,4.865872130161625
HNM1,4.0,4.865959884940272
PAU5 /// PAU7,38.0,4.8661813817460216
MHF1,0.0,4.866383502363962
VAC14,29.0,4.866577442821517
MAK32,4.0,4.866889891993325
TIM50,64.0,4.8671401659847415
ETR1,9.0,4.8675060520354325
CYC2,71.0,4.867649684421011
TOS1,30.0,4.867873253546349
YPT1,73.0,4.868266988614255
SAC3,63.0,4.868898129322384
RRP7,68.0,4.8695212134223755
NUP116,36.0,4.869554610643923
YBL081W,30.0,4.87176855736492
IZH3,68.0,4.871888670464765
TCB1,9.0,4.872043926550634
LTO1,4.0,4.872305015972876
DMA2,41.0,4.872607661346709
TPK1,0.0,4.872641373914899
INO4,3.0,4.872758999232529
MET1,45.0,4.873596175573113
CTS2,10.0,4.873830512670541
BRF1,30.0,4.87395742422009
RPF1,44.0,4.874443794618494
FRE1,55.0,4.874663604201976
APC9,68.0,4.874747910377074
VAB2,7.0,4.874752459124377
MRPL13,0.0,4.874778100198007
YKL151C,4.0,4.875080328752937
YNL035C,18.0,4.875731908517199
SEC11,15.0,4.8758841845099035
CRR1,58.0,4.87616162174778
AFG3,20.0,4.876505707215492
LYS12,50.0,4.876717176413446
RAD57,18.0,4.876889138989777
ERD2,11.0,4.87715601818092
SMC3,23.0,4.877620963000507
CLC1,69.0,4.878003851952971
SHY1,6.0,4.878711019404401
TRM11,49.0,4.878950415177771
OSH3,70.0,4.879146538822734
AIF1,10.0,4.879278626173403
PRE4,10.0,4.879285921704833
BRR2,3.0,4.879644398132675
RSM19,73.0,4.880490665325119
SEC1,10.0,4.880621477359584
GIR2,72.0,4.880783654151839
YLR363W-A,52.0,4.880828628971076
ASN2,19.0,4.880941098627452
HSP10,25.0,4.881451051270608
UBR1,7.0,4.881560365452135
TAF1,28.0,4.881656720106436
CTS1,20.0,4.8817356988453104
RTR2,70.0,4.881820773452185
YDR365W-B,20.0,4.881893573896942
RGT2,5.0,4.882003735171638
YHR210C,4.0,4.882425649391216
RSC1,52.0,4.883013296916569
YDL086W,10.0,4.883088102779797
FCF1,55.0,4.883544437923941
VPS24,70.0,4.8845459256724855
MOG1,13.0,4.884563071333907
PRP42,56.0,4.8846010551819345
TPI1,60.0,4.8846895656779665
MRS1,10.0,4.884874427095904
BRR1,49.0,4.884878537554015
YAP1,0.0,4.886103562062474
CWC22,19.0,4.8872755741998954
PCL7,51.0,4.887679647572535
FUN14,10.0,4.8879757551785845
ARC35,6.0,4.8881479419221545
FOL1,32.0,4.888230921797699
HST1,52.0,4.888260988949544
APQ12,13.0,4.888321918709105
SOD2,0.0,4.888518721293505
snR44,26.0,4.889944319582052
AKR2,42.0,4.890101701511704
JLP1,17.0,4.8902622290278694
PHO87,63.0,4.890465765168832
MET18,41.0,4.890519506694736
MAS2,11.0,4.8906456381932495
UGO1,64.0,4.890896041022596
YFR035C,46.0,4.891011231704978
YDR286C,71.0,4.891034636405514
ELP3,46.0,4.891554758504964
QCR2,73.0,4.8917307926274916
SWC3,67.0,4.892451371313228
SWT1,24.0,4.892483130000969
BIR1,50.0,4.893188747584691
FUN30,31.0,4.893667432592655
EXG2,38.0,4.893782762768762
TAF13,0.0,4.894064531647125
YBR032W,24.0,4.894374989812164
PSF2,16.0,4.894810298863809
VOA1,55.0,4.894990871328084
RGP1,10.0,4.895175906636936
RMD6,47.0,4.895805530984839
RPL27A,66.0,4.896291974835557
RAD1,17.0,4.896650735089488
OGG1,28.0,4.896935022882285
CUR1,17.0,4.8977254448490175
TFB5,16.0,4.897821964043728
UPF3,67.0,4.897849029544745
GRH1,8.0,4.8980381954181045
PRP22,49.0,4.898473213820567
PHM8,73.0,4.89869878270755
DOS2,60.0,4.898751862049307
SEC59,30.0,4.898768994919189
SGV1,63.0,4.898804225398429
DIG1,63.0,4.899302304050535
RPC53,0.0,4.899649260969418
YBR013C,66.0,4.900178701726131
YDR239C,49.0,4.900728796559577
MNL2,61.0,4.900748822135689
snR14,22.0,4.900998456981486
FAS2,10.0,4.901555114548018
RPL31A,68.0,4.902764986061847
PHA2,28.0,4.903121733878807
RPB4,62.0,4.903717286426007
YNL040W,19.0,4.903823004037092
TIM18,49.0,4.904006854030324
SED4,6.0,4.904337762274547
SGF29,30.0,4.904657233060795
OYE3,63.0,4.904767372770709
SDH3,0.0,4.905037124035093
JID1,5.0,4.905488964901658
GCV1,40.0,4.905610021052069
UTP9,45.0,4.905799445727091
FIT1,16.0,4.905846408300031
SLM5,64.0,4.905974979547013
YLR285C-A,23.0,4.9061221154334405
BCH2,38.0,4.906155660934129
SIS1,12.0,4.906208269268084
YDL244W,10.0,4.906668658701263
APL5,4.0,4.906669417309062
GAL10,50.0,4.906832629881902
ISD11,3.0,4.907000384157742
QCR10,2.0,4.907131585975849
MRP8,4.0,4.908169749473419
ATP19,71.0,4.908299805991904
ZAP1,4.0,4.9091478896776675
YIL175W,16.0,4.909223464009596
VPS16,58.0,4.909314477982731
RNR1,26.0,4.909394510144803
KIN1,6.0,4.909453419750006
YAF9,1.0,4.909669484035907
COQ1,4.0,4.911222505186673
YIM1,9.0,4.911389398877892
YOR152C,62.0,4.9114222281544775
NCP1,24.0,4.911530991880016
RPC19,45.0,4.911644043512323
AHA1,28.0,4.911665762926944
TMA23,1.0,4.911980473534811
TSA1,63.0,4.912135483454656
RPS15,41.0,4.912501679394602
YML020W,20.0,4.912523499768006
RRN5,47.0,4.912539536009052
SPS19,21.0,4.912782493602018
TRA1,45.0,4.913057430417604
CUS2,72.0,4.913194255339533
SEC66,22.0,4.913289546813963
HYR1,12.0,4.913464238414303
ISN1,8.0,4.913685486850927
YPR203W,16.0,4.913947659845631
TVP38,62.0,4.914583805135556
BUD7,63.0,4.915407063800088
MRPL22,72.0,4.915422360408683
YMR027W,8.0,4.915691988288052
CDC55,64.0,4.9157905880901644
PIH1,1.0,4.9161544630367215
WSS1,62.0,4.916394700350643
LSG1,47.0,4.916402280687539
YFL066C,20.0,4.916841434106728
RRN3,40.0,4.917089810764051
SPB1,37.0,4.9176316211196305
MTR4,42.0,4.918816206826136
MYO2,41.0,4.918909346344078
AAT1,25.0,4.9192258938401645
NMD2,48.0,4.919626521850365
MSR1,72.0,4.91985353964808
LCL3,70.0,4.920203360749517
CCT5,39.0,4.921108341860786
VPS71,60.0,4.921389530440585
TYW1,40.0,4.92180673954582
GRX5,5.0,4.92184035424092
STI1,15.0,4.92222416304315
VMA6,61.0,4.922587134006278
IMP2',0.0,4.922630833463577
SGT1,0.0,4.922757758688228
BSC6,3.0,4.922851885721222
DCS1,4.0,4.923230900887794
MAK31,3.0,4.9241410590922765
SPH1,27.0,4.924343269046033
RGD1,71.0,4.924613443548769
PBP4,71.0,4.924842864164035
HOM6,2.0,4.925747544255741
NIP7,42.0,4.925811673070488
YDR385W,49.0,4.926170343520114
KTR6,42.0,4.926224542238192
HVG1,1.0,4.926257298486199
OSH2,8.0,4.927769758045451
PDS5,27.0,4.9282382432963585
snR11,7.0,4.929127335911147
IDP3,8.0,4.929129911499027
GRE1,73.0,4.929324590865698
ESC8,24.0,4.929425364103245
CCR4,42.0,4.93003207045591
RPP2A,24.0,4.930168949766946
WSC3,25.0,4.931864400508943
snR51,67.0,4.932027132223708
GRS1,38.0,4.9323671448045925
HIS6,34.0,4.932469118513812
HOL1,56.0,4.932794180585455
YDR115W,20.0,4.933221700587667
YPL275W,30.0,4.933886695651022
YJR160C,14.0,4.934106003429734
YRA2,68.0,4.934774049296452
MDE1,38.0,4.935494427840212
LSC2,11.0,4.935702860461819
LYS9,2.0,4.935772330794308
TAH11,29.0,4.935982607075816
PSK2,34.0,4.936180119334489
CBP2,3.0,4.9362061976743625
IRC21,54.0,4.936700794571248
RPL4B,40.0,4.936814458582297
TAF14,38.0,4.936842072637138
MHR1,69.0,4.936849700717681
YDR476C,2.0,4.937101765565852
NSA1,48.0,4.937154938618926
MMT1,30.0,4.937337257231786
SPC1,30.0,4.937830411766788
SYT1,16.0,4.937952317656718
NTE1,28.0,4.93797824373044
DNM1,50.0,4.938208851916847
ASC1,1.0,4.938794487058122
YMR272W-B,35.0,4.93886411524016
PDR12,38.0,4.939021718514321
MRPL32,69.0,4.939678352209412
RKM3,45.0,4.940189382701241
NOP1,43.0,4.940380183665143
CDC34,69.0,4.940831106531948
ADH4,36.0,4.941464558178836
ATG13,23.0,4.942789298884247
YHR215W,71.0,4.943232501420467
DBP7,41.0,4.94347371076229
FMP37,7.0,4.943629703189182
NAT1,24.0,4.943756715439127
RPS27A,40.0,4.944302998054116
KAP95,16.0,4.944359836177731
RBD2,3.0,4.9443777181066215
CIA1,41.0,4.944402433499683
ASI2,73.0,4.944586089201727
DAS2,55.0,4.945198735473794
FES1,11.0,4.94533957430196
NOT3,63.0,4.946103317945308
EST2,33.0,4.946207014427744
HTD2,11.0,4.946306739784157
SUI1,48.0,4.946674732789489
TIM9,72.0,4.947097292119752
ATP16,5.0,4.947408166358926
ENT3,1.0,4.948092547843102
UTP11,47.0,4.948376993278414
RAD33,55.0,4.948537176912401
SWD2,6.0,4.948647124408721
RPL22B,25.0,4.94874890976232
RPL36B,67.0,4.949070370472817
STT4,37.0,4.94912980946477
CBF5,49.0,4.949150379458231
NOP6,73.0,4.949304254642185
MEU1,31.0,4.949366160383731
YML082W,64.0,4.949502285261185
CUE3,71.0,4.949635091477811
KAP114,22.0,4.950109072795546
IMP2,2.0,4.950247249072099
HNT3,9.0,4.950330312388845
RRP40,54.0,4.950364783893539
YMR141C,4.0,4.950749029588479
HRR25,3.0,4.952095056981991
BIK1,20.0,4.952585269995994
CIN1,28.0,4.95275281528356
YCR075W-A,49.0,4.953389573307351
YEL043W,45.0,4.953436835622177
YML026C,40.0,4.954022832562013
CCT2,26.0,4.954271135524786
YOR283W,32.0,4.954299807905304
HAM1,47.0,4.95500150581737
UBP11,1.0,4.955227933393702
YCK3,54.0,4.955228953578349
PMP3,58.0,4.955230236569936
UIP3,6.0,4.956060859038201
FCY1,55.0,4.956363568338269
TAM41,63.0,4.95641085815713
YER134C,4.0,4.957175810688379
TIF11,71.0,4.957582224853087
RPF2,49.0,4.9580332045802304
KRE33,41.0,4.95886024208391
DSE4,7.0,4.958951294346575
YPR084W,49.0,4.95968920110866
MF(ALPHA)2,17.0,4.959758752564292
TGL4,2.0,4.959792889294004
PCL6,68.0,4.961956122647794
YBP2,27.0,4.962076118949971
MDR1,6.0,4.962904385792826
HSP82,16.0,4.963238108921355
CBC2,66.0,4.963243362426128
ACH1,13.0,4.963590279385138
PGD1,49.0,4.9637726333406675
APT2,14.0,4.963814555896609
YDR418W,35.0,4.964170229285705
CCT8,25.0,4.964682684665174
VPS8,68.0,4.965160010651369
RPL16B,22.0,4.965162252204381
MGR2,18.0,4.9654300215496505
YAL063C,19.0,4.965447050987607
UBP12,44.0,4.965849860365267
OAR1,39.0,4.966008951271055
RPN4,16.0,4.966329637953312
MSC2,73.0,4.966447108316832
PDR11,39.0,4.967250688834417
DLS1,49.0,4.9674036924316445
EBP2,5.0,4.9675726061885515
STP22,17.0,4.968092323574046
APM3,36.0,4.968215606314175
MND2,1.0,4.9682760318885775
KTR4,2.0,4.968912316340999
SCS3,14.0,4.969110216292344
SEC9,70.0,4.969129313267382
ARD1,35.0,4.96919468851831
YIL024C,4.0,4.969428300998518
YPS3,19.0,4.970164827092179
SEA4,46.0,4.9710053889873915
TRM44,41.0,4.971087186815921
SCS7,22.0,4.971120505767028
ERV14,49.0,4.971333126103179
REI1,42.0,4.972555791333316
STF1,6.0,4.973268981621392
YEL014C,41.0,4.97328162497368
PPN1,3.0,4.973365871850023
LEU5,5.0,4.974448132859355
INM1,10.0,4.974511302698862
MPP6,8.0,4.974877947362964
YCR015C,66.0,4.974896052652318
YDR010C,16.0,4.975069937936405
TAF4,4.0,4.975719771154445
USB1,68.0,4.97589874002715
HFI1,52.0,4.976592800841088
YAR009C,20.0,4.97675363994946
LCB1,21.0,4.977370533713178
MIC14,72.0,4.978085316992081
RRT14,50.0,4.978278719538037
NSI1,67.0,4.978370447748858
HSF1,55.0,4.9788172308409395
IDS2,1.0,4.979142907727919
FET4,33.0,4.979631803458835
YFH7,7.0,4.980272154976327
TCB3,44.0,4.980330933959836
RPC34,48.0,4.981079940444942
HFA1,38.0,4.98168095221415
MCM21,42.0,4.9820666252234105
RRP36,62.0,4.982214933132018
NUP1,43.0,4.983264812140912
RAD16,1.0,4.984106049892663
DYS1,39.0,4.984238765351652
PDR17,39.0,4.9865224156994605
UBP7,19.0,4.98727930876617
JIP4,0.0,4.987318353175102
VPH2,37.0,4.987664744092534
YCF1,11.0,4.987783202926201
SPE2,43.0,4.987850757102506
ATG1,73.0,4.987998845680222
LYS20,18.0,4.988163589393406
TIM21,52.0,4.988699951098068
PCF11,36.0,4.988899953717378
ILV1,28.0,4.989272678054957
ERV46,21.0,4.989297289437746
RPN10,1.0,4.990512865222251
RSM27,63.0,4.992048415420468
YCR006C,57.0,4.992476715228481
IRC19,46.0,4.9929559960779315
MRPS18,70.0,4.993248048858315
MIA40,73.0,4.993819416680247
RPL5,36.0,4.99508459534033
TOS4,28.0,4.995513614865024
YPR071W,21.0,4.995636067403054
YPR097W,19.0,4.995838829410876
BNA4,52.0,4.99590390127038
SKI2,63.0,4.99591092209439
YER188C-A,2.0,4.995998323008795
PDR1,45.0,4.996223063092594
YAP7,11.0,4.996436637522072
VPS35,69.0,4.996639715469811
YEL1,7.0,4.997129448856765
RAI1,7.0,4.99738626496066
TSR3,71.0,4.997463663770137
YBL027W,67.0,4.99754051631168
YPL107W,5.0,4.9978523376414445
YJR129C,39.0,4.998788021904607
ACK1,70.0,4.998874207854361
YDR341C,30.0,4.998927318893661
CTR2,34.0,4.99898928351185
MAF1,22.0,4.99982456299859
EFG1,1.0,4.999826675245737
MRPS12,9.0,5.000390746259276
YDL073W,48.0,5.002114911681202
MYO5,73.0,5.002120821538455
SEC31,29.0,5.002124614362767
SLZ1,57.0,5.002264501097927
DRS2,14.0,5.002847019552292
SRP21,52.0,5.003047644048432
YNL162W-A,36.0,5.003312168372877
NAB3,47.0,5.003877283817956
PRT1,36.0,5.004363600472006
RFM1,11.0,5.004968005366224
PHO3,66.0,5.0051068098073195
SNF1,58.0,5.00530922131569
RPS13,27.0,5.005538248995071
GCD10,44.0,5.005830903907275
YBR242W,50.0,5.006661142015635
TEX1,36.0,5.006724122177626
YIL151C,1.0,5.006755888339733
RCF1,72.0,5.006842010814209
TIF34,44.0,5.0081983694426935
YJR056C,73.0,5.0083402156737105
CDC26,28.0,5.008470214283406
MET28,42.0,5.008628951634499
MAP1,40.0,5.008836919291165
snR63,48.0,5.008884121965576
YJU2,68.0,5.009242955902277
YDR003W-A,69.0,5.00941448822306
RPD3,23.0,5.010880195621634
OSH7,67.0,5.01103804996737
ORM1,56.0,5.0111768360443945
RPS10A,51.0,5.0111928682940015
SMB1,68.0,5.011251130631925
AFT1,45.0,5.011660816719519
YJR145C,42.0,5.012116345772999
SYF1,0.0,5.012812245584332
YGL010W,0.0,5.012832898739146
VHS3,4.0,5.012915914458469
PUS2,41.0,5.013119163523707
MLF3,73.0,5.013257012735617
UTP21,38.0,5.013434322617526
NOP56,42.0,5.013771039487436
MTQ1,16.0,5.015100669344407
UPC2,28.0,5.015166652143352
DOG2,9.0,5.01518279031678
SNX3,70.0,5.015520657184709
YBL071C,37.0,5.01571499696718
YFH1,16.0,5.016429304267194
HO,17.0,5.016909050270371
YIP4,8.0,5.017415205979824
XRN1,41.0,5.017689026240033
LCB2,27.0,5.01825752089327
YJL199C,8.0,5.019068596722893
MET5,45.0,5.019165093930793
YER078W-A,67.0,5.019271912983766
PAM16,67.0,5.019449529139887
EXO5,32.0,5.0195779337150945
UTR4,69.0,5.0201171471699935
TOM70,64.0,5.020477440997644
PGS1,42.0,5.02056295259827
HAS1,42.0,5.020652099303956
PHO2,29.0,5.02070634992988
RRP1,51.0,5.021565265347064
NOP13,43.0,5.021667216775796
YOL103W-B,24.0,5.02226734844929
RIM1,35.0,5.022695873455669
SNP1,33.0,5.023360761138077
HSP31,20.0,5.02351057490483
SLD3,37.0,5.0235919829592905
MRM2,6.0,5.0237632945769155
MDM10,69.0,5.024005885096589
SOL1,4.0,5.024317706060471
ATP2,69.0,5.0248417800673435
YBR220C,36.0,5.025011536472906
PDB1,13.0,5.025187724481063
STB4,41.0,5.0253418276792035
YDR344C,59.0,5.0253764427756344
YRR1,68.0,5.025893634674945
RPN3,7.0,5.026098034414986
CFT2,47.0,5.026297405296873
YDL136W,63.0,5.026614749760876
MRPS5,69.0,5.026813825984675
SSE1,30.0,5.028077528325678
SPT2,69.0,5.028112602548856
CDC1,43.0,5.02822205261311
PUP1,4.0,5.029366072259585
IMO32,3.0,5.0295551573303365
SHR5,54.0,5.029791899483862
URE2,6.0,5.0299547973566625
ERF2,42.0,5.030083582190037
SHQ1,50.0,5.030228026331604
PHO23,6.0,5.030408956464144
ATF1,43.0,5.0304824405867885
CDC53,0.0,5.030606271447097
UTP8,42.0,5.030771898375727
RPO26,2.0,5.031881892836982
MCR1,6.0,5.032009198248953
SEC16,60.0,5.032512574380653
ECM8,40.0,5.032514380935693
BEM2,12.0,5.033066156653645
ARP5,64.0,5.033154223212656
HSU1,17.0,5.033760073673291
MOT2,33.0,5.033925998280492
NNK1,67.0,5.034398588929659
BPL1,50.0,5.034880849711855
NUP145,40.0,5.035213275661099
SOF1,35.0,5.035256653744615
NPP1,34.0,5.035322407159362
MIC23,10.0,5.035623086797524
PEX17,72.0,5.036009774961693
FRA1,70.0,5.036035764038493
NOP12,63.0,5.036129631897995
YKR045C,45.0,5.036291746959284
MDM35,3.0,5.0364833819632056
GSH1,61.0,5.036646151352853
TFB6,67.0,5.036926024354529
GNP1,13.0,5.036962207293078
AIM44,3.0,5.037343150554807
RPS0A,44.0,5.038156002934837
GEP4,37.0,5.03838896994727
PKR1,55.0,5.038449920695718
PET123,70.0,5.038564402780231
STE24,21.0,5.038887155754542
GLE2,13.0,5.039143304517343
YMR099C,12.0,5.03921827500243
FAP1,38.0,5.039701314280469
YLR118C,15.0,5.04000780151192
YBR230W-A,12.0,5.040413589583588
PET130,3.0,5.040515905592349
SKI8,42.0,5.040686175812685
YIL089W,27.0,5.040690613837504
TVP15,4.0,5.041169864996624
PRP11,2.0,5.041298114376945
BET3,44.0,5.041513020134234
SNU23,16.0,5.041852326603045
MRPS8,69.0,5.042625976625467
GRS2,73.0,5.0429470300197305
STE23,24.0,5.0429762821068715
BUD25,71.0,5.043053485837303
RIM20,71.0,5.043201375602273
TOS8,58.0,5.0432119973991245
YDL176W,45.0,5.043346874397467
YEL008W,49.0,5.043582558513615
BAP3,34.0,5.043681526927152
YJL160C,13.0,5.0436982250827835
SEC2,14.0,5.043748352009524
YEL028W,18.0,5.045695517425044
SIP2,70.0,5.045987105603187
SLF1,67.0,5.046487357825574
PDX3,12.0,5.047695243418631
COG6,43.0,5.047717148778382
MCM1,61.0,5.047860746723708
RNA15,70.0,5.04886889506491
YML037C,49.0,5.049029025754426
GEP3,44.0,5.049100998940225
DUG3,43.0,5.049294065602737
HAT1,67.0,5.049304843137492
snR67,35.0,5.049444552016309
YNL146C-A,5.0,5.049468936375743
SIZ1,69.0,5.049729378261586
DHR2,41.0,5.050469087151725
CFT1,62.0,5.051187522892447
HOS1,47.0,5.051973529224612
PRO1,38.0,5.052759343731378
YGL041C-B,48.0,5.052912661476808
DCP2,49.0,5.052951679708507
RPS31,66.0,5.053088621621102
JEM1,21.0,5.053372287702404
SPC72,29.0,5.053593231284735
GID8,73.0,5.054779096019529
PNO1,41.0,5.0548423576695845
BNA1,18.0,5.055687239458717
YDL129W,46.0,5.0558044449771415
EGT2,7.0,5.056387516256732
REX4,42.0,5.056462758036325
MAM33,35.0,5.056484446932888
YJR085C,13.0,5.056508498167491
RPL25,1.0,5.056839314798196
EMC6,30.0,5.057014128766822
CLA4,7.0,5.05715002423029
MRPL37,2.0,5.057992796632981
PUF2,66.0,5.058765884940571
YOL013W-A,58.0,5.059459023733913
YLR446W,55.0,5.05991238875836
TGL2,8.0,5.060233367291715
LSM7,4.0,5.060265342941819
OST4,34.0,5.060392896346742
MGR3,70.0,5.060443315610602
YNL134C,5.0,5.060476462332103
STE7,1.0,5.060513311366664
SEC7,51.0,5.060753888582153
RPS2,40.0,5.061092639360773
IME1,65.0,5.061224377148515
PGK1,61.0,5.061344952370677
ASM4,50.0,5.061599390537916
RPS12,73.0,5.061607021108331
HTL1,23.0,5.061899641781889
GLE1,64.0,5.062181317488507
TPS1,4.0,5.06358054040148
NAM9,73.0,5.064253155665747
TPK3,46.0,5.06585533323321
YHR054C,58.0,5.066326641150088
SIN3,42.0,5.066361538607269
AGE1,28.0,5.066879121819422
THI4,20.0,5.067358077540679
MRPL10,69.0,5.06770808948202
IES4,68.0,5.067792893547654
YDL242W,16.0,5.068029969630198
ESF2,1.0,5.068244371327111
PET494,50.0,5.068413970498003
HEM2,3.0,5.0690194662748045
LEU3,50.0,5.0691834097012105
RHB1,0.0,5.0694491898384495
MAL31,73.0,5.069599712417321
ERP6,12.0,5.06977775007144
ULS1,45.0,5.069850034121408
YEF1,10.0,5.0699515071349035
CWC25,67.0,5.070340811847708
PSE1,25.0,5.070949831093089
PSD2,62.0,5.071186541679129
RPS11A /// RPS11B,35.0,5.071891453871473
RAD24,37.0,5.072618924368695
YNL332W,38.0,5.0726425147238805
PCC1,0.0,5.072733100600308
KIN82,2.0,5.072751389187539
HOC1,35.0,5.073080888319633
REC104,21.0,5.0731403963251696
PAN5,31.0,5.0732540529955745
RPL6B,38.0,5.07342590767425
CPD1,2.0,5.073641906301807
AIM2,12.0,5.073779319705019
NEW1,44.0,5.07405786866044
IRC3,56.0,5.074454869803802
CLU1,25.0,5.074580646722957
SAP1,57.0,5.07519097406823
PKH2,68.0,5.0758890155888166
ENT5,66.0,5.076992179631637
YMR262W,8.0,5.077144556265567
RPL8A,52.0,5.07720924140514
AIM10,64.0,5.077232447593733
INP51,65.0,5.077420982711114
RPS28A,27.0,5.077488512240559
RUD3,66.0,5.077705146948937
IPI1,41.0,5.077980222231531
YFL041W-A,2.0,5.078201909859822
VAM6,68.0,5.078296750660311
NOP4,41.0,5.078522343391083
YDR366C,8.0,5.079018892704206
JJJ2,62.0,5.079276207929668
ISW2,66.0,5.079836542202275
YPL260W,2.0,5.080064736449349
ECI1,10.0,5.080802639383483
CLP1,7.0,5.080883727677813
LRP1,60.0,5.081001608022746
PGC1,4.0,5.081144886782697
PUS7,51.0,5.081964352682664
RBG2,32.0,5.082154824614737
CBP6,64.0,5.082653054969197
ADP1,56.0,5.082831978388693
YPL278C,7.0,5.0844618765401925
YBR255C-A,10.0,5.084489836945178
TMA46,1.0,5.084713160940585
YPR027C,68.0,5.084723367364468
INP53,10.0,5.0850238072133
MET17,50.0,5.085030170411307
RRI2,0.0,5.085080631871206
RIO2,39.0,5.085634394535658
MED6,66.0,5.086478946316445
UTP25,48.0,5.0868055861149
EHT1,66.0,5.087578853181539
SRV2,14.0,5.08899562435282
PRE1,4.0,5.089021213311311
YEN1,2.0,5.089508354279869
YKL133C,72.0,5.0902425049141895
RPL28,2.0,5.090276572146558
LOT6,61.0,5.0906039639493255
YER117W,29.0,5.090713184757731
GSY2,8.0,5.090955144133799
YPL248C,4.0,5.091060010614326
BIO5,24.0,5.091946125901798
RRS1,47.0,5.092011077224983
YGL159W,38.0,5.092082752968566
COA6,73.0,5.092280414451033
PTK1,24.0,5.092548996098889
PDE2,11.0,5.092855840625699
SPL2,63.0,5.093224281659204
RMD5,68.0,5.0938176798388355
MRP10,72.0,5.094071721757335
SEN54,50.0,5.094269846042062
YCR051W,47.0,5.0943303685915176
ATG9,9.0,5.0943311199895005
AIM1,22.0,5.094449183174724
SEC62,19.0,5.094869180271099
ARR1,15.0,5.096201354315271
YIL163C,9.0,5.096226151607739
YIR035C,46.0,5.096259582600033
PEX4,52.0,5.096499002960052
CEP3,8.0,5.096994192174211
TRZ1,43.0,5.097179108969676
YOL085C,40.0,5.097430041674889
LRE1,65.0,5.0976101814304
RHO4,52.0,5.097636852960683
PDR3,21.0,5.098078327493722
YMR187C,46.0,5.099057942593532
MCM16,45.0,5.099123840798618
URC2,64.0,5.100142835769448
ACP1,5.0,5.101104759476743
ADR1,67.0,5.1011848910535855
YBR137W,11.0,5.101313853879658
RPS28B,38.0,5.102039410137347
GCR2,38.0,5.102549986301366
PEX31,3.0,5.1031097701271575
RPL13B,61.0,5.103313351020632
YPL225W,3.0,5.103360817721184
VPS28,56.0,5.103848234263535
YMR247W-A,73.0,5.103989226552462
MRP2,0.0,5.104253917300403
IZH4,0.0,5.104664853117014
RRP17,68.0,5.104890071240265
RPL19A /// RPL19B,69.0,5.104942609420336
SGM1,26.0,5.1049568993907775
RPS21B,32.0,5.1050418207781325
YDR222W,36.0,5.10516757688091
YLR155C,10.0,5.1054182911253525
YLR157C,10.0,5.1054723415991425
YLR160C,10.0,5.1054723415991425
YLR158C,10.0,5.1054723415991425
KXD1,33.0,5.106128689216053
STE4,2.0,5.106376910448493
PAI3,12.0,5.106489046356174
KIN28,41.0,5.106746440616638
AIM5,5.0,5.106826681277079
YKL063C,49.0,5.10720138305406
MTG2,63.0,5.107533765759862
ARR2,9.0,5.1075447802946305
BRX1,43.0,5.107617485718718
YML132W,14.0,5.107791170046365
APE4,9.0,5.10894955616258
BUR2,55.0,5.10930960651976
PET112,47.0,5.110153426449765
MEP3,9.0,5.111498167163205
YBR302C,14.0,5.11150399207939
SHE9,11.0,5.111843930414401
MRPL3,39.0,5.112014193998988
YSC84,6.0,5.112420751726801
TRM9,39.0,5.112924407600909
RSC6,42.0,5.113258269078773
MSC6,64.0,5.113293233038311
MET12,20.0,5.113644450987149
YGR125W,63.0,5.114266781101638
RPB2,34.0,5.1144075074335555
YJR156C,8.0,5.114492900564115
snR56,6.0,5.114663183733408
MIM1,19.0,5.114688653871056
SER1,25.0,5.115368923365922
EST3,7.0,5.115838762704043
RPL37A,43.0,5.115876748037009
YSP1,14.0,5.116508816354894
TCP1,19.0,5.117763991413607
MDM31,4.0,5.118011497808071
SSL1,22.0,5.1190831098580665
YKL023C-A,50.0,5.119893463429241
OPI1,71.0,5.120289630621765
VPS25,73.0,5.120535607845283
IBA57,10.0,5.120856248228854
AIP1,6.0,5.121131861780108
YEF3,39.0,5.121635992422771
MRPL35,47.0,5.122608109738781
ALA1,29.0,5.122670368842974
AIM22,64.0,5.1229513781449585
ERG28,6.0,5.123132934233204
YGR210C,47.0,5.123584060708434
MST1,1.0,5.123750032782257
POL4,51.0,5.124035362520664
YIL029C,69.0,5.124053209879026
GCN1,10.0,5.124224253457931
NOC2,45.0,5.12450473918481
IRC25,46.0,5.124658667878007
SEC21,35.0,5.124673103189692
MUP1,42.0,5.124835131739111
YLR345W,2.0,5.1252222358910995
YPL216W,12.0,5.125525665487845
REX2,59.0,5.125968438052651
PTM1,4.0,5.126141831752658
MTQ2,42.0,5.127026232242835
ERV15,4.0,5.127235437637227
TSA2,9.0,5.127283768412641
SIR2,25.0,5.1274533128304745
ILV3,19.0,5.1276167426582075
ICE2,60.0,5.127686483426427
YER130C,56.0,5.127740135865839
NCL1,42.0,5.128315203565576
BUD23,43.0,5.1293351909070966
SEC4,73.0,5.129361366524362
ICP55,12.0,5.12974241251873
FUR1,39.0,5.129897251342667
SHB17,43.0,5.130113364816523
YOL097W-A,15.0,5.130511443585539
SWR1,63.0,5.130548903042503
RLP7,56.0,5.130772031874756
YPL198W,24.0,5.131499932543782
SLD7,62.0,5.131506512568536
SSH1,68.0,5.131639937792293
NSG2,6.0,5.131849496197088
NRP1,36.0,5.131988497057994
HXT4,6.0,5.132403266845532
CUP2,1.0,5.132727314524113
snR75,48.0,5.132995737346776
YJR094W-A,23.0,5.133710763716723
GLG1,73.0,5.133853072193595
YCP4,7.0,5.134451056772162
GON7,54.0,5.134587999132027
NOP9,43.0,5.13574549382744
SDH1,0.0,5.13595566622935
AKL1,2.0,5.136050874616881
MRPL8,70.0,5.136181604282318
GMC1,69.0,5.136197067372166
YER175W-A,43.0,5.137250795298186
SSK2,45.0,5.137539031993564
SAM3,39.0,5.137716751969412
MMS2,3.0,5.137874972828294
MLH1,69.0,5.137883587373388
DGR1,29.0,5.138222581724381
YEL067C,21.0,5.138395797757424
FOL2,12.0,5.1391293605245565
ARO7,23.0,5.139357715749552
PAC1,17.0,5.13985637765421
SPO7,6.0,5.140679654852967
YGR016W,17.0,5.141033376016495
UBP14,12.0,5.141056161275119
NOG1,38.0,5.141528884668025
YGL135W,71.0,5.141602299958847
OCA5,1.0,5.142130228778596
YGR018C,49.0,5.14233864876616
RGT1,70.0,5.142520110017589
YNL019C,58.0,5.143236934089436
LSM1,53.0,5.143563577616644
AQR1,35.0,5.1435785691762215
VPS53,48.0,5.144591442973897
NCS6,35.0,5.144670516271283
NEJ1,7.0,5.145137599348343
COX12,7.0,5.145676458876472
TIM17,32.0,5.14644361979172
NUP192,47.0,5.146635960656097
SUT2,21.0,5.147417202017084
PCT1,65.0,5.149931031127001
MMS22,17.0,5.150259590361785
SGD1,43.0,5.150574908213912
LUC7,65.0,5.151401533970487
ERC1,52.0,5.1515632730215675
ILS1,25.0,5.151837604283048
YLR036C,73.0,5.151950922563002
SSN3,0.0,5.152115008364594
BEM4,50.0,5.1529244188062755
DXO1,18.0,5.153174900811284
VPS55,8.0,5.153185659180501
SCO2,4.0,5.153947732744002
YJR159W,22.0,5.153968490891747
YER137C,39.0,5.154685185764657
NIF3,24.0,5.155013849088751
YCR061W,32.0,5.155494231322599
PAT1,32.0,5.155522329865653
RQC1,4.0,5.155767749119831
RPC11,29.0,5.155866481989397
YOR1,1.0,5.156222695615611
MHF2,10.0,5.156355122362452
CDC27,51.0,5.157434302668719
YDR039C,32.0,5.1576834802354306
CKA2,56.0,5.1577082406685335
TAD3,49.0,5.158933608789887
YJR061W,2.0,5.159173888554143
SMP3,31.0,5.159183864102214
RPS1B,47.0,5.1592719717064535
YKR015C,44.0,5.159773451811549
IMG2,68.0,5.159917225752062
TOR1,47.0,5.1601310852265945
FSH2,8.0,5.1609512176906485
COP1,32.0,5.16116912752805
URA6,50.0,5.161359292938698
NIT3,7.0,5.161434292692113
GPX2,64.0,5.162243142246704
HUR1,2.0,5.164090795756199
SEG1,7.0,5.16487840895566
RIM2,21.0,5.164900409075882
SFA1,7.0,5.165192006172655
TDH3,67.0,5.166254658155209
PSH1,27.0,5.166352626997384
SKI7,64.0,5.1672415545479575
YLR177W,72.0,5.167496337536063
STB3,6.0,5.167659293162565
DON1,13.0,5.167782014827635
IPK1,4.0,5.1678112482161636
SMD1,50.0,5.168133219719535
LIA1,39.0,5.16830790990022
SES1,55.0,5.168362392072791
KEL3,45.0,5.168697621355846
HIT1,25.0,5.169161674550561
YMR158C-A,2.0,5.169268467113958
NSR1,45.0,5.169370620007737
RTT103,68.0,5.1704456981428875
PTK2,1.0,5.17066102974465
SUN4,17.0,5.17109123227751
CCM1,64.0,5.1713632301560635
YBR063C,71.0,5.17212958551774
PCL8,5.0,5.172170286965852
RTG2,1.0,5.172647831973506
YBL048W,14.0,5.173268975549051
UPS1,66.0,5.173640473559977
YNR021W,41.0,5.173939769341483
ATM1,40.0,5.174315071772789
snR62,0.0,5.174927132238417
ARC40,7.0,5.174960923136719
EFM2,35.0,5.175073508713447
HRQ1,60.0,5.175465637227889
NBP35,0.0,5.176980310077829
GCD2,71.0,5.177324157247538
SDH2,0.0,5.177570186477914
YLR287C-A,68.0,5.178285901814424
YPL245W,38.0,5.1785228768352125
GCG1,7.0,5.178737351444774
RPP1B,44.0,5.179301236375215
TRM1,45.0,5.179407340739812
YLR157C-C,28.0,5.17944859117014
YLR154C-H,28.0,5.17944859117014
YLR156C-A,28.0,5.17944859117014
YLR159C-A,28.0,5.17944859117014
YGR111W,53.0,5.180026791509858
RTC5,35.0,5.180050135011468
NUP159,68.0,5.1802446655480505
SHM2,38.0,5.181078283549954
RRP8,47.0,5.181258185495109
HAC1,65.0,5.181285050113993
MRPL49,7.0,5.181290396261771
ATP25,67.0,5.1816309261002855
YBL059W,29.0,5.181636013545193
YBR012W-B,30.0,5.182469714699812
YER189W,16.0,5.182676020057729
CRD1,2.0,5.182825502504652
GRR1,72.0,5.183137971174655
YLR161W,59.0,5.1837375060429745
YLR156W,59.0,5.1837375060429745
YLR159W,59.0,5.1837375060429745
STE14,6.0,5.184154449594769
PIC2,3.0,5.184224817909968
YLR407W,44.0,5.1842902693638235
YIP5,4.0,5.185078872425029
SFP1,31.0,5.185612481057378
PRD1,57.0,5.187142367262144
RPN2,8.0,5.187262754594908
RPS0B,40.0,5.187630980160862
YNL095C,40.0,5.188203438648128
STM1,71.0,5.188348913859147
ARG81,38.0,5.188403992176327
DSL1,69.0,5.188803819052912
BMH1,66.0,5.1889295816809184
SAY1,25.0,5.1892628214325205
YML002W,66.0,5.189848611450964
HCS1,67.0,5.1900723167083465
EMC3,26.0,5.190393936926243
RTP1,38.0,5.1904068592479575
PIN4,45.0,5.190589024813726
YJL047C-A,28.0,5.1906574962880585
UTP15,37.0,5.191032970469222
RPS19A,66.0,5.191344954965432
YJL055W,70.0,5.191463917984857
KRR1,39.0,5.19160531201744
CCH1,46.0,5.191761963782381
YGL076C,43.0,5.192252272693462
ECM32,58.0,5.192737294884508
DAL3,4.0,5.192797744721686
VBA4,20.0,5.194095019637777
YBR301W,35.0,5.194231735456715
TPS3,7.0,5.19454275626496
YHR130C,0.0,5.195394486242736
YGL140C,0.0,5.195549241356708
MDM38,48.0,5.196229944407398
VPS74,70.0,5.196321923369808
DIP2,39.0,5.197105693875681
NOP10,50.0,5.197783906396849
BUD5,65.0,5.197893848951755
SPT15,34.0,5.198334728319463
YBL111C,18.0,5.198952743391646
HRP1,20.0,5.199031289028926
TRI1,67.0,5.199662242225219
RPL10,15.0,5.200259904772718
RMD9,62.0,5.20080243359906
ATG2,6.0,5.201475154018905
NRG1,56.0,5.201588771178071
KAR2,22.0,5.201641920776887
PDR8,20.0,5.202043413471571
YEL049W,20.0,5.202406973513455
YHR141C,12.0,5.202452084326769
YFL042C,5.0,5.20263954233679
NOP53,62.0,5.202790343117727
MHP1,70.0,5.203138265092372
FRE8,50.0,5.203188519041595
MTD1,34.0,5.204175676183264
NUT2,20.0,5.2045418915991295
ARC18,7.0,5.204818382184286
SAM35,56.0,5.205267026131773
HSP78,8.0,5.205395761308184
YMR182W-A,10.0,5.205567465210708
PRP31,65.0,5.205708856819045
PRP40,69.0,5.205916066767404
ATG23,6.0,5.206052007218115
NOP58,40.0,5.206103536228138
GLR1,21.0,5.206844934247712
SPT6,65.0,5.207447880566349
VTC4,62.0,5.208564694857994
YIR018C-A,36.0,5.208802746702855
CCT6,27.0,5.208929778909134
RPT5,8.0,5.209282383050497
MSL5,68.0,5.2093186677087715
DAK1,15.0,5.209384865362645
MAK10,44.0,5.209555930114728
HEM4,12.0,5.209637666815215
YLR422W,11.0,5.210657117399001
YLR253W,49.0,5.2116787681061165
RSM23,64.0,5.212046979553421
CHO1,3.0,5.213519893762196
YDR090C,5.0,5.214370466965442
SNF8,70.0,5.215481103486684
MTH1,70.0,5.215575764597032
URB1,40.0,5.215662686593487
RUB1,5.0,5.216164203768985
TRM82,28.0,5.2174081939295345
HOS4,72.0,5.218054613754332
AVO2,10.0,5.218087567861672
CYC7,2.0,5.218120538392762
CST9,61.0,5.218661493680916
RNY1,3.0,5.218704838857912
YMR130W,49.0,5.219467940033389
RPS24A /// RPS24B,34.0,5.2196970330551045
HPT1,28.0,5.220396503939832
MIR1,71.0,5.220762386952662
NOP8,56.0,5.220948648392525
EXO84,56.0,5.221200383241041
IKI1,44.0,5.22170545785037
BOR1,15.0,5.221847679580244
SAD1,12.0,5.222002364850254
MLH2,41.0,5.2221535251201825
SEC23,37.0,5.222871668009103
HSH155,24.0,5.2229256707074105
ENP1,44.0,5.223527826010351
PET8,67.0,5.223679800181035
SEE1,42.0,5.223917356115575
RPS19B,8.0,5.225368536518271
BUD31,28.0,5.225458273321571
THP1,39.0,5.226431776312718
SWD3,35.0,5.226560688067201
KAR1,7.0,5.226682454289799
RPS5,38.0,5.227097365002724
CDC39,25.0,5.227842628240447
RGD2,5.0,5.228135517935574
ATG33,7.0,5.228439699602347
SSY1,5.0,5.22867970728301
MOS1,18.0,5.228702645136161
AAC1,50.0,5.228895614263183
SHC1,24.0,5.2295523113545945
AUA1,15.0,5.22992290697428
RPL22A,42.0,5.229978930169689
DIM1,43.0,5.230905378572339
RPS26B,64.0,5.231555017275056
YDL085C-A,69.0,5.231639735341967
YOR111W,38.0,5.231673004970325
ARG82,2.0,5.231891687115659
MRPS16,5.0,5.23224896524557
ASP1,41.0,5.232595684090434
MRP4,43.0,5.232776567987491
NIP100,38.0,5.232876086926017
ARO2,23.0,5.233045721808578
FBP26,0.0,5.2334551195140495
RPP2B,44.0,5.233540300121478
OPI3,11.0,5.233753934943871
SYP1,2.0,5.234350856360262
POR2,11.0,5.234957266542555
YMR122C,2.0,5.235273254160303
SRP68,50.0,5.235546959376442
RPS18A /// RPS18B,57.0,5.2359059591978
MUK1,67.0,5.235969532141043
SRP101,58.0,5.23606884320919
LSM8,9.0,5.236367531592856
NIP1,31.0,5.23646549245673
HYP2,20.0,5.236923903800825
RAD7,72.0,5.237001996034673
RTT10,39.0,5.237406294449726
RPL36A,9.0,5.237565247932828
OAF1,4.0,5.237665385010566
RBS1,59.0,5.239075715269121
EAF5,1.0,5.239311110536931
TAF10,24.0,5.239374057286201
HTS1,24.0,5.2396875188657965
RTS2,47.0,5.239695564467681
SBE22,72.0,5.23970759253844
KGD1,71.0,5.240041720358627
DBP5,45.0,5.240156545289772
DBP9,40.0,5.240369972371216
TRM7,40.0,5.240430448681769
ALR2,4.0,5.24068495507253
PRS2,49.0,5.2408526422675275
NSG1,32.0,5.240959619490021
MRH4,48.0,5.241174097091079
YCL001W-A,56.0,5.242202001266635
YAK1,2.0,5.242900621297771
NSA2,47.0,5.242900802994124
BCH1,15.0,5.2430109831030585
VHT1,8.0,5.243662124503778
LYP1,13.0,5.2439116592820945
MDJ2,4.0,5.24401979664674
CNA1,17.0,5.244118091807242
RPS20,58.0,5.244539341853475
MTC3,4.0,5.244822016691443
IFM1,49.0,5.244847325782687
YDR246W-A,49.0,5.245111076872194
YCK2,47.0,5.245529813108304
YDR186C,21.0,5.245600457767472
SEC28,25.0,5.246452511488435
SSB2,42.0,5.246597659585539
RPL31B,27.0,5.247087288911029
PIB1,57.0,5.247446958027515
ASR1,73.0,5.247608410925431
RRP45,45.0,5.248374081137124
DCR2,9.0,5.248387771556233
RPL9B,26.0,5.248470525248508
BSD2,2.0,5.248702608312528
RIX1,42.0,5.248852805340061
YBR056W,5.0,5.248964090985531
YMR209C,34.0,5.2494512493295105
BIL1,28.0,5.249483243749688
ICY1,13.0,5.250263030118174
DPH1,42.0,5.25053707091075
TAT2,34.0,5.250855589459869
YKR059W,37.0,5.251564734601626
RSA3,20.0,5.251812469807403
TRM732,42.0,5.251875213737394
APJ1,15.0,5.251949886112325
YOX1,26.0,5.252042638568538
UTP18,40.0,5.252064582696514
TIP20,53.0,5.253629692412173
COX17,67.0,5.253685965063696
ADE3,26.0,5.253977739421731
POP3,33.0,5.254258343622595
PRP8,60.0,5.25473253532132
MDM36,5.0,5.254836351378036
YPR053C,60.0,5.255190768289276
ATE1,6.0,5.256402187763512
TCO89,69.0,5.256567501625832
AAD10,16.0,5.257098002299695
YML6,73.0,5.257580287882142
FAR3,7.0,5.257740952175496
RPS17B,12.0,5.257923310598972
IOC3,36.0,5.258200799604445
YGR027W-B,28.0,5.2583787252381455
PDA1,6.0,5.259074556971995
IRT1,63.0,5.260017030837902
CLB6,23.0,5.260501736047519
RPS1A,6.0,5.261314843827785
ADD66,5.0,5.261986808323209
RPN9,7.0,5.262301499027851
BUL2,38.0,5.262476714524484
OAF3,36.0,5.262989203801508
BFR2,33.0,5.263092123814678
REC114,27.0,5.263136977741415
FMP32,10.0,5.264016800958373
HEM1,38.0,5.264221961443661
CLF1,53.0,5.264562689857787
UBX5,2.0,5.264956888484888
HAL9,4.0,5.2650130021344514
NSP1,45.0,5.265142239530249
SLM1,66.0,5.265236045608364
MRPL6,4.0,5.2654523613954645
TDA3,9.0,5.265564846486999
ATG14,56.0,5.265666471538514
SSA3,14.0,5.265731107024057
GPI1,57.0,5.266468391327891
IRC22,20.0,5.266474742867746
snR72,36.0,5.266951536543367
GAL11,54.0,5.267108338079629
ROK1,34.0,5.267125458280005
UTP10,39.0,5.2679787770684605
PET111,62.0,5.268261268177634
YER053C-A,61.0,5.268325867291033
PEX5,3.0,5.2683312601545
HDA1,69.0,5.268351750518762
RPL16A,41.0,5.2686217031485825
MRPL33,72.0,5.268651201105004
SPT8,71.0,5.268825821500808
UBC12,15.0,5.269054599268391
TAP42,13.0,5.269600987982186
SER33,42.0,5.269606122619995
YGR035W-A,19.0,5.269669344548812
OPI10,3.0,5.270002941654282
RLP24,50.0,5.27079831200975
CCT7,33.0,5.270885492140871
AIM25,21.0,5.271221912128406
WWM1,22.0,5.2714119417170355
RRP15,9.0,5.271446533613578
snR70,0.0,5.271934623641113
PAC2,2.0,5.271935970092862
CAX4,2.0,5.272090966727582
GPM1,3.0,5.273340902655491
YCR001W,69.0,5.27353798338162
YDR379C-A,10.0,5.273566407720431
NUP49,68.0,5.273793110528074
SNU114,70.0,5.274039536654072
PUS9,3.0,5.274234959883198
PEX12,6.0,5.27425571373173
SSN2,63.0,5.274942194879283
ARC15,2.0,5.27515636697273
VPS17,12.0,5.275387387542675
YPR010C-A,5.0,5.275974624876185
YBR285W,13.0,5.276035240186516
BUD22,5.0,5.2761709430640895
MUP3,35.0,5.276311650326523
GTB1,47.0,5.276348132107182
SKI3,36.0,5.276360890990458
YPR170W-B,1.0,5.276550322732764
GPI19,20.0,5.277388831133966
YAR071W,69.0,5.277789822455101
BUD16,30.0,5.27795889795301
GYP1,49.0,5.278022347695074
ADH1,65.0,5.2792613786263995
ADE8,45.0,5.279730840707741
KTI11,37.0,5.280197068643683
NOC3,40.0,5.280356303076159
PRP2,47.0,5.280520238321076
CEG1,43.0,5.280648037823072
DLD3,20.0,5.280815714251155
TUS1,38.0,5.28095203436788
RPB5,3.0,5.281019245871313
YBL086C,20.0,5.281698884711999
GAD1,4.0,5.282674513932143
DBP2,44.0,5.283654484245768
SIT4,25.0,5.2836915045721025
PHO80,5.0,5.283858537356545
VMA9,40.0,5.2839303253013306
YPL090C,7.0,5.284344924923093
AFG1,2.0,5.284851299018097
STB6,66.0,5.285313287224917
SEF1,64.0,5.286192646457618
APC2,67.0,5.28874321597138
RPL37B,30.0,5.289648116319014
SRP14,73.0,5.290081283272842
YML096W,33.0,5.2904460134128355
TRM3,41.0,5.290971312727365
TDA5,15.0,5.291168566855344
PUF4,52.0,5.291360905968098
IES5,69.0,5.291956211621647
MBR1,0.0,5.292558065643765
snR38,51.0,5.292645215538682
JJJ1,48.0,5.293027769168691
TOM5,38.0,5.293262086282845
YBR090C,41.0,5.294167809739763
HUL4,2.0,5.294180824810105
TRM13,53.0,5.294214964208257
YHR056C,48.0,5.294425343413581
THI7,47.0,5.29544718135009
HSK3,37.0,5.29545028625589
ENT4,66.0,5.295673151639596
COA4,73.0,5.296652032659003
YHR211W,23.0,5.296925002166681
YNL122C,73.0,5.29705061303251
VTS1,32.0,5.297235325853386
TRR2,10.0,5.297556274016831
DUG1,5.0,5.29839811356078
AZF1,1.0,5.298816599212015
YLR227W-B,11.0,5.299177271572809
BCD1,65.0,5.299587711662698
PEX2,1.0,5.300181998991974
PAU17,19.0,5.3004999342564405
EMC5,59.0,5.300800415595267
HRK1,2.0,5.300908602149433
ATG4,2.0,5.301001775071129
VMA11,9.0,5.301005404448182
YOL047C,15.0,5.301516581412045
YER181C,1.0,5.301847578602384
UMP1,8.0,5.302162471406857
YGR168C,59.0,5.3023247840108185
OST6,38.0,5.302967766398349
CHZ1,71.0,5.302979398237087
YMR007W,11.0,5.303338376860763
SUV3,45.0,5.304021141316886
PEX1,6.0,5.304053391583204
YPP1,39.0,5.304058964549552
FYV8,46.0,5.304373105825217
GUS1,18.0,5.304437247333476
REH1,7.0,5.304876390881382
TOM7,36.0,5.304923604805315
PRP18,5.0,5.305710901111515
HSM3,73.0,5.3065285533862445
RUP1,4.0,5.307160949438151
TIM13,19.0,5.307901800927235
YER190C-B,13.0,5.308627914580296
YET3,5.0,5.3089358813651
ENP2,44.0,5.309590752545175
PHR1,2.0,5.309774739932448
NGG1,51.0,5.3098440657501715
REG1,63.0,5.309955858872788
NMA2,37.0,5.309981206894985
CRZ1,56.0,5.31006326652359
YJR079W,21.0,5.31009513692126
SKI6,41.0,5.311062344239283
TAF6,45.0,5.311427318130673
PBS2,17.0,5.312773134411733
RPG1,38.0,5.313290850333448
GAL80,27.0,5.313657553303935
TVP23,63.0,5.314375860460852
YLR352W,7.0,5.314737510080467
RAX1,9.0,5.31535981206888
SPT4,2.0,5.315694523705323
YDR274C,62.0,5.315793383436489
MTF1,36.0,5.316008514245084
RKM5,23.0,5.316147659917928
HPA2,4.0,5.316174535124211
ESS1,69.0,5.316710886149001
YHL044W,18.0,5.3170500047871165
VPS1,38.0,5.317144371887207
TRS31,57.0,5.317401761250259
UBP10,36.0,5.317411120851525
PDR15,69.0,5.317782620044937
YLR001C,2.0,5.31820518487241
FRE5,61.0,5.31904692155807
FCY22,29.0,5.319561475038172
BUD21,2.0,5.320053960538731
RRP42,13.0,5.321156764543791
RAD50,66.0,5.3214469939679665
ZRT3,64.0,5.321485407767952
MFA2,4.0,5.321648642917047
FYV7,43.0,5.321730301143036
OST2,35.0,5.322280139441355
TYS1,35.0,5.322500324457327
YDR157W,6.0,5.323063769222825
CWC2,59.0,5.323069980829874
ATP23,67.0,5.3237365863838395
STE5,7.0,5.324260942044964
PEX19,21.0,5.325454041853779
KEX1,50.0,5.325585413854521
SPS2,13.0,5.3262266175522175
MED1,56.0,5.326862967050085
ATG3,7.0,5.327227456164401
BZZ1,65.0,5.3273869050300595
SNA3,4.0,5.327406009195453
REC107,44.0,5.327442622494762
SMD3,70.0,5.327690701328602
YFR016C,18.0,5.328220258737687
YNL054W-B,19.0,5.328330014713494
EDS1,16.0,5.328580226411184
NHP6B,55.0,5.329694018526664
ROY1,3.0,5.329896730707539
LYS5,14.0,5.329920951914371
NHP2,31.0,5.33032616877043
SRL2,51.0,5.330714637489534
TAF12,15.0,5.3307186842896055
YLR358C,38.0,5.330840722978435
RUF20,0.0,5.331252073513215
CDC50,35.0,5.331566264786023
ALT2,14.0,5.331571088976243
PUS4,40.0,5.331802806917199
RPL9A,67.0,5.331901509477422
IPI3,34.0,5.3341622250029515
MNT3,69.0,5.334358743035226
YGR146C-A,65.0,5.334491173373007
AIM13,3.0,5.334603538454852
YDR029W,51.0,5.334971219268538
SEC3,25.0,5.334990007189281
SPT10,41.0,5.336063295190498
SAH1,73.0,5.336275063281533
UFO1,73.0,5.33643572320775
ARN2,18.0,5.336942972765903
HMT1,43.0,5.33739712904639
YJL068C,15.0,5.3379917967074615
PDR10,21.0,5.338827039534137
KOG1,54.0,5.339299431296839
COX9,2.0,5.339551171973857
ATP11,4.0,5.340050049421231
SMX3,17.0,5.340082927617959
VAS1,34.0,5.340667435074244
KAP123,45.0,5.341563960712761
YMR143W,45.0,5.3417707820340565
THS1,41.0,5.34187144829783
DED1,32.0,5.3421420896553755
ERJ5,28.0,5.3423182321900695
PIG2,9.0,5.34245543875737
DOC1,35.0,5.34280949567698
PRP28,56.0,5.343090585065201
SAP190,68.0,5.343922135505698
SSF1,38.0,5.34420740191364
RPS14A,65.0,5.344710234518222
MRPL19,1.0,5.344900139143151
UTH1,3.0,5.345389696691211
RBG1,30.0,5.3460864500460215
DIA4,2.0,5.346303650682019
COX13,7.0,5.346734302895385
YGR122W,65.0,5.347080787529544
NPC2,1.0,5.347431874716838
SOM1,17.0,5.347446058909139
SRB2,34.0,5.348036045550046
GLK1,1.0,5.3491270963054385
CSG2,70.0,5.349355460202702
COQ6,8.0,5.3504058215053885
YOL057W,66.0,5.351427859660452
RNA14,3.0,5.351491745787889
CDC24,60.0,5.351655685649999
RPC37,2.0,5.3519184724528
VFA1,21.0,5.3523180869279425
IRC7,25.0,5.35248480516739
SEG2,61.0,5.352924400493725
QNS1,8.0,5.353380355012559
MIM2,32.0,5.353409326848431
MRPL15,68.0,5.353713166920553
DAP2,8.0,5.353843540181753
MRPL28,70.0,5.353849654362841
YEL073C,6.0,5.35398818802292
YSF3,32.0,5.355676144629275
RPO21,30.0,5.356115260894997
RPL8B,42.0,5.356127940351244
UIP4,3.0,5.356258484388922
YPR196W,11.0,5.357081957569526
TIF6,3.0,5.357806925109721
ATP18,62.0,5.358213786364047
SHU2,16.0,5.359519908508406
GRX1,9.0,5.359797493698133
RPS22B,19.0,5.3599905154247
SUL2,38.0,5.360072817110592
RPL6A,43.0,5.360750833494077
RIB2,28.0,5.360953585277764
UTP4,47.0,5.361233406503852
GCD1,24.0,5.361640922693959
YMR105W-A,58.0,5.362357020095172
VPS60,1.0,5.362671177750693
MES1,29.0,5.363197673824799
HMLALPHA2,73.0,5.363501706511729
YCR039C,73.0,5.363501706511729
LSM3,67.0,5.363974624235404
YNL155W,73.0,5.364211663467687
GPB2,1.0,5.364300758815674
STE11,5.0,5.364763239213432
GIM4,32.0,5.365242635242567
NPR1,11.0,5.366000114746713
snR7-L,23.0,5.36658479898552
CAP2,4.0,5.3672289058619205
TEP1,20.0,5.3673261390769165
RPL38,1.0,5.367424038156801
RML2,9.0,5.367781616779391
LDB16,59.0,5.367975424900857
YCL012C,6.0,5.368002782120697
YDR461C-A,3.0,5.368680373397529
MUD2,26.0,5.3688579105253496
CTK3,73.0,5.369669003201072
PTH1,15.0,5.369794951318741
CDC123,34.0,5.369881384519188
DSK2,12.0,5.370034940831195
YOR133W,12.0,5.370497869331638
BUD14,23.0,5.371061665850536
NUP133,47.0,5.371454592991653
MRPL50,63.0,5.371873870014487
RTT102,22.0,5.372083882477122
PRP16,58.0,5.372330001079041
GPR1,20.0,5.372392358836861
OTU1,7.0,5.372489961987135
CTH1,6.0,5.372852493679817
snR40,32.0,5.3729006818824905
DAP1,3.0,5.37314508700405
BPT1,10.0,5.373332553246517
MRT4,45.0,5.373468170396268
YDL133C-A,54.0,5.373884173242324
BIG1,31.0,5.374660883610686
ESL2,62.0,5.374752028217227
ICT1,60.0,5.374863729071023
TCB2,37.0,5.374932062367493
MDL2,3.0,5.375541463034923
VAC7,63.0,5.376486648420703
YCR095W-A,26.0,5.376494287063495
TMA19,63.0,5.377263411841368
UBA1,3.0,5.377562936794071
YNR034W-A,8.0,5.377949975545337
UTP22,35.0,5.377977124959285
DOA1,8.0,5.378489726520837
YMR074C,14.0,5.378530724754627
YKR011C,64.0,5.378551329001785
SWS2,72.0,5.379366631328398
SUI3,58.0,5.379695571054185
YLL017W,15.0,5.380614462731971
ARH1,6.0,5.3806660741513666
MMS1,54.0,5.38086228645574
CCT3,37.0,5.381327842115446
PWP2,34.0,5.381341769039467
PEX7,9.0,5.381712007299322
PUB1,53.0,5.381916682997494
LSP1,3.0,5.382016317839848
FTR1,51.0,5.382349156741562
UBX3,1.0,5.383280680554375
YPR1,10.0,5.383585193968076
PRO2,16.0,5.383663351563614
SSL2,11.0,5.383789025568434
AFG2,38.0,5.383924213131155
AIM26,0.0,5.383968900289872
YPR127W,67.0,5.384159228134262
POA1,11.0,5.385602642410841
ATG7,70.0,5.38571630400961
RRD1,3.0,5.385727876413991
AGE2,3.0,5.386034262948535
MRP7,1.0,5.3865074528883286
GEM1,29.0,5.387140204556799
ARB1,28.0,5.387652036675881
RRP3,55.0,5.3883990529705965
MRF1,31.0,5.388519835653365
SPR1,18.0,5.388549411025707
GPX1,2.0,5.388797526466984
YNL140C,61.0,5.388886603423289
YPR153W,50.0,5.38931659875085
ALY2,4.0,5.389370325878754
MRPS17,66.0,5.389430770696252
YBR196C-A,61.0,5.390887907768577
COS10,15.0,5.390991207827181
SNQ2,68.0,5.391140322117195
YCR087C-A,68.0,5.391455923276146
MRP13,57.0,5.391735021785871
SLG1,21.0,5.3918202763500185
PPM1,6.0,5.392499048896638
ELP2,41.0,5.392614765721507
NUP85,42.0,5.392773473468327
OM45,5.0,5.3928371221195475
HAP3,35.0,5.393706333410514
YOL120C,32.0,5.39411281122798
SUA7,68.0,5.394128521412902
FSH1,18.0,5.394503531200451
NOP19,25.0,5.394717319270871
YIL002W-A,8.0,5.395027421830933
GSP1,40.0,5.3967628386146576
APL2,1.0,5.396898453380147
YOR034C-A,2.0,5.397465804214697
NAR1,16.0,5.397535292820908
ATX1,73.0,5.397648487409875
POP2,11.0,5.3978044105188205
LIP1,38.0,5.398646191168492
FPK1,71.0,5.398990193191784
MRS3,18.0,5.399505927679826
DPB4,49.0,5.399513505256071
GPH1,8.0,5.399560652466901
FRT1,58.0,5.401948657195614
EGD2,69.0,5.401955409008047
URB2,41.0,5.401987390066469
ALO1,13.0,5.403789438047396
RSC8,51.0,5.405091182938218
YHL012W,25.0,5.4051654430035505
SRD1,14.0,5.406096677958779
DBP3,45.0,5.406103186554944
FUN12,35.0,5.406576419660338
CPR4,52.0,5.406623411834736
GIP4,67.0,5.406628290194787
YOR292C,8.0,5.406817210042984
NCS2,41.0,5.407216168058302
YOS1,50.0,5.4073958277388146
YHL015W-A,44.0,5.407546699367592
RPS17A,4.0,5.408066249738201
MDM34,4.0,5.408188288992626
SPO14,68.0,5.408396260438891
MRP17,63.0,5.409063267015515
CIT1,18.0,5.409091161369257
PSP1,3.0,5.40988395376213
RPL21B,65.0,5.410119295413143
YTM1,39.0,5.410175580411326
SSF2,41.0,5.410541905838475
JHD2,22.0,5.410856696147435
OXR1,4.0,5.410980524738643
YIL096C,37.0,5.411015248986121
EHD3,41.0,5.411300060713733
MRS2,39.0,5.411651209891646
APT1,51.0,5.412097212668092
RPL2A /// RPL2B,32.0,5.412295703327289
SMI1,40.0,5.412741208693996
SXM1,35.0,5.413117199827417
SAK1,45.0,5.413756090011472
snR77,62.0,5.41404807423907
HLR1,20.0,5.414122539892889
RPS25A,2.0,5.414445817885135
COX5B,11.0,5.414723369611989
YCR050C,51.0,5.415166497632511
EDC1,65.0,5.416233536889921
TMN2,65.0,5.416350659316572
SHG1,5.0,5.416532614089409
SSZ1,38.0,5.4167663735122495
VPS73,73.0,5.416981211654477
GCN3,21.0,5.417698262228242
YND1,38.0,5.417928319619008
YIL152W,39.0,5.417944563928213
GSF2,73.0,5.418733907841725
USO1,34.0,5.41924314576933
MET6,45.0,5.419635666184086
CDC36,64.0,5.420401575527046
ESC1,5.0,5.420412325362624
YCR022C,1.0,5.420460489601144
TOM22,16.0,5.4208170509960265
YHR022C-A,71.0,5.420962426043532
GSY1,71.0,5.421077515217276
ALR1,11.0,5.421125051072835
GOR1,11.0,5.421285359388689
RRB1,39.0,5.4218535728596216
RPL34A,60.0,5.422211683791052
SEN1,33.0,5.422288808354832
SHU1,32.0,5.422291602947199
YGR093W,41.0,5.422414736493713
SSB1,35.0,5.422985253501173
SUP35,41.0,5.42483082739311
YMR315W-A,33.0,5.425329158482374
AAD3,18.0,5.426446131032258
BUD20,70.0,5.426908944091345
LSM6,15.0,5.42713848021968
EMI2,4.0,5.427207433471673
RME2,39.0,5.429718103503296
UPS3,16.0,5.430088190198812
MMF1,55.0,5.43019373506973
MSA2,20.0,5.430196190186758
TRE2,10.0,5.430336314241499
HUB1,41.0,5.430643036926114
OMA1,15.0,5.43225578970287
"DUR1,2",9.0,5.433734541977127
SAL1,46.0,5.433870011454848
GTR2,55.0,5.433943069981598
ECM3,21.0,5.433956873029553
RPS14B,35.0,5.434085766977176
YBL029W,12.0,5.434380102622428
SQT1,25.0,5.434525237749789
YLR410W-B,16.0,5.434741734481176
YDL218W,16.0,5.435056783038096
YHR033W,26.0,5.435381554004956
ALY1,63.0,5.4356156583203346
NPA3,59.0,5.435936416336904
ATS1,27.0,5.436241740099298
SAM50,6.0,5.4373936336416895
RPL39,63.0,5.437587682176661
RRG1,65.0,5.4382492282456925
RSC9,43.0,5.439500125724237
MON2,0.0,5.440782389705462
SKG1,10.0,5.440968379974769
DIA2,34.0,5.441313192516259
AST2,29.0,5.441994664396907
EMP47,3.0,5.442090565463334
FMP52,0.0,5.4421727303996565
MOH1,9.0,5.443117385840859
TTI2,17.0,5.443701711599579
CDH1,66.0,5.443729688760016
DGR2,6.0,5.443817076664635
NAM7,32.0,5.444035525758131
CTR9,47.0,5.444602578504279
RRP9,38.0,5.444638606991547
BAT2,18.0,5.444906076232086
ARP2,5.0,5.445110320225552
YLR264C-A,43.0,5.445498468373098
CMC2,1.0,5.44587400517978
YOR012W,36.0,5.445968057576025
RPL24A,65.0,5.445988034962118
YDR007W,7.0,5.446056824953748
IMP4,54.0,5.447104290933463
AFI1,54.0,5.4472415111448
YPR195C,12.0,5.44753418439792
YPT35,6.0,5.447657504343631
UBX2,10.0,5.447844209241122
MRPL20,4.0,5.448485760094848
SFT1,64.0,5.448917120551249
SEC27,46.0,5.449162499103239
SSN8,72.0,5.449198701894232
KAP120,16.0,5.4494111811068
AAR2,1.0,5.449574034449581
NPR2,6.0,5.4496111688025035
TSR4,39.0,5.450519629783565
YIL148W,2.0,5.451762431995508
TRM12,9.0,5.452703652527626
GIS4,52.0,5.45340631384487
RPS9B,56.0,5.454146026418376
CUL3,64.0,5.454233337830443
ERG27,7.0,5.454489825782624
YMR317W,55.0,5.4548970479500944
MRPL27,70.0,5.455092858814438
YBR181C,62.0,5.455694026371369
YLR419W,48.0,5.456582102866658
MOS2,2.0,5.456834618455155
PPG1,9.0,5.456983833812402
BUD6,31.0,5.4572827707073595
STP4,60.0,5.4577234205127185
FMP33,4.0,5.457950809281049
YBL005W-B,41.0,5.4579716653550765
RKR1,1.0,5.458286367785716
RPA34,68.0,5.458705501368667
ZPR1,26.0,5.458914312652904
PAB1,32.0,5.459328584296651
RCM1,37.0,5.460108150344713
YIL046W-A,64.0,5.460254242573874
RPL21A,71.0,5.461319981491534
GIM5,71.0,5.462271953272986
MRL1,73.0,5.462588502413889
TRM5,41.0,5.462936381702247
CMC1,72.0,5.463292437468196
SHM1,28.0,5.463301635542915
RPS25B,55.0,5.463388652726149
RPL11A,70.0,5.463564126844566
SCH9,52.0,5.463658493049856
RTC6,7.0,5.463866524369707
YLR287C,48.0,5.463975292280812
RFC2,9.0,5.464699756897374
CCC2,54.0,5.466261049170467
snR71,54.0,5.4665183953878795
SKN7,34.0,5.466844725233683
YMR087W,8.0,5.466854294719728
PTC3,53.0,5.466930499662497
NUP157,47.0,5.467059885841083
HSE1,2.0,5.467387065257697
CWC23,43.0,5.4674448860416085
NOP14,51.0,5.467790390600899
DUF1,1.0,5.467875296098197
AVT4,2.0,5.468372529928441
STF2,4.0,5.468454702871963
GLT1,17.0,5.4685638008429285
CAF130,46.0,5.468922069115206
SCM3,13.0,5.470062739890983
NPR3,37.0,5.470341238467281
DEG1,66.0,5.470693512132456
RRT13,5.0,5.471317282599688
SCY1,49.0,5.4715506548901995
PXR1,43.0,5.472009633893578
YMR230W-A,20.0,5.472678915788888
SAS10,38.0,5.472937252651581
COG4,37.0,5.47298193001957
HCA4,40.0,5.473664916780841
YGR127W,5.0,5.473903608182083
YPL283C,19.0,5.474054562590367
SOG2,57.0,5.474215942235938
snR39,66.0,5.4742555609944406
RPP1A,61.0,5.475002424031996
SMX2,71.0,5.475696678554356
RSM26,4.0,5.475699210231414
FAT1,22.0,5.475949760236687
KRE5,73.0,5.476289444394566
CNS1,38.0,5.476380429398162
CYC1,22.0,5.476602301861554
YOR376W-A,69.0,5.476921847345902
UFD2,65.0,5.477198437657911
MNP1,44.0,5.478664988848791
CYC3,0.0,5.478884734317153
RPR2,69.0,5.479247684821886
YVH1,43.0,5.479297418366433
POP1,40.0,5.4817488453878385
BSC5,21.0,5.482757680945561
GCN4,32.0,5.48296802793782
COX14,3.0,5.484434166483889
BAT1,13.0,5.484712500338974
MTR2,2.0,5.4850514683107665
snR47,68.0,5.485165858857633
PAN3,50.0,5.485771235620672
snR41,4.0,5.48584993062055
YIA6,3.0,5.486051492141375
ADE16,73.0,5.486088008721512
MAK16,56.0,5.487344933994418
RPL23A /// RPL23B,49.0,5.487356722451231
CDC4,30.0,5.487382949679254
SIN4,2.0,5.488245018471291
GIS2,21.0,5.488362090456561
MYO4,21.0,5.488583076729026
VBA2,71.0,5.489109027529019
SPC2,44.0,5.489578394394088
UBC4,41.0,5.490311846812295
ARF1,51.0,5.491043136682578
GID7,2.0,5.491108749318272
YNL217W,2.0,5.491138585404234
ILV6,21.0,5.49115041662999
NCE101,47.0,5.491155987910556
FIT3,55.0,5.49126247533397
CAF16,7.0,5.491345298207589
MDS3,13.0,5.491349027273513
YIL086C,12.0,5.491534330638756
CIA2,12.0,5.491568013571229
YGR066C,12.0,5.491696250745727
YPD1,59.0,5.492543055925387
LTV1,42.0,5.4929303460126775
IMG1,24.0,5.493244691094448
YOL038C-A,68.0,5.493804923649658
CIS1,54.0,5.494168929885069
RPN14,6.0,5.494396955918264
YJR111C,14.0,5.494716464035593
MSK1,4.0,5.4949565749298035
TSR1,42.0,5.495509812040437
RPB10,19.0,5.495511456132005
ERG20,14.0,5.495648092944611
SNA4,5.0,5.4957787229272075
DAL2,73.0,5.496343582212678
YDR209C,66.0,5.496564507519947
YPR003C,72.0,5.496729266881984
ATX2,39.0,5.498802768183314
YGR118W,33.0,5.498913415571311
DCI1,52.0,5.499422498257472
COX16,14.0,5.499621148259192
YEL033W,16.0,5.500400681867412
YKR018C,6.0,5.500454193258438
YPL247C,3.0,5.500711485216557
VMA1,4.0,5.50102322736061
RPL40A /// RPL40B,73.0,5.5013432082536315
PSY4,33.0,5.5019012592739305
YBL039W-B,1.0,5.502213658337898
PIR3,9.0,5.5024645215431
YBR201C-A,62.0,5.503026782802339
DBP1,6.0,5.503082407478678
FAB1,47.0,5.503940196107647
KEX2,40.0,5.504679244187161
GAL3,13.0,5.505053665388791
MED11,67.0,5.505486031034513
DOP1,1.0,5.505790046618355
YLL053C,63.0,5.506658685188134
PGM3,54.0,5.5090234241740434
PDC5,13.0,5.510880430902275
ZTA1,5.0,5.511131663116956
ELO1,19.0,5.511163621175317
ECM1,47.0,5.51129136693851
GAS2,26.0,5.511464262548323
YNL097C-B,43.0,5.512369201430339
NDI1,0.0,5.512461309618593
NUT1,48.0,5.51264707968968
KIN2,71.0,5.512956030073195
YGR164W,46.0,5.513940251101804
SDP1,5.0,5.5145961972802215
DAL82,0.0,5.514991670202977
MSS2,71.0,5.515149618214128
SWF1,21.0,5.515154030712673
VPS15,73.0,5.515439425552507
ATG36,15.0,5.515656800547458
ECM22,59.0,5.515966896413379
PHM6,29.0,5.516681964821641
YIL102C-A,37.0,5.516824933757897
DFR1,28.0,5.519085664930417
TSC13,71.0,5.519920857544865
YHL008C,0.0,5.520186413195268
DPS1,14.0,5.521432266354017
YOR182C,0.0,5.52150265395482
RPC82,50.0,5.521603234399749
TNA1,72.0,5.521625602569845
SOL3,14.0,5.522455996149242
AIM7,3.0,5.52255626904669
RMT2,37.0,5.522805203432883
YMR206W,7.0,5.523077468985623
YPC1,0.0,5.5231158464008505
ERO1,14.0,5.523574651729402
SNU71,0.0,5.5238286500763705
TIM54,66.0,5.524210203510478
snR69,33.0,5.525345152998485
AIM18,12.0,5.525482833127139
LDB7,5.0,5.526856827502789
GPT2,3.0,5.528764025844016
VHS2,51.0,5.52887564261534
FMP16,5.0,5.529073059831705
RAD6,3.0,5.5293064223111665
RNR2,28.0,5.530384122592712
CLG1,27.0,5.5306593625974685
CAT5,56.0,5.532786144359674
GSH2,69.0,5.532979748966873
PIK1,4.0,5.533198532105827
PPM2,38.0,5.533386200056295
PFF1,17.0,5.533494306312665
YHR213W-A,48.0,5.53430084594046
TIM8,71.0,5.534469815752813
NEM1,70.0,5.534897712520341
RRP5,43.0,5.535771515445996
YBR196C-B,49.0,5.535961410282667
SUI2,36.0,5.536125151751491
RPA190,37.0,5.536250405743484
UBI4,4.0,5.53629037208496
KRE29,15.0,5.536440785281356
YIP3,58.0,5.536767849399047
RIM9,18.0,5.537375592059591
PPZ2,5.0,5.5375748049023095
EBS1,37.0,5.537639629466948
RRP43,66.0,5.53898296771971
DFM1,9.0,5.539219817357063
ROT1,23.0,5.540142752465084
snR30,32.0,5.540214488192246
ENV7,9.0,5.540868380765029
PXA2,3.0,5.541017000649775
YLR290C,62.0,5.541030019459515
YOR394C-A,73.0,5.541108662987071
LSM5,38.0,5.541144896958944
CBP3,73.0,5.5412334379902095
MSS116,64.0,5.5419083594951175
CCA1,73.0,5.542102073240395
PUF6,57.0,5.542885055808773
AVT3,5.0,5.543223116326243
GUA1,34.0,5.543752624582636
GYP5,45.0,5.544766101551259
YOR293C-A,63.0,5.545389162440344
MRPL25,68.0,5.546032979609765
OPY1,37.0,5.546217364943489
RPL11B,51.0,5.546609832556661
UTP13,40.0,5.546626704877621
RPL30,4.0,5.5472418808987145
FMP30,8.0,5.54779509956629
GZF3,69.0,5.548495054498846
THI20,27.0,5.548859670650944
IMP3,42.0,5.550202372739814
YJL127C-B,5.0,5.5503058715625455
SWC7,31.0,5.550716744518729
SVP26,69.0,5.550722144530774
RVB2,72.0,5.55148448990182
YPR117W,72.0,5.552267324164994
MMS21,44.0,5.55237240433708
CTR86,25.0,5.553459644181543
LST4,69.0,5.553564618569621
TRM8,49.0,5.55443595691196
FEN2,72.0,5.5544917008112105
IPP1,28.0,5.556693787070174
snR85,19.0,5.556987198946403
SSS1,33.0,5.5578014317894695
SUP45,35.0,5.558914241398107
SHE10,7.0,5.559564431740111
FRE7,33.0,5.5599041535962535
VPS33,70.0,5.5602779247957494
LSC1,8.0,5.560710440397847
YJL138C,41.0,5.561863392100414
RNT1,20.0,5.562347093537217
UBC5,3.0,5.56238439334939
RDL2,68.0,5.5637347112879345
DEF1,12.0,5.563782666418372
MPP10,49.0,5.564662561783022
PRP43,39.0,5.5648349723788515
COS6,16.0,5.564885696129598
RKI1,19.0,5.565151701414642
YMR160W,3.0,5.565548315561943
YMR221C,31.0,5.565568785826042
ALG1,3.0,5.566219136002896
PDC1,65.0,5.5665087672324995
ZWF1,7.0,5.566620397157134
RDS1,30.0,5.566788915774776
SIR3,59.0,5.567012051339622
YOR161C-C,59.0,5.567049456017055
NEO1,65.0,5.5672921836551055
YFR006W,38.0,5.567636248447076
GSP2,7.0,5.567896651736277
UBA3,2.0,5.567948818062446
PWP1,40.0,5.568068177823581
BAP2,46.0,5.5684281397184545
YLL016W,14.0,5.568841227692685
ATG19,4.0,5.569434468648925
ARX1,37.0,5.5695110589861745
YDR161W,52.0,5.571518504858172
RAT1,49.0,5.572489890745547
SPP381,69.0,5.57334115102384
CHK1,7.0,5.573880749387791
YOR381W-A,67.0,5.574654449514742
IGD1,73.0,5.5747444389864045
MEX67,52.0,5.574778335619162
FAA4,63.0,5.577237208135319
RRT6,14.0,5.577252013365367
SUA5,46.0,5.578658195198471
NUG1,41.0,5.579064773756561
CDC40,41.0,5.579460927836579
APE1,9.0,5.579775841036008
snR86,73.0,5.580295573268079
TDA8,15.0,5.58040223989305
ATC1,26.0,5.5811529352967035
RTC4,50.0,5.581244698720285
GPA2,3.0,5.581491179286011
ISC10,56.0,5.582628643604384
PEP4,7.0,5.583111281784357
HXK2,17.0,5.5845897615021185
YIL156W-B,3.0,5.5850439902385585
PRS4,17.0,5.5855852462119016
YAL064W,13.0,5.5859126062359845
VMA21,49.0,5.5864455636916395
SOL4,3.0,5.586650941846663
SAM2,38.0,5.586979474589482
HMG2,6.0,5.587194517550531
YDR034C-D,16.0,5.5872011673619255
PML1,64.0,5.587207268908099
ACF2,61.0,5.587592882436722
TMA20,49.0,5.587786104035152
MAG2,65.0,5.588162041402682
CDC25,54.0,5.5883128751737186
ASG1,45.0,5.589766370554048
YER145C-A,51.0,5.590062162196981
YPL277C,15.0,5.590263002139567
SAS5,44.0,5.590318399492104
ARC19,9.0,5.590496596370537
SWM2,72.0,5.590515439813347
RPL32,44.0,5.5908793887289
YRA1,3.0,5.591203767085855
PIB2,34.0,5.591364746191316
SKP2,11.0,5.592043974116628
MMP1,49.0,5.592152554700046
JSN1,2.0,5.592214756882971
CIC1,42.0,5.5926217806729825
YOL073C,1.0,5.593107893401922
PKH3,68.0,5.594041761690018
SHR3,66.0,5.595196499065474
YKL077W,29.0,5.596082922774894
MFM1,62.0,5.596941747736905
GCN20,3.0,5.597027576467095
MRE11,17.0,5.597151825115045
PKH1,8.0,5.59740142142753
UFD4,69.0,5.597583842140208
NUP82,25.0,5.597733028929943
LST7,10.0,5.598135421517692
RRP14,1.0,5.598748029298984
YPL113C,33.0,5.598872204926252
CTF8,29.0,5.599604683051121
CCZ1,46.0,5.599808396985232
HSP26,13.0,5.600232685136722
YCL001W-B,62.0,5.60087451910407
ARO10,20.0,5.60112478591854
PMC1,1.0,5.601179550808901
YDR132C,0.0,5.601563072999058
GYL1,61.0,5.602189881893823
CAB1,13.0,5.602634089389707
TDA1,62.0,5.6033508185992424
TOM6,40.0,5.603598116879111
TEN1,8.0,5.606361799210796
LEU2,6.0,5.606592073973625
YNL277W-A,38.0,5.607301388989321
TSC11,55.0,5.60776018272607
YDL206W,9.0,5.607768232005334
KTI12,33.0,5.607795151487329
AFT2,55.0,5.607837226691863
GUT1,2.0,5.608558781318526
LAG2,5.0,5.608692913208957
NFS1,8.0,5.608910714599233
snR87,47.0,5.609146870341055
GLY1,22.0,5.6091762084846986
YGR161C-D,21.0,5.61118762763853
APC5,11.0,5.611811443771415
DBP6,43.0,5.611908585375965
ATO3,19.0,5.612351387280084
PAU23,58.0,5.613923967090016
VPS34,72.0,5.614217777415055
ECM2,63.0,5.614336101057582
YBT1,31.0,5.614541623918758
EEB1,7.0,5.614566402284484
PTR3,35.0,5.616387451746969
RLI1,40.0,5.616496260806487
YNL184C,40.0,5.617334957871155
PGM2,2.0,5.617409327183174
YNR075C-A,22.0,5.617412407566723
ENO1,0.0,5.617668940677056
TIF4631,44.0,5.61893115247139
CHS7,8.0,5.619691003376107
ARP3,7.0,5.620243295479558
LHS1,18.0,5.621815819111054
FRA2,29.0,5.621881225984976
YCR101C,3.0,5.62212064747575
YHR055C,13.0,5.62225057368155
YHR053C,13.0,5.62225057368155
VHC1,6.0,5.622591922789248
RRT15,17.0,5.622874081772398
PPH21,1.0,5.62307441249734
YDR415C,5.0,5.623252225924433
RPA135,37.0,5.623280677916798
SBH2,14.0,5.623339555543598
PMR1,12.0,5.623348676498035
SRP1,23.0,5.623514602794803
STE20,30.0,5.623766433112919
RPS7A,51.0,5.624329888028439
YPR080W,24.0,5.624552113059555
FUI1,65.0,5.624853765716026
FSF1,26.0,5.625978791888965
MER1,73.0,5.626546417217247
YDR170W-A,9.0,5.626592297766748
SDA1,41.0,5.628208202166062
PCK1,15.0,5.629181548652867
ART5,67.0,5.629208771949845
GVP36,8.0,5.629771827123585
YEL020C,0.0,5.630533750698584
KSS1,29.0,5.630543390737908
FOX2,9.0,5.631155419036371
YBR287W,1.0,5.6330466356971325
LHP1,39.0,5.633409828687906
TMA7,66.0,5.635014002506752
CDC33,71.0,5.636707868104557
COG7,3.0,5.636716501932088
RRP4,48.0,5.63679867858335
ELP4,34.0,5.638250115140688
YIL105W-A,2.0,5.638266554178408
REC102,71.0,5.63838302527846
BRL1,34.0,5.638912390423202
YOL155W-A,6.0,5.640181442900481
PTI1,48.0,5.64021218657242
YPR089W,48.0,5.6409060704531395
IRS4,36.0,5.640932747277297
VIP1,57.0,5.643192806735139
TPK2,73.0,5.643503354063215
RIB7,11.0,5.644255473666883
MEI4,42.0,5.644362715839766
MIH1,48.0,5.644751204387204
GLN3,10.0,5.6462689907902766
AIM36,16.0,5.646400331020055
FRS2,12.0,5.646983353973222
BNI1,29.0,5.648064377667013
AIR2,10.0,5.6485646112698165
YBP1,55.0,5.648801941049312
ESBP6,4.0,5.649708377938241
ULP2,52.0,5.64973971052576
PTC4,1.0,5.650207280085498
SSA1,16.0,5.650546373069514
YDR374W-A,33.0,5.6506336390818745
FRS1,38.0,5.65114042796125
RCL1,41.0,5.652134679963334
RAD30,45.0,5.652415756324562
NMA111,46.0,5.652622211278617
YOR342C,14.0,5.652989749722499
UBP13,1.0,5.653806905807622
YJR096W,8.0,5.653861469700232
snR61,8.0,5.654096643192769
AAD4,10.0,5.654227955754968
RPA49,39.0,5.655109714413887
UTP7,39.0,5.65511526876071
SOH1,9.0,5.655261355534845
SNU56,60.0,5.656334952307086
YCL042W,64.0,5.656492764434549
SKO1,18.0,5.65658084599114
SLO1,11.0,5.657290276592848
PAM18,8.0,5.657674428253072
SEC18,15.0,5.658901615256285
UGA1,8.0,5.659312348524513
GCD6,38.0,5.659778432745111
DIS3,47.0,5.660368955505305
RPS22A,47.0,5.6604033076030795
ETS1-1,62.0,5.661829473869882
ETS1-2,62.0,5.661829473869882
ASI1,70.0,5.661958189163117
RBK1,70.0,5.663045288502031
IRE1,4.0,5.664156904097386
DGA1,18.0,5.664892975861779
RSE1,56.0,5.66540028804446
YGK3,42.0,5.666322811695306
RPS26A,1.0,5.66665904095316
CYS4,40.0,5.66674858871829
TIM10,49.0,5.66714140518466
TUL1,3.0,5.66732588431864
GPI17,42.0,5.667523792221577
DCG1,51.0,5.6679080984891925
URA1,73.0,5.669873785735644
YDR119W-A,1.0,5.669937054191746
ECM5,50.0,5.670211026826863
RTG1,3.0,5.670821937162054
CDC60,28.0,5.671206428109266
NSE5,58.0,5.671365843570145
YHL049C,37.0,5.672153642167877
ARK1,5.0,5.672875433908005
SET6,4.0,5.6738742146872045
YCR100C,12.0,5.6742879268724895
YNR062C,16.0,5.674401505509073
UTP5,33.0,5.674585933441524
AVT5,5.0,5.674625629740982
WAR1,3.0,5.674657650642262
AHP1,32.0,5.675236800092942
TES1,4.0,5.67614470250453
DPH6,68.0,5.676269530667293
YPL119C-A,23.0,5.6766872959114085
ERG13,17.0,5.677472828823773
BUL1,22.0,5.677620714298626
DMC1,8.0,5.677969582951823
LSM12,4.0,5.6784240810230875
SYO1,42.0,5.678872851319076
YAL037C-A,29.0,5.6798028239831275
NTF2,64.0,5.679898705388778
TSR2,6.0,5.680320432192158
PDI1,5.0,5.680640727563756
YLR125W,7.0,5.680948711033307
DIP5,13.0,5.68220960033956
YMR090W,9.0,5.683086918723062
RGR1,58.0,5.683370526380073
LYS4,39.0,5.684022478450983
HIS1,20.0,5.684214095899922
YOL075C,23.0,5.6844934115196155
YOL098C,14.0,5.684743891040604
PEP8,6.0,5.687661808538262
FMP21,4.0,5.688202182923779
SRO77,25.0,5.6882315459674615
RPC10,38.0,5.688998288297577
GND2,17.0,5.6896821730499765
YCR016W,67.0,5.689905339999567
PHO91,58.0,5.690590514050201
YPL264C,19.0,5.690840961165885
YER121W,11.0,5.691024496408218
YBL108C-A,29.0,5.691218626093854
POM152,47.0,5.6930375834265305
APE2,7.0,5.69311025948765
RAD3,31.0,5.693503596879287
YAR1,58.0,5.694477522818389
TFB1,2.0,5.69631626666994
RPS23A /// RPS23B,46.0,5.69662858122794
RRT8,4.0,5.696935526704667
THR1,22.0,5.697037131349048
AAP1,8.0,5.697492368984152
MIG3,9.0,5.69845264749209
SPB4,56.0,5.699031657073721
YHI9,17.0,5.6992336815018465
YGR126W,5.0,5.699499862689002
ECM16,36.0,5.699708495240181
YNL234W,16.0,5.7001557296616125
YLR040C,65.0,5.700657107858796
NAF1,30.0,5.7010076106779515
YOL118C,3.0,5.702442881703415
UBC11,10.0,5.702443551208266
RAD18,1.0,5.702723327483813
MNR2,3.0,5.703386074644802
AAH1,44.0,5.703822245487833
GRX7,48.0,5.70496573729234
FAR1,72.0,5.7054238532003545
YBL100W-C,73.0,5.705662191287542
NTH2,7.0,5.705946544769577
MBA1,37.0,5.706652559728933
YOR365C,28.0,5.707026172503706
MSD1,65.0,5.7072807629004565
PSY2,16.0,5.707648295187706
ERG12,16.0,5.70941383977287
ANR2,54.0,5.710777284809964
ATG18,13.0,5.710845656194902
KRE2,8.0,5.711491222571506
PET9,72.0,5.713062603227227
EAR1,39.0,5.713605061257124
NTG1,5.0,5.713824313282502
URA7,37.0,5.716098443266821
SBE2,53.0,5.716570369005678
MTC5,72.0,5.7167718861861045
PEX15,68.0,5.71696041187897
HXK1,6.0,5.7180872017329705
ATP10,44.0,5.718226412234794
AQY2,66.0,5.718569272692514
TFS1,9.0,5.71860789328158
BIT2,27.0,5.718766765025957
OXP1,30.0,5.718839107624726
UBP8,26.0,5.71939362130621
YBR096W,9.0,5.719483432163847
CTL1,34.0,5.71996153569714
RPS27B,34.0,5.720041516191105
PET20,1.0,5.720266435082258
YAR020C,14.0,5.720409120259711
BSC2,52.0,5.720495413204197
YGR054W,46.0,5.721318595055868
RPL34B,58.0,5.722609524747061
APC11,36.0,5.723322981442734
LYS14,18.0,5.724298307794316
YHR112C,14.0,5.724947130547918
YNL200C,8.0,5.7250895849112435
RIM13,5.0,5.726000329178607
YSY6,42.0,5.726263504473696
MET30,37.0,5.726308325002734
ARE2,8.0,5.726651054087877
YIR020C,8.0,5.726773969932083
YNR076W,17.0,5.726856952226889
PKP2,6.0,5.727386492218571
FIT2,58.0,5.727759053334932
YER079W,4.0,5.728097395952511
RPL43A /// RPL43B,44.0,5.728720781131551
YDL184C,41.0,5.7287499539368225
HPR1,7.0,5.728822573849568
SOK1,14.0,5.729244888405212
YLR035C-A,10.0,5.730143749927657
YNL054W-A,66.0,5.730709480357024
ATG11,9.0,5.731409059710867
CRM1,15.0,5.731962696739795
THR4,25.0,5.732304510925607
OAC1,16.0,5.732762753627683
DCN1,6.0,5.733494937584089
YLR312C,0.0,5.733840513848813
SAF1,6.0,5.734071126538033
MAK5,36.0,5.735323619542803
CFD1,31.0,5.736550310610671
YML108W,67.0,5.737707118950832
YLR225C,68.0,5.738529777864568
LCB5,35.0,5.738570521468191
HBT1,8.0,5.739244231590533
ATG27,20.0,5.740443128405636
URA4,67.0,5.740646832474647
COX23,41.0,5.741240179061231
URK1,37.0,5.742347080004245
snR80,68.0,5.743421727775756
YME1,8.0,5.7443552739623485
YJR107W,2.0,5.744777728848791
YNR063W,25.0,5.745078866559446
TIM12,31.0,5.745721798679092
ERB1,41.0,5.7463863981622
ENA5,39.0,5.746528512087287
YPR014C,8.0,5.748025855274807
LOS1,41.0,5.748655154369599
YGR117C,4.0,5.748737684707682
DAL1,1.0,5.748754713057575
YKL033W-A,11.0,5.7492168839632525
NNT1,12.0,5.750289465220124
RHR2,18.0,5.750322334088657
VTC1,60.0,5.751366859965923
SME1,53.0,5.751445235783673
SOK2,40.0,5.751587257033317
USV1,15.0,5.751954187328235
MRPL23,66.0,5.752041527132972
CUP9,58.0,5.7523356973559885
MOB2,42.0,5.752464251715799
RRP12,37.0,5.753142744543347
snR74,14.0,5.753652104655428
AIM21,13.0,5.755309937081143
AAD6,12.0,5.75564295455227
YJR154W,16.0,5.757048958138716
ERG2,12.0,5.758321860037188
GCD11,40.0,5.758474079171195
YFR020W,2.0,5.7588487345387955
ATG32,16.0,5.760088139827715
LEU9,29.0,5.76010125633362
KIC1,58.0,5.76039618874936
PTA1,69.0,5.761035366330749
LCB4,57.0,5.761246842980692
DPH2,41.0,5.761305981474996
MOT3,53.0,5.761633163524365
ROM2,16.0,5.7618234719261325
HSP12,19.0,5.762572801676304
MPT5,15.0,5.7625965963903
PEX28,2.0,5.762604785103868
snR59,66.0,5.763350454590902
UBP15,3.0,5.763427406147302
YGR292W,9.0,5.763739401276581
ZRG17,61.0,5.764196502371091
ECM14,12.0,5.765619198837527
snR78,59.0,5.7661833811376315
THI22,33.0,5.766784630765166
RPC40,39.0,5.767011660151652
NUP84,54.0,5.7677529317884275
MNE1,59.0,5.768124191765534
YMR310C,38.0,5.768371193945977
PRY1,15.0,5.769154227887731
LYS21,18.0,5.769850343573676
YMR134W,29.0,5.770255544728683
snR73,25.0,5.770256178758796
ADY3,8.0,5.770948384866662
GDE1,9.0,5.771121432637251
AYT1,18.0,5.771718316570785
VBA1,7.0,5.771883289758817
PDC2,23.0,5.7731912157032585
COX15,69.0,5.773611555698748
NBL1,26.0,5.7747892795439695
BAS1,65.0,5.775216566265536
RDI1,7.0,5.775364695308378
RIO1,53.0,5.775876210754047
ATG29,4.0,5.777472512635684
ARO8,15.0,5.778361640181424
RSN1,9.0,5.778855878572233
HSV2,3.0,5.77936719897858
KAP104,46.0,5.780776556387218
YKL091C,5.0,5.7808410808244215
GTT1,12.0,5.782027028327194
GIS3,28.0,5.782102533178024
HMF1,12.0,5.782284119694365
CDC19,70.0,5.782803115051854
CDC15,0.0,5.784124139762788
YOP1,68.0,5.784835994961085
SRB8,64.0,5.7858249266647634
SSM4,25.0,5.785877541660054
snR33,61.0,5.786921830136212
MVP1,68.0,5.787321256370235
YGR266W,11.0,5.787390966881557
SKT5,13.0,5.787777896736084
TKL1,5.0,5.788491184415399
YDR018C,2.0,5.789304547431395
YLR122C,6.0,5.789497367356161
YJL070C,4.0,5.789865856702413
DFG10,4.0,5.791366728083753
YPL109C,5.0,5.792400891935343
SIP5,4.0,5.792704389163738
PRS5,48.0,5.792985530412482
TSL1,1.0,5.793767460235324
CTP1,35.0,5.793823328007307
TRM112,0.0,5.794240386437572
RRN11,41.0,5.794573456642919
HMX1,6.0,5.795649921552629
CDC43,47.0,5.796025782885394
MKT1,24.0,5.796505698283709
BBC1,5.0,5.796908758389626
HOR2,8.0,5.797414075772072
BRE5,19.0,5.797595795010449
CUE1,58.0,5.798851147125986
PFA3,20.0,5.799076336255279
NOP7,41.0,5.799136099626515
RRP46,70.0,5.799678003114239
YHR131C,3.0,5.800029802104207
DBP10,55.0,5.800375908511641
DRE2,73.0,5.804158540374826
SYM1,5.0,5.8043610700402954
snR55,65.0,5.804675236272034
VMA2,9.0,5.80476777010567
ODC2,14.0,5.805310715288827
MRS4,0.0,5.8061659400604775
ARA1,10.0,5.8084020769210944
YMR226C,12.0,5.809722610821467
DDR2,65.0,5.809753350038632
RME3,11.0,5.810498225380233
ELA1,8.0,5.810620880377886
SEC5,59.0,5.811100237003805
ABP140,48.0,5.811513227593994
SPO1,7.0,5.811576451928232
TOD6,34.0,5.811631932939496
YML003W,7.0,5.811789162519779
YJL213W,23.0,5.812014206772439
YGR174W-A,0.0,5.812105199710193
MET2,43.0,5.812246135841709
YNL033W,67.0,5.812609001625671
THI3,34.0,5.813129711300138
SIL1,12.0,5.8138116073975326
UTP20,46.0,5.813926414608853
RGM1,63.0,5.81503411867982
AGC1,6.0,5.815178094676708
ALD2,12.0,5.81542856970304
TOK1,24.0,5.816551379558476
PIP2,5.0,5.819284855410995
ERG9,12.0,5.819567863450154
LDB17,2.0,5.8196952326675175
CCC1,10.0,5.820204838938966
YCL048W-A,14.0,5.8203289539014404
KRE9,25.0,5.82202071024214
YGL258W-A,8.0,5.824061897456911
ERG25,10.0,5.8250060700499695
RRP6,62.0,5.82528385540361
BMS1,39.0,5.82699517887412
snR43,24.0,5.827800816592836
TCD2,63.0,5.829250568211611
SSK1,73.0,5.829656519196402
YFR031C-A,16.0,5.829998450679839
VPS62,7.0,5.830224604996469
NKP1,10.0,5.831224832970261
TRK1,32.0,5.831575206994397
SPC25,47.0,5.832144799872781
RTN2,11.0,5.832253108495579
YGL204C,31.0,5.832471283676202
DOT5,9.0,5.8327339888560585
SNU66,67.0,5.833218085354447
OSH6,6.0,5.83490080696788
YEA4,11.0,5.835477674869333
UBX4,9.0,5.835927609842035
TPO5,0.0,5.83598191471468
YGL036W,62.0,5.836650115297836
STO1,32.0,5.837431841443278
HIP1,26.0,5.838403867178341
YBL095W,3.0,5.838609376217693
SRF1,71.0,5.8395134653774345
snR31,61.0,5.840186745935567
SEC24,61.0,5.840376345347928
COS9,13.0,5.840479243130984
PGA1,55.0,5.840623732276659
ROX1,58.0,5.841560035976606
CHS6,57.0,5.8426000186477385
SMM1,45.0,5.84278267179843
RPL29,4.0,5.843935622122037
TRX2,67.0,5.843971620498202
ERG10,11.0,5.8440734607109786
STP1,19.0,5.846099276209313
MET7,53.0,5.846183208887304
YBR241C,15.0,5.848136527988773
TED1,27.0,5.848924203117194
ACS2,17.0,5.849259779802012
FRE3,59.0,5.849668171539151
PPR1,29.0,5.850848228131692
HOP1,24.0,5.851062499220603
SPE1,24.0,5.852561881042905
IKS1,3.0,5.853532499843746
RPS29B,42.0,5.855465451343885
EFM1,22.0,5.856469588854975
YFL065C,18.0,5.856897078659704
YOR019W,9.0,5.858036771495897
GPN3,70.0,5.858215928273491
PAH1,6.0,5.85936385044759
SNX41,1.0,5.859992086183978
YMC1,20.0,5.861561331526371
YOL162W,11.0,5.862055832603845
YNL162W,49.0,5.863458367235424
TYR1,13.0,5.8646723665546325
FUB1,60.0,5.864844830922876
BDH1,9.0,5.865156067815066
NPT1,3.0,5.866221942346816
SPT23,6.0,5.8667180867884525
DRS1,30.0,5.867208215747913
NOC4,40.0,5.868105337033927
CAB2,16.0,5.868452968930843
snR50,4.0,5.868546723741186
LYS2,16.0,5.868577281701339
IRC4,4.0,5.8688595516395425
VAN1,31.0,5.869728992937492
YIL067C,4.0,5.870036228920972
TRE1,8.0,5.870051066673651
GRC3,42.0,5.871132846836411
PKP1,6.0,5.8716626876723765
STB2,1.0,5.874514609846146
RHO1,58.0,5.875006486867709
DED81,24.0,5.875934707984705
ERG26,11.0,5.876402318731189
GLN4,62.0,5.877096416776652
RIM15,1.0,5.879065985622753
MCA1,9.0,5.8804187293660934
SLP1,23.0,5.880582034724642
SER3,19.0,5.880825564804291
ZRT2,2.0,5.881164405046951
DLD2,20.0,5.881493200497802
CRN1,1.0,5.88155804707225
TRP4,13.0,5.882267803336744
RAM2,13.0,5.882326260301955
TEL1,56.0,5.88247721737708
RET1,0.0,5.882624380180206
CLD1,12.0,5.882820056958963
YJR142W,9.0,5.883619688235321
BRE2,45.0,5.883658224102244
YEL076C,20.0,5.883768678548119
YET1,2.0,5.884062421587319
YGR161W-C,6.0,5.884618895157968
IKI3,35.0,5.885704015908733
RIF2,8.0,5.886066560341348
YMR321C,69.0,5.8861898825753505
DFG16,5.0,5.887443325644741
GPG1,9.0,5.888982347819866
COA3,5.0,5.889579560730855
ANB1,12.0,5.891417330163698
BCK2,7.0,5.891500778058823
GET2,17.0,5.892615336232506
ECM12,4.0,5.892737191306909
AAT2,26.0,5.893842437873902
TMA16,72.0,5.895371843094393
LSB1,4.0,5.895561714313968
FAT3,18.0,5.895811882552842
YAL065C,6.0,5.895863233912261
YPL150W,8.0,5.897721382914925
COX19,67.0,5.898014715236613
USA1,3.0,5.898293152599143
LDB19,51.0,5.898897549339772
NAN1,36.0,5.899661929574754
MTC2,15.0,5.899702159131537
PRK1,7.0,5.9003052026543585
YJR161C,11.0,5.901280216226288
IRC23,21.0,5.902845625565338
YHR007C-A,20.0,5.905641485432199
SWA2,61.0,5.90588547470673
TMA108,6.0,5.908731471896824
PUT2,6.0,5.910802190627945
BXI1,6.0,5.911080260284369
TPC1,3.0,5.912543815027389
SIA1,71.0,5.912683127763017
PPQ1,73.0,5.912856578736931
YMR265C,6.0,5.913259647082165
YKR005C,22.0,5.915349326840583
ASI3,6.0,5.915423192430713
DOA4,67.0,5.916336561076612
NTH1,4.0,5.91855153282857
SDS23,8.0,5.9193894265751075
APE3,16.0,5.919489761836248
YAR023C,10.0,5.919490928839256
YOL159C,13.0,5.91957842325833
NMD3,44.0,5.919968217542398
DML1,57.0,5.920013143785708
YCR090C,60.0,5.921058689375583
YDL109C,30.0,5.921317718254999
ALD5,11.0,5.921422407583527
HPM1,44.0,5.921758641924935
TMT1,9.0,5.9226169825392585
RSF1,4.0,5.922876111396936
RPL26B,40.0,5.923339531946614
CHS5,65.0,5.923514060436236
TTI1,36.0,5.925672025245966
YHL042W,10.0,5.9258668902316
HDA3,45.0,5.926296521483358
YJL163C,72.0,5.927815996121068
GRE3,10.0,5.928513527899697
LIN1,8.0,5.92851827583528
RPS29A,68.0,5.928568738015252
HGH1,23.0,5.929058224129846
GCN2,70.0,5.93077598135741
BMH2,12.0,5.9310941146753615
DPH5,46.0,5.931545954473517
ATG34,8.0,5.9317467402470925
MFG1,0.0,5.932203928562174
PCI8,71.0,5.932677353446518
ARG80,9.0,5.93352753201837
EPL1,73.0,5.933631094995759
MAM3,68.0,5.933721985901068
MPA43,35.0,5.9340574966027955
YDR210W,69.0,5.934503197383152
SPG5,52.0,5.93455161230741
YER074W,49.0,5.934757872091518
SCD5,6.0,5.935341122275811
YEL057C,15.0,5.935800156328174
BRE4,13.0,5.9373107588619245
ERG1,9.0,5.937899833577291
YBR118W,8.0,5.938027637792928
SCW10,23.0,5.938206820643628
YME2,4.0,5.9390505011816135
OM14,8.0,5.940054268411813
TEA1,12.0,5.940449227711984
ARC1,29.0,5.9426371744956
RIB1,1.0,5.94431413453257
MVD1,11.0,5.94572636778332
TGL3,63.0,5.945767240160937
KRS1,25.0,5.946709360328995
MAS1,69.0,5.949480610800861
BTS1,1.0,5.950204372373513
CAT8,18.0,5.950636342696307
VPS27,0.0,5.952049574802561
HIS7,16.0,5.952117839392962
NRG2,0.0,5.952712978663906
snR9,16.0,5.952891647092745
LSB6,71.0,5.954288291289967
HFM1,7.0,5.9566720056623375
RAV1,4.0,5.956837755276884
TRS65,51.0,5.958019786692835
ILV2,21.0,5.958217384402633
YUR1,5.0,5.9591338430636895
TCD1,8.0,5.959819865705714
NMA1,50.0,5.9599876664827125
PTC5,1.0,5.960190317679801
RNR4,6.0,5.96029590882297
HMI1,66.0,5.962916068508956
VRP1,4.0,5.962938585718822
RTG3,12.0,5.963047542128548
YER158C,6.0,5.963363201141273
ASA1,11.0,5.963582807303098
STE2,3.0,5.963899585558221
YNR072W,9.0,5.963935408589509
SSK22,51.0,5.965471358000628
EMC1,39.0,5.967200228461788
SPT14,45.0,5.967576417447002
SIP1,36.0,5.9676062945053046
ERG6,18.0,5.968061980019499
MRPL7,5.0,5.968368136861845
YSP3,13.0,5.968627146556397
RSA1,72.0,5.968717168989979
YJL206C,15.0,5.969096914775271
MAK11,41.0,5.969290386982109
AMD1,2.0,5.969684620254614
MLS1,16.0,5.970101174597028
COX5A,3.0,5.971229406507741
YNL193W,46.0,5.972326612511239
RIM8,43.0,5.972672641374169
SRL3,6.0,5.972936247158732
APL3,58.0,5.9732093796824755
AMD2,6.0,5.973431022356867
PPT1,35.0,5.9738361624710254
RGI1,7.0,5.974963629238625
MON1,64.0,5.975229417923087
RNA170,30.0,5.975825070385894
AVT6,7.0,5.97823436738411
NOP2,47.0,5.978897682670064
MRD1,64.0,5.981751165944371
RTS1,5.0,5.982929224400415
SSY5,3.0,5.982966553707985
EPS1,6.0,5.983330465227829
YNL139C,1.0,5.98415194625169
snR36,24.0,5.985048450924051
TRX1,69.0,5.9858374291590914
YMR173W,11.0,5.98605774757828
LAS17,2.0,5.9872024585432335
snR35,21.0,5.990471983288186
MAL13,7.0,5.991620759356925
ACA1,16.0,5.992165823411957
YIR016W,2.0,5.9929511213140065
KRI1,29.0,5.993198238409115
FZF1,9.0,5.994712182758413
ACO2,31.0,5.994824090274799
YIL165C,9.0,5.99510276147035
ADE12,29.0,5.998516887650892
EDE1,6.0,5.999091533425811
RHO5,1.0,5.999224751614784
MRP1,0.0,6.0001310739340905
GTO1,13.0,6.001386934248688
YOR052C,3.0,6.0026305579333545
YMR103C,0.0,6.003756146402182
PAM1,6.0,6.0041405312611325
YOR343W-B,10.0,6.005120015166442
YKL107W,8.0,6.005928525488361
GPB1,18.0,6.006367257600477
YGR109W-A,53.0,6.007226288374699
JIP5,40.0,6.007336992067812
UTP14,28.0,6.009811454500884
NMD5,51.0,6.01032280687282
CAN1,13.0,6.010645091632039
NCR1,9.0,6.011440981277456
APM4,6.0,6.011622288073778
YLR173W,72.0,6.011703542270354
INO2,15.0,6.012184686485486
ULA1,7.0,6.012225513971989
YPL191C,6.0,6.01304858611046
BNA2,25.0,6.014583275989964
YDR338C,15.0,6.015571747194737
YDR391C,4.0,6.017149123594772
YDL241W,71.0,6.018292636368853
PRS1,41.0,6.01893311380489
PCA1,63.0,6.022361309288821
POX1,19.0,6.022577699476768
GYP8,3.0,6.02376392336212
TRP2,15.0,6.024992436909847
YOR186W,6.0,6.025585685919272
YMR045C,21.0,6.026699988306711
RIA1,45.0,6.027148767462142
MRI1,71.0,6.027463641153857
TRM2,43.0,6.029550847404109
FLO10,9.0,6.02956228338331
SLI1,1.0,6.033534067822806
CTF13,27.0,6.034400058715232
IFH1,31.0,6.034566447774757
LST8,12.0,6.036512178618274
RAD55,7.0,6.037921549897419
GND1,18.0,6.0380983860204465
SFB2,39.0,6.0382226861195285
AGP2,8.0,6.0399135213257615
YGR149W,2.0,6.042132826546082
YDR342C,4.0,6.042694617967886
PBA1,8.0,6.042825857329473
EDC2,3.0,6.043462866930027
NDT80,10.0,6.043756713784656
MMT2,6.0,6.044765148748435
ARO4,20.0,6.045190244044821
CIT3,0.0,6.045229118804986
YGL114W,8.0,6.045355757453437
UBX6,11.0,6.045382499431599
YJR146W,11.0,6.045952098141001
AEP1,71.0,6.046712049568539
MSC3,53.0,6.046925525848543
SCM4,28.0,6.047372043055807
RPS21A,67.0,6.049029567469263
ARG1,18.0,6.052175148584706
YNL092W,4.0,6.0524636872139315
PRM7,8.0,6.052565503135947
YBR299W,11.0,6.052608173733617
YBR085C-A,7.0,6.05402933866698
FMP41,13.0,6.055682669813547
ECM34,13.0,6.056194477245095
UGA3,14.0,6.0570683519168504
SAG1,12.0,6.05721895727934
SLA1,2.0,6.057387190036163
ALG9,33.0,6.058058544553645
COG1,8.0,6.058257984363251
MRK1,4.0,6.05849377849829
GDI1,10.0,6.05972479900707
YAP1802,68.0,6.06018568358479
DCS2,4.0,6.060656494323966
RIP1,4.0,6.061486619344673
YDL027C,8.0,6.062013243437103
TRP5,13.0,6.06349402625546
APA2,6.0,6.0637080941047765
YFR012W-A,28.0,6.065207591992469
YPL220W,9.0,6.065392433619687
HIS2,13.0,6.066630186082457
SAC7,13.0,6.0671031542220515
TPD3,3.0,6.069116319498679
APP1,11.0,6.069405989288917
CSR2,8.0,6.070135498738951
GPI12,8.0,6.07139293850522
ALD6,9.0,6.072467745421157
TPS2,2.0,6.074543159547486
YNL115C,11.0,6.074735759257317
NME1,24.0,6.075034310968625
YPS7,67.0,6.078719971956993
NIT1,8.0,6.079570642341447
IPT1,73.0,6.082197925812806
TPA1,40.0,6.082288445929382
snR161,15.0,6.082532800210221
PUS1,44.0,6.083024239288122
RSA4,40.0,6.0842374397207735
RPO31,41.0,6.084665452274104
PRS3,45.0,6.085132584588014
YMR315W,9.0,6.085164853442479
MHO1,3.0,6.086988314800919
AIM17,3.0,6.088780124231853
FMP46,10.0,6.088902416895013
ENT2,73.0,6.089587228837998
BIT61,0.0,6.090850717316708
LSM4,64.0,6.091461012371032
PYC2,10.0,6.091773486944503
LEU4,15.0,6.09299242544694
DIG2,18.0,6.095667373317482
RCR2,2.0,6.096311999100987
URA10,13.0,6.096842990239588
RIM4,65.0,6.098694309836547
YGL007C-A,55.0,6.10046267635768
COX10,16.0,6.10178299517477
ABP1,8.0,6.102170652854552
SUC2,3.0,6.102352067405146
MST27,73.0,6.103646692358519
YMR124W,69.0,6.103994794905377
HIS3,17.0,6.104103634215306
AGX1,7.0,6.104105002776968
HKR1,39.0,6.108483886753477
ATG8,4.0,6.10868500506572
ATG15,4.0,6.113228860653001
GLC3,1.0,6.113253593371984
ADE4,31.0,6.116722185104811
RDN37-2,66.0,6.118574100162625
DAN4,7.0,6.118826408607548
RPS9A,70.0,6.1202997675282935
DNL4,13.0,6.12088677229832
MAE1,31.0,6.120930434928762
FRT2,4.0,6.1212372763108425
YBR126W-A,6.0,6.12199315546569
TYE7,7.0,6.123472500826763
SAC6,7.0,6.12885728364143
CAT2,12.0,6.129806405400684
RDN37-1,72.0,6.131444757948561
ECM27,6.0,6.132396399469088
XYL2,4.0,6.133367059138219
RGC1,6.0,6.133515411733659
MET10,39.0,6.134209119911557
MRN1,47.0,6.134786846917515
ARO9,21.0,6.137155424154377
PEX34,7.0,6.1377711928353955
YDR262W,12.0,6.13854418067697
GIP3,11.0,6.138905160007548
LAP2,7.0,6.140267528915841
MIG2,71.0,6.14041937349984
EMC4,55.0,6.1405089469372856
ISF1,2.0,6.140942920204542
MTR10,59.0,6.142104192938732
PEX27,7.0,6.144657129737265
LAP3,14.0,6.14523508563517
YBR238C,4.0,6.147393638384522
REG2,3.0,6.149000180761008
LEE1,2.0,6.150558919630257
snR49,9.0,6.150603807273939
YJL016W,14.0,6.15145523895308
PER33,8.0,6.152208796275558
YPR036W-A,11.0,6.152625780085476
YDL057W,4.0,6.153611388451824
AIM14,0.0,6.155129089445119
YPS5,4.0,6.155141754502199
YDL248W,10.0,6.1551524605424905
PCL5,19.0,6.157225308086094
PEX25,66.0,6.157228075729793
CUE4,9.0,6.1608084103176575
TKL2,18.0,6.161357030970986
TAH18,24.0,6.161504911835667
YHR202W,64.0,6.162158374513089
XBP1,73.0,6.1637717425328535
AIM46,5.0,6.164257688775071
YOR302W,15.0,6.167452528719461
YPL229W,18.0,6.167588020891016
KNS1,6.0,6.168241941076995
DSD1,8.0,6.1694148764859404
CAM1,71.0,6.172569519208675
MET14,63.0,6.172707117874491
YDL199C,12.0,6.175353320068235
IML3,13.0,6.1757919567180535
STL1,5.0,6.180515381873421
YGR039W,11.0,6.181211604683868
ROG3,73.0,6.181752468481885
AIM3,4.0,6.1819013175945985
YLR224W,71.0,6.182856858928512
YBL072C,12.0,6.183837871023228
DGK1,38.0,6.184159093580738
MDH2,68.0,6.18432377956355
MSG5,69.0,6.18460614769673
RTN1,14.0,6.185547400187904
ARO3,12.0,6.185678556116344
ERG8,16.0,6.18791744487148
PEP12,1.0,6.188938723906299
YNR073C,72.0,6.189686381428393
YDR343C,6.0,6.193957202743259
GLO1,8.0,6.194733781114803
YJL171C,69.0,6.196473711044316
YFT2,71.0,6.1969002596502785
MET22,14.0,6.198503682381454
YHR138C,6.0,6.201697926132687
ECM38,11.0,6.203216164333179
ADH6,16.0,6.203785536910183
PTC6,8.0,6.20677039276827
YIR007W,6.0,6.208845563742216
YAP1801,9.0,6.214786575409618
snR60,18.0,6.215907701839057
YPK1,73.0,6.216405345046161
RIB5,11.0,6.218388296115956
GDH3,13.0,6.220027728158663
snR42,11.0,6.2204758452614906
snR3,25.0,6.221235070180515
YMR196W,3.0,6.222182682100996
PEX21,18.0,6.222886263103302
COS111,0.0,6.224169405121074
GPD2,8.0,6.22509555058884
TIS11,50.0,6.2258326166640225
YKE4,66.0,6.227996553858457
YEH1,24.0,6.229228399509132
PYK2,4.0,6.231911980428795
SGE1,2.0,6.233810945878849
BIO3,38.0,6.236189881339639
GTT2,12.0,6.236704057510149
SSD1,73.0,6.237133479392837
GPI18,1.0,6.237193600576179
CRT10,32.0,6.238691577225535
CYB5,21.0,6.239465837717721
BSC1,7.0,6.239896569477672
FMP23,12.0,6.243574232805225
YJR149W,16.0,6.243990148710152
NGR1,8.0,6.248296300747765
ITS2-1,10.0,6.249223935664796
ITS2-2,10.0,6.249358472807398
GFA1,5.0,6.250688776103303
snR79,30.0,6.258511862476279
YNR066C,5.0,6.258784974111094
MSN5,2.0,6.259137905651992
YCL020W,69.0,6.262865678119726
SPE4,60.0,6.263858697905484
ERT1,28.0,6.264423521059404
GUD1,6.0,6.264594097306031
GAP1,7.0,6.264810642774778
DAL7,12.0,6.2678671109970505
PAN6,67.0,6.26985267811678
LEU1,24.0,6.271308841568662
MCT1,42.0,6.271572882952359
ARI1,10.0,6.273497466429101
UGX2,5.0,6.27470984347746
HOM2,16.0,6.27553114807942
QDR3,16.0,6.275719384171884
REX3,1.0,6.282419268179919
MET16,69.0,6.283515957137068
AGP1,7.0,6.2842576220888615
NDE1,62.0,6.285527951829891
YFL054C,4.0,6.2870759386577975
ADE6,33.0,6.287453315327696
PGM1,16.0,6.287736400336341
SPO21,22.0,6.2877409557597375
MPC2,13.0,6.2880542193519
YPK2,1.0,6.288413510379589
YCL019W,12.0,6.288683739962179
YJR005C-A,16.0,6.28943181015947
OAZ1,17.0,6.291305374627413
snR10,22.0,6.2977597309412126
"ADE5,7",34.0,6.298492636065273
CHS1,4.0,6.298787137753423
YOL163W,6.0,6.29894460267416
YNR014W,70.0,6.299257400344936
YLR241W,4.0,6.301259838245068
KHA1,68.0,6.302063567698866
FAD1,7.0,6.303280786516081
RTK1,12.0,6.3037852143067
YOL036W,19.0,6.304899909478488
YOR062C,3.0,6.306189713848643
HOS2,0.0,6.31088114147357
APL1,5.0,6.311338370813962
FMP40,11.0,6.313670320634599
SFK1,9.0,6.316762617978739
PEX29,6.0,6.316800230335707
CRC1,13.0,6.318937445945878
MKK1,73.0,6.319181717538731
MSC1,7.0,6.319704445533514
RTC2,7.0,6.320169775527924
HIS5,17.0,6.324705950601121
GTO3,6.0,6.324940474431886
YJL133C-A,14.0,6.326735659491063
YOL107W,69.0,6.328004355646479
snR82,23.0,6.328594668551611
YOR289W,6.0,6.32882839851228
YMR034C,73.0,6.330060277693008
RSP5,6.0,6.330531801035811
GPM2,6.0,6.332850994945408
ARO1,15.0,6.333494031443462
HXT2,6.0,6.33527327399477
MCH1,19.0,6.335633056351901
ADE2,26.0,6.336496389974717
ARA2,15.0,6.336856844734785
ARG2,15.0,6.33765685962991
snR46,26.0,6.337943217147398
snR18,61.0,6.33869833920504
CIR2,9.0,6.339630939216949
YAR035C-A,40.0,6.340263578974049
SMP1,52.0,6.340831341212843
DAL5,23.0,6.3417696416546185
KSP1,3.0,6.34231853643464
ORC5,69.0,6.3428348564987695
WRS1,59.0,6.345551153913106
UGA2,7.0,6.35136596874874
snR7-S,23.0,6.352146184385143
IRA2,4.0,6.3542613316746985
snR4,27.0,6.354838027020851
ASN1,15.0,6.355029199317001
FUN19,71.0,6.355976980034519
PRR2,10.0,6.357299413950487
YFL002W-A,13.0,6.361995234329527
YGR161W-B,13.0,6.361995234329527
HSP104,7.0,6.362078238578076
ECL1,8.0,6.366541817405776
CHS3,14.0,6.3687533072062985
SLA2,8.0,6.369802336880262
GDB1,10.0,6.371908558292702
RDN5-5,67.0,6.37287575645577
RDN5-3,67.0,6.37287575645577
RDN5-4,67.0,6.37287575645577
RDN5-2,67.0,6.37287575645577
ADH5,15.0,6.375111820654654
ERG7,26.0,6.375142811788605
YBR284W,15.0,6.3756688366989485
VID24,16.0,6.375729745230277
BNA3,70.0,6.377508397681353
IDP1,17.0,6.378405848118715
YPL080C,5.0,6.378756263620851
YBR259W,5.0,6.380748030552984
MGR1,10.0,6.3822464108403265
YGR294W,18.0,6.382745590232391
PRB1,4.0,6.384310398129379
GIP2,1.0,6.385717448569546
GIS1,0.0,6.386167172482394
snR5,24.0,6.386234743391894
YDL183C,2.0,6.388307697723659
NHA1,0.0,6.388647986818631
BDS1,9.0,6.391418108951718
SLI15,38.0,6.395493088134985
HFD1,7.0,6.396062719333618
LYS1,15.0,6.396734630081421
DAS1,64.0,6.400413430739043
HER1,11.0,6.400513072125852
UBP5,73.0,6.401622362172568
YNL208W,10.0,6.401718707204055
ATH1,5.0,6.402832901912598
snR83,10.0,6.402837169860653
RPR1,20.0,6.4042934352470615
CYT1,6.0,6.405091847316976
YDR261W-B,12.0,6.406988720997702
YPS6,4.0,6.410787659610279
SNO1,23.0,6.410792149783088
ALD3,7.0,6.412332163865096
FUS3,5.0,6.413963630663396
TMA17,6.0,6.416804160650528
AQY1,4.0,6.417845196475604
ICY2,12.0,6.423127498891372
YHR097C,4.0,6.424648643431495
BDH2,18.0,6.424902530501748
MFA1,7.0,6.4251446624894015
HSP42,5.0,6.4263151574340895
FAA1,10.0,6.427524133079081
POS5,16.0,6.427683338350725
ATR1,19.0,6.4281879479896045
YJR115W,72.0,6.428673364999605
SPO11,11.0,6.429273517256995
RDN58-1,22.0,6.432553606866022
YBL055C,2.0,6.43400744742101
YET2,2.0,6.434183682566526
MTL1,69.0,6.436268562421338
ERG5,9.0,6.437759953302374
CRG1,72.0,6.437890423883737
YFL002W-B,72.0,6.439154526315267
YGR161W-A,72.0,6.439154526315267
SUL1,5.0,6.440074736745595
YPR078C,18.0,6.441491561320788
PFK26,9.0,6.442395317524354
PMD1,4.0,6.444829987241333
snR17b,20.0,6.444916761662646
snR52,6.0,6.450413315407664
MDM32,73.0,6.452743732962019
YTP1,10.0,6.452755024484481
HAP4,71.0,6.455944591722098
STR2,12.0,6.4562451888534875
NAB6,69.0,6.4571383970914225
INP52,0.0,6.457454713091941
YMR084W,6.0,6.4604143262197775
ANT1,68.0,6.462283417971688
ECM4,12.0,6.462441439794615
GCY1,8.0,6.463061328225987
ARG4,11.0,6.463492823590207
SDT1,13.0,6.465935225848393
YOL156W,9.0,6.4682534711958075
YNR071C,17.0,6.471760633478238
VHS1,56.0,6.472360661578192
YNL194C,16.0,6.47476491062065
PFK27,5.0,6.475396424537725
YNR065C,6.0,6.477247335438831
HUA1,4.0,6.480566983530274
snR32,21.0,6.481960348781778
YKR075C,1.0,6.482816417776325
YJL132W,2.0,6.484114143421547
RIM21,5.0,6.484393401303928
ITR1,12.0,6.485405343564078
YNR064C,7.0,6.48557744049792
RCK2,3.0,6.487558418597192
KAR3,41.0,6.488794813314204
snR45,20.0,6.492281336475128
ADE1,31.0,6.494689639510694
YKL183C-A,25.0,6.495185705009571
SDS24,6.0,6.4977134888719315
RDN5-1,23.0,6.4977197616083915
RDN5-6,23.0,6.4977197616083915
PDH1,13.0,6.498023173303326
AGP3,6.0,6.498808394816723
snR191,26.0,6.501737992166941
KDX1,12.0,6.502786004659632
ISA1,23.0,6.503438693996099
DPL1,13.0,6.506395875682949
ZRT1,13.0,6.512958209334577
RDN58-2,22.0,6.513284902318544
YHR212W-A,3.0,6.520101525302232
YGL118C,1.0,6.520555537534506
GGC1,15.0,6.521532619402644
YMR316C-A,2.0,6.521560993367316
PPZ1,27.0,6.523581663565969
PEP5,3.0,6.524347060435519
YGR283C,69.0,6.524795120013011
STP2,69.0,6.526192469818403
ORT1,11.0,6.52624851342981
YIL055C,4.0,6.52829702925056
CRF1,44.0,6.531365541303415
HIS4,16.0,6.532912581417715
RCN1,71.0,6.533352781239856
snR13,25.0,6.538525638326565
SNG1,12.0,6.5390798963370615
TRP3,13.0,6.541496138137856
GRE2,18.0,6.542491915055306
GAT2,2.0,6.544311153278374
"ARG5,6",17.0,6.547457618448396
SNZ1,18.0,6.549825518741748
YLR194C,3.0,6.555315025863421
PYC1,14.0,6.561234609582358
CMP2,5.0,6.56257122008767
ISU1,11.0,6.563471815841624
PLB1,7.0,6.566425080042976
RPH1,72.0,6.569149387097669
YLR152C,9.0,6.570910385568363
AXL1,1.0,6.5713473535826825
PHO90,44.0,6.571715664760682
snR19,21.0,6.574087649402426
FAA2,5.0,6.574878106279914
PDE1,4.0,6.576934828190556
RIM101,73.0,6.578829495029099
YFL051C,5.0,6.580396137750149
STE13,4.0,6.580846701554229
RLM1,57.0,6.581393933126784
Q0158,9.0,6.58141207504733
VHR1,73.0,6.584227100225715
POT1,14.0,6.586848695743033
RRG8,72.0,6.590621154115992
YAP6,71.0,6.590818101098223
HPF1,3.0,6.590984651109395
snR189,24.0,6.591624362301437
PET10,13.0,6.593238512023264
YPT53,2.0,6.59516920782158
CSE2,6.0,6.596513880217012
snR58,2.0,6.600601756657343
ARG7,15.0,6.603810395435371
SPO23,15.0,6.6053322100579885
GPD1,3.0,6.614986381440664
ISC1,5.0,6.616041731806666
MSB3,0.0,6.617723017687112
HMG1,9.0,6.618645759626534
snR8,16.0,6.619035064933991
RTS3,8.0,6.620026634493459
ECM21,5.0,6.62155529864394
YER188W,10.0,6.623726791029655
FMP43,4.0,6.623735709195742
GUT2,4.0,6.6250915721457275
YFL052W,5.0,6.625617972872619
CAR1,9.0,6.626447067441424
HAL5,1.0,6.627421286170991
YBR016W,7.0,6.634085272892261
snR54,28.0,6.636091237664963
INO1,11.0,6.636731669866088
MCH4,13.0,6.6423613940239425
PSR2,67.0,6.643482450648427
PNS1,1.0,6.644571501022271
ADE13,26.0,6.648321376882455
GDH2,10.0,6.657791915945805
CIN5,1.0,6.658361064433294
PCM1,7.0,6.660410905261528
YMR181C,0.0,6.6659840483767825
YMR175W-A,8.0,6.66846182316446
SSH4,5.0,6.668975011910464
TDH1,10.0,6.6701373735883704
LSR1,20.0,6.670910784415713
YLR149C,5.0,6.670920710678699
AIR1,6.0,6.676308931076292
DLD1,13.0,6.677406337556195
snR34,23.0,6.679999470997093
ADY2,4.0,6.6827635122964075
snR128,14.0,6.683586141904883
RGI2,8.0,6.684319088847521
PXA1,5.0,6.687358151369942
snR17a,23.0,6.69122917480417
NRD1,17.0,6.700716289082179
snR37,24.0,6.700741595866347
VPS36,6.0,6.701608282797193
Q0020,24.0,6.703716934541697
RDN25-2,24.0,6.706717908378264
RDN25-1,24.0,6.707781544528124
YKL102C,5.0,6.7150850842837535
YBR225W,2.0,6.718217620248576
STE12,5.0,6.719249600239821
YMR085W,5.0,6.719331260161763
IDP2,7.0,6.71958942137606
AGA2,6.0,6.7212457255707685
ERG11,27.0,6.722139008116733
SUE1,7.0,6.7231508416837515
ASK10,1.0,6.729482244758153
MAL33,5.0,6.729687705217559
ECM13,0.0,6.730532829969278
YLR331C,0.0,6.731165680694402
snR190,24.0,6.732735440633661
YLR157W-D,33.0,6.734271494574517
PUT4,4.0,6.736087286444161
IME4,67.0,6.736131089675575
YGR250C,2.0,6.737843817416957
DFG5,10.0,6.739201697830219
PHD1,4.0,6.7407733912185925
ERG24,6.0,6.742335669986632
CAR2,4.0,6.743307814598446
YGL117W,11.0,6.745541948388894
ATP22,1.0,6.751688707038255
HXT5,5.0,6.753606746489723
SSU1,13.0,6.757299631934948
IML2,3.0,6.75907712568005
RVS161,4.0,6.760227017642888
URA8,13.0,6.763672703895521
HOM3,14.0,6.764820582343014
SST2,4.0,6.768820857708346
YCT1,3.0,6.769238641372487
GSC2,6.0,6.777830351595343
SRY1,7.0,6.779793846875574
PUT1,7.0,6.782628274556534
SCR1,25.0,6.786534001771958
snR6,8.0,6.786566723532953
BTN2,9.0,6.790390036694167
ADE17,31.0,6.792518205218122
ECM7,30.0,6.7931461200218815
YPL152W-A,29.0,6.79462506226847
YGL194C-A,7.0,6.805801656501463
YER160C,3.0,6.813416130995723
TDP1,2.0,6.813916863554108
CEM1,39.0,6.817842312991531
tL(GAG)G,69.0,6.818832294157317
FMS1,6.0,6.825759210783337
YML131W,12.0,6.829250955547848
PRP39,1.0,6.8372319718660215
MNT4,0.0,6.837906897700236
CPA1,11.0,6.838395217852173
tD(GUC)N,14.0,6.83873635225821
YBR296C-A,5.0,6.839593449776367
YLR154W-C,27.0,6.8455258327839426
PMU1,2.0,6.857097795367772
SSE2,4.0,6.859463693861904
PCL2,7.0,6.859703581655908
SPI1,9.0,6.862691135461642
GIP1,12.0,6.862885392525801
YOR338W,12.0,6.865127506958579
YPL088W,5.0,6.8678736242598175
YDR034W-B,7.0,6.869402401317276
RCN2,3.0,6.873301764541179
RTC3,6.0,6.875986848703808
PIN3,3.0,6.876922907952647
DUR3,8.0,6.882215673766807
YKL096C-B,7.0,6.884470253547446
AMS1,6.0,6.8851038409857495
SIP4,15.0,6.886840353529564
CTT1,5.0,6.891696461164097
SSA4,12.0,6.898594924535147
FLC2,13.0,6.900349421916319
YIL108W,7.0,6.90273477201941
ATG5,5.0,6.903013149850342
RDN18-2,27.0,6.905648621795744
PEP1,4.0,6.907260613397988
RDN18-1,27.0,6.9079549687097295
CPA2,12.0,6.909504664095001
VMR1,1.0,6.909615142227545
YOL014W,72.0,6.923329556592927
SHE4,73.0,6.9233819140953985
SUT1,1.0,6.92353444560701
MCH5,68.0,6.930142416414941
NCA3,15.0,6.9310397835424
NCE103,9.0,6.9324621503137305
ORM2,5.0,6.933660735750917
KTR2,1.0,6.935738046070675
RGS2,14.0,6.93932195826947
ALT1,6.0,6.94182904015764
TMA10,5.0,6.946428477782373
GYP7,1.0,6.952293963129667
NDE2,10.0,6.957849842361879
YNL195C,10.0,6.969376740963634
HAL1,3.0,6.977199392945152
ADH2,14.0,6.98056414189691
MSS11,5.0,6.98549330231062
PUN1,3.0,6.990986825720592
SLT2,71.0,7.011009957591957
YPS1,6.0,7.013410831275502
YDR249C,6.0,7.013793880020864
BOP2,12.0,7.028707643378535
DAK2,4.0,7.030165597046968
NQM1,9.0,7.034178356331278
YAT2,13.0,7.03520429347626
RTA1,5.0,7.040427040433847
PRM5,4.0,7.047446442364808
YER184C,2.0,7.054186340555965
YDR040C,8.0,7.059494265961195
AFR1,2.0,7.068457489229719
CYB2,13.0,7.0767329796888125
ALD4,8.0,7.084447127739885
MEP1,6.0,7.091704636226922
MET13,13.0,7.092631059344965
YER187W,5.0,7.0937335618007715
YCR007C,4.0,7.095267237810126
SPG4,7.0,7.103991661342438
HSP30,70.0,7.110889763037995
NGL3,3.0,7.113111256339459
MGA1,3.0,7.114732626100608
CIK1,72.0,7.120953566555739
BOP3,5.0,7.123792962945232
YKL044W,4.0,7.138114021415805
ACS1,10.0,7.146154176605443
YGR109W-B,4.0,7.147521817454635
PHO89,6.0,7.151143479572897
YMR242W-A,39.0,7.158850030299444
MEP2,7.0,7.18854331877908
PTP2,0.0,7.188854148046439
YJL144W,3.0,7.1889727465152164
YIL082W-A,3.0,7.195908496868542
tH(GUG)K,4.0,7.19949952632404
tH(GUG)E1,4.0,7.19949952632404
tH(GUG)G2,4.0,7.19949952632404
tH(GUG)G1,4.0,7.19949952632404
tH(GUG)M,4.0,7.19949952632404
tH(GUG)E2,4.0,7.19949952632404
tH(GUG)H,4.0,7.19949952632404
BAG7,5.0,7.202598443789897
CMK2,2.0,7.214083177074731
YDR124W,3.0,7.221287980599911
ECM18,3.0,7.2237995362650675
PGU1,3.0,7.229150256877105
ATO2,7.0,7.230210915853368
FRE4,7.0,7.230286369969661
YJL136W-A,67.0,7.233497416654739
YDR098C-B,3.0,7.263100502167678
RCR1,1.0,7.264839465481799
YNL042W-B,5.0,7.265911084806817
KAR5,2.0,7.266798484850738
VID28,3.0,7.270904584953684
YBR056W-A,3.0,7.279849190619556
KAR4,3.0,7.2888052642364425
PRM3,4.0,7.292212291541992
FMP45,6.0,7.294517631804111
HYM1,2.0,7.302360870524989
JEN1,8.0,7.30759785974349
YDR034C-C,73.0,7.316391359608906
PUG1,2.0,7.322747575245474
MID2,2.0,7.3309324674702845
DIA1,1.0,7.33172226270082
FIG2,3.0,7.345838810298077
YPR145C-A,1.0,7.353364922536139
AGA1,4.0,7.353845984333934
PRM8,3.0,7.375412197309569
ASG7,3.0,7.376686259005821
PRM2,3.0,7.399460061362777
PRM1,3.0,7.401993300640586
PHM7,3.0,7.40470831537753
FMP48,4.0,7.413121625680687
PRM10,4.0,7.418341716299537
FIG1,3.0,7.4459472068931545
YJL107C,3.0,7.469565348462291
PRM6,3.0,7.473361051609833
YOR343C,3.0,7.4736838427594785
FUS1,3.0,7.48246676457035
PRM4,2.0,7.5087667154385676
YOR385W,0.0,7.537276171372973
FUS2,2.0,7.555611389892371
RCK1,3.0,7.712521035293906
YMR046C,73.0,7.81284021886114
YLR410W-A,73.0,7.81284021886114
YBL005W-A,73.0,7.81284021886114
YJR151W-A,41.0,7.9112074479999155
YCL058W-A,35.0,7.9119083671499535
